{
  "language": "estonia",
  "dataset": "eurospeech",
  "num_samples": 100,
  "metrics": {
    "mse": {
      "mean": 0.024856390911649217,
      "std": 0.011947184159915379,
      "min": 0.004550938155716915,
      "max": 0.06625858905375114,
      "median": 0.022031023567815736
    },
    "snr_db": {
      "mean": -3.784086149024028,
      "std": 1.3178238588671665,
      "min": -9.574029785842493,
      "max": -0.9199007343917881,
      "median": -3.579765255935295
    },
    "sdr_db": {
      "mean": -3.8479596317107916,
      "std": 1.3094089102517272,
      "min": -8.641546671698789,
      "max": -1.0279995673955171,
      "median": -3.653656832810797
    },
    "pesq": {
      "mean": 1.1435279142856598,
      "std": 0.06924994527308861,
      "min": 1.0430048704147339,
      "max": 1.3862797021865845,
      "median": 1.1301670670509338
    },
    "stoi": {
      "mean": 0.7398635364619143,
      "std": 0.059308978367945776,
      "min": 0.2972283643168046,
      "max": 0.8004870026876307,
      "median": 0.7535269944921171
    },
    "estoi": {
      "mean": 0.5452928260231462,
      "std": 0.0716145613469935,
      "min": 0.17759484604164774,
      "max": 0.6613249480701547,
      "median": 0.558760264414016
    }
  },
  "tokens_per_second": {
    "mean": 25.011186240940788,
    "std": 0.020761902799188953
  },
  "compression_ratio": {
    "mean": 639.7142009574209,
    "std": 0.5308340643439134
  }
}