{
  "language": "yue_hant_hk",
  "dataset": "fleurs",
  "num_samples": 100,
  "metrics": {
    "mse": {
      "mean": 0.025553365160028277,
      "std": 0.013986892375661999,
      "min": 0.004935920074052505,
      "max": 0.06663907266446438,
      "median": 0.02310473078746886
    },
    "snr_db": {
      "mean": -3.8732151256495246,
      "std": 1.860808892013083,
      "min": -11.237957339239788,
      "max": -1.2001312403399218,
      "median": -3.655219287480478
    },
    "sdr_db": {
      "mean": -4.060506556730315,
      "std": 2.0922618244226574,
      "min": -11.811515504443777,
      "max": -1.302081015329188,
      "median": -3.7788242515117383
    },
    "pesq": {
      "mean": 1.1760904145240785,
      "std": 0.0801799728637011,
      "min": 1.0466573238372803,
      "max": 1.4237841367721558,
      "median": 1.1637750267982483
    },
    "stoi": {
      "mean": 0.6355329257175404,
      "std": 0.06554213384170084,
      "min": 0.45615362784381785,
      "max": 0.7753242451511115,
      "median": 0.6335431040945381
    },
    "estoi": {
      "mean": 0.45646653726680925,
      "std": 0.07431874735813376,
      "min": 0.2694970210029668,
      "max": 0.6741767889375769,
      "median": 0.44713707460251306
    }
  },
  "tokens_per_second": {
    "mean": 25.01786974692202,
    "std": 0.025555967062963016
  },
  "compression_ratio": {
    "mean": 639.5435277184569,
    "std": 0.6524488430335735
  }
}