{
  "language": "denmark",
  "dataset": "eurospeech",
  "num_samples": 100,
  "metrics": {
    "mse": {
      "mean": 0.01918670921610672,
      "std": 0.005212594248159996,
      "min": 0.008189064147702199,
      "max": 0.04345921052797207,
      "median": 0.018479327409910984
    },
    "snr_db": {
      "mean": -2.3876409050165632,
      "std": 0.7601634073938514,
      "min": -4.512983468073097,
      "max": -1.096992923472703,
      "median": -2.285270237554367
    },
    "sdr_db": {
      "mean": -2.4008650998518264,
      "std": 0.7494379733288251,
      "min": -4.48836054687413,
      "max": -1.017317538857329,
      "median": -2.3109931329289357
    },
    "pesq": {
      "mean": 1.2028679704666139,
      "std": 0.07212499816860646,
      "min": 1.0815927982330322,
      "max": 1.414756178855896,
      "median": 1.1802963018417358
    },
    "stoi": {
      "mean": 0.7716379484823913,
      "std": 0.0475168986064716,
      "min": 0.4613498805454368,
      "max": 0.8374423199564908,
      "median": 0.7792671912250078
    },
    "estoi": {
      "mean": 0.5737439660265948,
      "std": 0.07302511022604521,
      "min": 0.25684487630815367,
      "max": 0.7057460297888157,
      "median": 0.5792906855221409
    }
  },
  "tokens_per_second": {
    "mean": 25.01254777955908,
    "std": 0.020916258939206876
  },
  "compression_ratio": {
    "mean": 639.6793852166285,
    "std": 0.5348152012877059
  }
}