{
  "language": "ko_kr",
  "dataset": "fleurs",
  "num_samples": 100,
  "metrics": {
    "mse": {
      "mean": 0.03201637668878068,
      "std": 0.013596912719630767,
      "min": 0.0025902821186677945,
      "max": 0.06421520100774113,
      "median": 0.030617132296800048
    },
    "snr_db": {
      "mean": -3.6378339598098735,
      "std": 2.4325897359074444,
      "min": -15.278802626428789,
      "max": -1.1379733946393986,
      "median": -3.0656495713358543
    },
    "sdr_db": {
      "mean": -4.020367840445781,
      "std": 3.2101040903325715,
      "min": -18.442296035975644,
      "max": -0.9160753222799576,
      "median": -3.019042486642658
    },
    "pesq": {
      "mean": 1.1929062473773957,
      "std": 0.11249600203550114,
      "min": 1.0458694696426392,
      "max": 1.559554100036621,
      "median": 1.1685742139816284
    },
    "stoi": {
      "mean": 0.6654833465887541,
      "std": 0.10244914790057097,
      "min": 0.32695460969679646,
      "max": 0.8060972770635287,
      "median": 0.6864987754567387
    },
    "estoi": {
      "mean": 0.5169749918583222,
      "std": 0.1258178055792736,
      "min": 0.20685281852537568,
      "max": 0.7372192769684864,
      "median": 0.5110865466169381
    }
  },
  "tokens_per_second": {
    "mean": 25.022226289087627,
    "std": 0.02465275388445087
  },
  "compression_ratio": {
    "mean": 639.4321327371098,
    "std": 0.6296200279302228
  }
}