{
  "language": "hiphop",
  "dataset": "gtzan",
  "num_samples": 25,
  "num_failed": 0,
  "metrics": {
    "mse": {
      "mean": 0.11415675976941415,
      "std": 0.03184605878256224,
      "min": 0.05671282632932591,
      "max": 0.18475261161677475,
      "median": 0.10883753206699877
    },
    "snr_db": {
      "mean": -3.568904092862216,
      "std": 1.0328084411903697,
      "min": -6.0347793493602335,
      "max": -1.5835107430216717,
      "median": -3.4692921540265758
    },
    "sdr_db": {
      "mean": -3.638682122048758,
      "std": 1.1277280830850036,
      "min": -6.669164551775649,
      "max": -1.591942357086903,
      "median": -3.439747924529811
    },
    "pesq": {
      "mean": 1.0344907855987548,
      "std": 0.009709413335258441,
      "min": 1.0254285335540771,
      "max": 1.0733505487442017,
      "median": 1.0314503908157349
    },
    "stoi": {
      "mean": 0.43515059332479855,
      "std": 0.05758122414537829,
      "min": 0.30024641166909005,
      "max": 0.5973028426047176,
      "median": 0.4436246463375812
    },
    "estoi": {
      "mean": 0.28157275199447335,
      "std": 0.05967274823098145,
      "min": 0.15395910632226426,
      "max": 0.44064264117980906,
      "median": 0.2854181740580088
    }
  },
  "tokens_per_second": {
    "mean": 25.02540774720416,
    "std": 0.0048657761911806655
  },
  "compression_ratio": {
    "mean": 881.1045580623758,
    "std": 0.17128430195403985
  }
}