{
  "language": "jazz",
  "dataset": "gtzan",
  "num_samples": 25,
  "metrics": {
    "mse": {
      "mean": 0.029024763246780556,
      "std": 0.012739739008928093,
      "min": 0.010392503673296513,
      "max": 0.058107623291877804,
      "median": 0.024923508666500713
    },
    "snr_db": {
      "mean": -2.788632245072883,
      "std": 1.3280992763150468,
      "min": -5.72102356704036,
      "max": -0.8303142956475024,
      "median": -2.5839879140053785
    },
    "sdr_db": {
      "mean": -2.877852991616935,
      "std": 1.43163431765982,
      "min": -5.909654050558287,
      "max": -0.6872143077320457,
      "median": -2.6478754998768115
    },
    "pesq": {
      "mean": 1.034129056930542,
      "std": 0.01224924713622269,
      "min": 1.018770456314087,
      "max": 1.066003441810608,
      "median": 1.0307726860046387
    },
    "stoi": {
      "mean": 0.3389968010388532,
      "std": 0.08598815172703628,
      "min": 0.19818263720369034,
      "max": 0.5411864254919255,
      "median": 0.32932991128693806
    },
    "estoi": {
      "mean": 0.12893486762021136,
      "std": 0.039048432041672444,
      "min": 0.06544146563921022,
      "max": 0.21018661154081877,
      "median": 0.12455442099081342
    }
  },
  "tokens_per_second": {
    "mean": 25.02221235006664,
    "std": 0.0
  },
  "compression_ratio": {
    "mean": 881.2170439414116,
    "std": 1.1368683772161603e-13
  }
}