{
  "language": "disco",
  "dataset": "gtzan",
  "num_samples": 23,
  "metrics": {
    "mse": {
      "mean": 0.08209498529092263,
      "std": 0.02515255399938724,
      "min": 0.028457854165959084,
      "max": 0.12863917272635503,
      "median": 0.08195674438416041
    },
    "snr_db": {
      "mean": -3.5066919226084208,
      "std": 1.460106198208405,
      "min": -6.703045027957511,
      "max": -1.0884847000601954,
      "median": -2.988909742556227
    },
    "sdr_db": {
      "mean": -3.4279067137821007,
      "std": 1.4489245788578973,
      "min": -6.671981828243093,
      "max": -1.0448628059659135,
      "median": -3.0081108133746643
    },
    "pesq": {
      "mean": 1.0298388729924741,
      "std": 0.008754591291862186,
      "min": 1.01535964012146,
      "max": 1.0614118576049805,
      "median": 1.0283132791519165
    },
    "stoi": {
      "mean": 0.38889364520516584,
      "std": 0.060469167074618725,
      "min": 0.27697909815331695,
      "max": 0.5515454728536822,
      "median": 0.3765930540655916
    },
    "estoi": {
      "mean": 0.20913680432891493,
      "std": 0.034702961466646,
      "min": 0.13855961006001788,
      "max": 0.26924886062355097,
      "median": 0.19487752242283818
    }
  },
  "tokens_per_second": {
    "mean": 25.02039040581643,
    "std": 0.005856936681922448
  },
  "compression_ratio": {
    "mean": 881.2812610603488,
    "std": 0.20643217503093592
  }
}