{
  "language": "uk",
  "dataset": "eurospeech",
  "num_samples": 100,
  "metrics": {
    "mse": {
      "mean": 0.014352468139715477,
      "std": 0.004438524925071472,
      "min": 0.005302174301384909,
      "max": 0.02702165538006872,
      "median": 0.013619850958323215
    },
    "snr_db": {
      "mean": -3.8503148442187696,
      "std": 1.3764941071028802,
      "min": -7.331619192758446,
      "max": -1.117187317930986,
      "median": -3.82090703082981
    },
    "sdr_db": {
      "mean": -3.9958195333293585,
      "std": 1.4730921147592388,
      "min": -7.643103627806599,
      "max": -1.048437729078693,
      "median": -3.8864993107084724
    },
    "pesq": {
      "mean": 1.1694921362400055,
      "std": 0.07382431980932151,
      "min": 1.0483829975128174,
      "max": 1.442629337310791,
      "median": 1.176196277141571
    },
    "stoi": {
      "mean": 0.7677729388729564,
      "std": 0.04275334677397918,
      "min": 0.6464654883307192,
      "max": 0.8392313580673509,
      "median": 0.7811425740938236
    },
    "estoi": {
      "mean": 0.5844555131369558,
      "std": 0.05359492124480124,
      "min": 0.4558864438517132,
      "max": 0.675381227115735,
      "median": 0.5955167328363874
    }
  },
  "tokens_per_second": {
    "mean": 25.0122252500877,
    "std": 0.021388853143662814
  },
  "compression_ratio": {
    "mean": 639.6876541978515,
    "std": 0.546850284625637
  }
}