{
  "language": "portugal",
  "dataset": "eurospeech",
  "num_samples": 100,
  "metrics": {
    "mse": {
      "mean": 0.03273433695745775,
      "std": 0.014097444350315203,
      "min": 0.008861957785874938,
      "max": 0.10248995124578333,
      "median": 0.030524867162444347
    },
    "snr_db": {
      "mean": -5.286047192003688,
      "std": 1.3563918885489772,
      "min": -9.247225813772788,
      "max": -2.7316645273478817,
      "median": -5.187787997274405
    },
    "sdr_db": {
      "mean": -5.342310723755933,
      "std": 1.3699380027565022,
      "min": -9.617080589497387,
      "max": -2.6395125722282944,
      "median": -5.288284253183521
    },
    "pesq": {
      "mean": 1.1391436338424683,
      "std": 0.05166027688474949,
      "min": 1.0335592031478882,
      "max": 1.2859772443771362,
      "median": 1.1266471147537231
    },
    "stoi": {
      "mean": 0.7262745891027632,
      "std": 0.054391777260595735,
      "min": 0.4129527933813092,
      "max": 0.8069772811739521,
      "median": 0.737057879149829
    },
    "estoi": {
      "mean": 0.49107054389153243,
      "std": 0.06194017128710046,
      "min": 0.23629698111575184,
      "max": 0.6265653652425508,
      "median": 0.5005131628437107
    }
  },
  "tokens_per_second": {
    "mean": 25.015612177182945,
    "std": 0.017424558835181535
  },
  "compression_ratio": {
    "mean": 639.6008879972779,
    "std": 0.44548182557567156
  }
}