{
  "language": "latvia",
  "dataset": "eurospeech",
  "num_samples": 100,
  "metrics": {
    "mse": {
      "mean": 0.01985116985022139,
      "std": 0.012409529861452342,
      "min": 0.00817898316901969,
      "max": 0.10072082410341913,
      "median": 0.01662908553935165
    },
    "snr_db": {
      "mean": -3.8589213608164563,
      "std": 1.6637671742598177,
      "min": -10.449615871914732,
      "max": -0.9944868705883911,
      "median": -3.544397299724192
    },
    "sdr_db": {
      "mean": -3.906742491866148,
      "std": 1.582048100624895,
      "min": -10.639035681895292,
      "max": -1.6676333843094264,
      "median": -3.742982166297735
    },
    "pesq": {
      "mean": 1.1488999593257905,
      "std": 0.0710798197518326,
      "min": 1.0360875129699707,
      "max": 1.3429155349731445,
      "median": 1.1567787528038025
    },
    "stoi": {
      "mean": 0.6658681301586448,
      "std": 0.10767521544856341,
      "min": 0.09126739842342946,
      "max": 0.7848145884709586,
      "median": 0.6941757631092936
    },
    "estoi": {
      "mean": 0.4596244085033635,
      "std": 0.12271589884732735,
      "min": 0.0256624368671863,
      "max": 0.6184483279116867,
      "median": 0.47572100236187165
    }
  },
  "tokens_per_second": {
    "mean": 25.025186380549844,
    "std": 0.07234410103219928
  },
  "compression_ratio": {
    "mean": 639.3611205031843,
    "std": 1.8136647862756514
  }
}