{
  "language": "af_za",
  "dataset": "fleurs",
  "num_samples": 100,
  "metrics": {
    "mse": {
      "mean": 0.028033917326893813,
      "std": 0.009444078165455186,
      "min": 0.0015841224716835096,
      "max": 0.04952855569379768,
      "median": 0.027016419206797974
    },
    "snr_db": {
      "mean": -2.6777965519093674,
      "std": 1.015381330465584,
      "min": -5.927205153274779,
      "max": -0.8828290987875281,
      "median": -2.542059020146559
    },
    "sdr_db": {
      "mean": -2.732560803748791,
      "std": 1.1588617148461862,
      "min": -8.575188148434757,
      "max": -0.8671306627916705,
      "median": -2.5952168590941014
    },
    "pesq": {
      "mean": 1.1753981363773347,
      "std": 0.06843622212811452,
      "min": 1.0522198677062988,
      "max": 1.441412329673767,
      "median": 1.1619263291358948
    },
    "stoi": {
      "mean": 0.6464425836345856,
      "std": 0.07785301682030171,
      "min": 0.4577399587892283,
      "max": 0.8091054091693006,
      "median": 0.6414713974483224
    },
    "estoi": {
      "mean": 0.48252460668318775,
      "std": 0.100422356842696,
      "min": 0.2559573969666684,
      "max": 0.6780864374595811,
      "median": 0.46693462184969525
    }
  },
  "tokens_per_second": {
    "mean": 25.020637785251168,
    "std": 0.024975437552161733
  },
  "compression_ratio": {
    "mean": 639.4727452102552,
    "std": 0.6378847752212122
  }
}