{
  "language": "sweden",
  "dataset": "eurospeech",
  "num_samples": 100,
  "metrics": {
    "mse": {
      "mean": 0.03271443095111701,
      "std": 0.013275792023370982,
      "min": 0.0104990447507567,
      "max": 0.07280527131625791,
      "median": 0.030235717337436116
    },
    "snr_db": {
      "mean": -4.323206768120513,
      "std": 1.0308661233092236,
      "min": -7.121142721406479,
      "max": -2.291904963391104,
      "median": -4.283473156568248
    },
    "sdr_db": {
      "mean": -4.414209479808478,
      "std": 1.0647012739319917,
      "min": -7.57123559133664,
      "max": -1.841859073933263,
      "median": -4.3843806773485525
    },
    "pesq": {
      "mean": 1.1948304903507232,
      "std": 0.08294301642326384,
      "min": 1.0346852540969849,
      "max": 1.4986897706985474,
      "median": 1.195869266986847
    },
    "stoi": {
      "mean": 0.7844107273702295,
      "std": 0.03947799257375763,
      "min": 0.6461100340971223,
      "max": 0.854649614028797,
      "median": 0.7918311763147561
    },
    "estoi": {
      "mean": 0.6253568155351263,
      "std": 0.07292874478031998,
      "min": 0.39566880486045963,
      "max": 0.7515743984481972,
      "median": 0.6236840750898189
    }
  },
  "tokens_per_second": {
    "mean": 25.01315344356357,
    "std": 0.019507193818862446
  },
  "compression_ratio": {
    "mean": 639.6638379402958,
    "std": 0.4988263591486672
  }
}