{
  "language": "cmn_hans_cn",
  "dataset": "fleurs",
  "num_samples": 100,
  "metrics": {
    "mse": {
      "mean": 0.02906112837689234,
      "std": 0.012044733505748811,
      "min": 0.009874429608609459,
      "max": 0.07269495950484633,
      "median": 0.02641155497366662
    },
    "snr_db": {
      "mean": -2.9656630549018472,
      "std": 1.0561992093618546,
      "min": -6.907899514403303,
      "max": -1.1287630388654655,
      "median": -2.78777028794571
    },
    "sdr_db": {
      "mean": -3.0118351653623376,
      "std": 1.0814359798824054,
      "min": -6.726138411707912,
      "max": -1.1560314028978926,
      "median": -2.8227333824175993
    },
    "pesq": {
      "mean": 1.1989301538467407,
      "std": 0.11326199657661323,
      "min": 1.039108157157898,
      "max": 1.5273165702819824,
      "median": 1.190773606300354
    },
    "stoi": {
      "mean": 0.7181188698511208,
      "std": 0.07319939600719731,
      "min": 0.527941033031231,
      "max": 0.835994145359027,
      "median": 0.718810730611499
    },
    "estoi": {
      "mean": 0.5600456344650204,
      "std": 0.0942549220674409,
      "min": 0.32625708875278175,
      "max": 0.7385113768937455,
      "median": 0.5577615426357914
    }
  },
  "tokens_per_second": {
    "mean": 25.016759109295432,
    "std": 0.03039330038980891
  },
  "compression_ratio": {
    "mean": 639.5721959354515,
    "std": 0.7751301125604838
  }
}