{
  "language": "ga_ie",
  "dataset": "fleurs",
  "num_samples": 100,
  "metrics": {
    "mse": {
      "mean": 0.024968135697273342,
      "std": 0.0077408794927518515,
      "min": 0.007443970811823292,
      "max": 0.04817759646416815,
      "median": 0.02538858407737487
    },
    "snr_db": {
      "mean": -3.8129602176167077,
      "std": 2.368381629705524,
      "min": -12.674444798235406,
      "max": -0.6263417142833511,
      "median": -3.04268103811749
    },
    "sdr_db": {
      "mean": -5.3391065140139435,
      "std": 5.926074487371808,
      "min": -26.248853059118275,
      "max": -0.6439988236921539,
      "median": -3.0712057968550264
    },
    "pesq": {
      "mean": 1.1700613844394683,
      "std": 0.10063722963829606,
      "min": 1.0516732931137085,
      "max": 1.4344518184661865,
      "median": 1.1372948288917542
    },
    "stoi": {
      "mean": 0.7153282450481799,
      "std": 0.08060684621126345,
      "min": 0.4941752164498807,
      "max": 0.8330680167299739,
      "median": 0.7252268723238957
    },
    "estoi": {
      "mean": 0.5659034563089442,
      "std": 0.09076043706937036,
      "min": 0.3568900083382883,
      "max": 0.7643074321890676,
      "median": 0.5668474931919708
    }
  },
  "tokens_per_second": {
    "mean": 25.0149051475198,
    "std": 0.017444143830959873
  },
  "compression_ratio": {
    "mean": 639.6189665192315,
    "std": 0.4458822334855297
  }
}