{
  "language": "reggae",
  "dataset": "gtzan",
  "num_samples": 25,
  "metrics": {
    "mse": {
      "mean": 0.07221376912145054,
      "std": 0.020122926826789515,
      "min": 0.026591923025082818,
      "max": 0.11422496012680376,
      "median": 0.07274346398123997
    },
    "snr_db": {
      "mean": -5.383994983658327,
      "std": 1.2851839761956754,
      "min": -7.816096800277323,
      "max": -3.0297317432199806,
      "median": -5.326095667875307
    },
    "sdr_db": {
      "mean": -5.272926037640888,
      "std": 1.2461490845019434,
      "min": -7.724588772353536,
      "max": -3.153673976981655,
      "median": -5.120382601366973
    },
    "pesq": {
      "mean": 1.0336428785324097,
      "std": 0.005293367734280319,
      "min": 1.026281714439392,
      "max": 1.0499275922775269,
      "median": 1.0327873229980469
    },
    "stoi": {
      "mean": 0.4607429343716185,
      "std": 0.05719521061668505,
      "min": 0.3030256092897096,
      "max": 0.5439303774399162,
      "median": 0.4741513673151748
    },
    "estoi": {
      "mean": 0.23539645142441384,
      "std": 0.0397340035356613,
      "min": 0.12499887006645058,
      "max": 0.30656029137726537,
      "median": 0.24028524913371427
    }
  },
  "tokens_per_second": {
    "mean": 25.02221235006664,
    "std": 0.0
  },
  "compression_ratio": {
    "mean": 881.2170439414116,
    "std": 1.1368683772161603e-13
  }
}