{
  "language": "hiphop",
  "dataset": "gtzan",
  "num_samples": 18,
  "metrics": {
    "mse": {
      "mean": 0.10833317108917813,
      "std": 0.03052943881396774,
      "min": 0.056806152364509706,
      "max": 0.18961347582136812,
      "median": 0.1044608583024651
    },
    "snr_db": {
      "mean": -3.8024750815804578,
      "std": 0.8193152579723678,
      "min": -5.714305930885106,
      "max": -2.248416782418045,
      "median": -3.8269460723109185
    },
    "sdr_db": {
      "mean": -3.9069518083838153,
      "std": 0.9582541529922101,
      "min": -6.654880296937278,
      "max": -2.2678626010365703,
      "median": -3.810623381374625
    },
    "pesq": {
      "mean": 1.0330072906282213,
      "std": 0.00460005213197818,
      "min": 1.0240727663040161,
      "max": 1.0429823398590088,
      "median": 1.0318909883499146
    },
    "stoi": {
      "mean": 0.41817056058821334,
      "std": 0.0506845043464128,
      "min": 0.298798735444191,
      "max": 0.49097010696880483,
      "median": 0.4269334836454842
    },
    "estoi": {
      "mean": 0.27424609654632787,
      "std": 0.053553643166345186,
      "min": 0.1520777286239756,
      "max": 0.3729592849318263,
      "median": 0.28642990513073757
    }
  },
  "tokens_per_second": {
    "mean": 25.02238444179757,
    "std": 0.0004886986955099421
  },
  "compression_ratio": {
    "mean": 881.2109836973746,
    "std": 0.01720961193180479
  }
}