{
  "language": "lb_lu",
  "dataset": "fleurs",
  "num_samples": 100,
  "metrics": {
    "mse": {
      "mean": 0.023873662903896725,
      "std": 0.008828856485157964,
      "min": 0.0026835260037974215,
      "max": 0.051472380746791425,
      "median": 0.023020687059496583
    },
    "snr_db": {
      "mean": -3.3909621216126817,
      "std": 1.3854776042065093,
      "min": -9.398000989407274,
      "max": -0.8572975211927387,
      "median": -3.2885863050965423
    },
    "sdr_db": {
      "mean": -3.3986651878939402,
      "std": 1.445816449488372,
      "min": -9.827828198279441,
      "max": -0.8722328611859872,
      "median": -3.2497073606563873
    },
    "pesq": {
      "mean": 1.2028259003162385,
      "std": 0.11523301064454969,
      "min": 1.0459620952606201,
      "max": 1.508851408958435,
      "median": 1.1746827960014343
    },
    "stoi": {
      "mean": 0.7606848043624875,
      "std": 0.05717722630458086,
      "min": 0.5069332078501846,
      "max": 0.8490786632737833,
      "median": 0.770378055986523
    },
    "estoi": {
      "mean": 0.5880003234673465,
      "std": 0.07146647202266057,
      "min": 0.31010374135287627,
      "max": 0.7240783798873296,
      "median": 0.5970912043009087
    }
  },
  "tokens_per_second": {
    "mean": 25.017218437563994,
    "std": 0.02492060815153384
  },
  "compression_ratio": {
    "mean": 639.5601452680698,
    "std": 0.6363463685174776
  }
}