{
  "language": "Watkins",
  "dataset": "naturelm",
  "num_samples": 100,
  "metrics": {
    "mse": {
      "mean": 0.05670698393975433,
      "std": 0.03470141928995011,
      "min": 0.007984445972076804,
      "max": 0.14903178989529736,
      "median": 0.050466856154093125
    },
    "snr_db": {
      "mean": -2.6710681566880043,
      "std": 1.8444036744142327,
      "min": -9.96074506464016,
      "max": -0.19648411567202673,
      "median": -2.2072523188709656
    },
    "sdr_db": {
      "mean": -2.6570936873938233,
      "std": 1.849172499047803,
      "min": -9.679911736650965,
      "max": -0.19298978996865992,
      "median": -2.2072523118931127
    },
    "pesq": {
      "mean": 1.1746137775952303,
      "std": 0.23409489382163587,
      "min": 1.0309131145477295,
      "max": 2.5294911861419678,
      "median": 1.097747564315796
    },
    "stoi": {
      "mean": 0.17147066609502215,
      "std": 0.11224632877262113,
      "min": 1e-05,
      "max": 0.6094613492083429,
      "median": 0.1503190355617976
    },
    "estoi": {
      "mean": 0.07524013710205546,
      "std": 0.05227050490903617,
      "min": -0.022492429174408177,
      "max": 0.3214341359892034,
      "median": 0.06864890861427064
    }
  },
  "tokens_per_second": {
    "mean": 25.169858436830832,
    "std": 0.3327619882825561
  },
  "compression_ratio": {
    "mean": 635.789829405722,
    "std": 8.238952934202597
  }
}