{
  "language": "pl_pl",
  "dataset": "fleurs",
  "num_samples": 100,
  "metrics": {
    "mse": {
      "mean": 0.021174573262811552,
      "std": 0.011339718274733216,
      "min": 0.0018897573010703344,
      "max": 0.0580228678808312,
      "median": 0.01900291093905999
    },
    "snr_db": {
      "mean": -4.073897869721706,
      "std": 2.572229220922482,
      "min": -12.354182819243105,
      "max": -0.33182375446725176,
      "median": -3.338294766092292
    },
    "sdr_db": {
      "mean": -4.2910038810049045,
      "std": 2.9758199966391747,
      "min": -14.195559505647108,
      "max": -0.31861676108326725,
      "median": -3.2462276614007255
    },
    "pesq": {
      "mean": 1.2176465749740601,
      "std": 0.11778582070303042,
      "min": 1.065569281578064,
      "max": 1.6721768379211426,
      "median": 1.1838335394859314
    },
    "stoi": {
      "mean": 0.7140920612227908,
      "std": 0.07890122029245746,
      "min": 0.48460320051264677,
      "max": 0.8399405697833611,
      "median": 0.7389326551228699
    },
    "estoi": {
      "mean": 0.5575196931258948,
      "std": 0.08672305350526706,
      "min": 0.3341978711794044,
      "max": 0.7150784400320781,
      "median": 0.5650987554693225
    }
  },
  "tokens_per_second": {
    "mean": 25.018047021616308,
    "std": 0.024243419970364055
  },
  "compression_ratio": {
    "mean": 639.5389295459715,
    "std": 0.6192005799268768
  }
}