{
  "language": "ka_ge",
  "dataset": "fleurs",
  "num_samples": 100,
  "metrics": {
    "mse": {
      "mean": 0.03247642239621633,
      "std": 0.017997024128486104,
      "min": 0.0058927470454495055,
      "max": 0.10719239874845939,
      "median": 0.028106210842675027
    },
    "snr_db": {
      "mean": -2.773001258073308,
      "std": 1.2068541474777124,
      "min": -8.406061458510766,
      "max": -0.9820968400614143,
      "median": -2.570520083730298
    },
    "sdr_db": {
      "mean": -2.7407596187199967,
      "std": 1.1972783453439402,
      "min": -7.863701700150892,
      "max": -0.9456382360009008,
      "median": -2.4370099803522622
    },
    "pesq": {
      "mean": 1.179642150402069,
      "std": 0.08340142669851867,
      "min": 1.0752383470535278,
      "max": 1.5312472581863403,
      "median": 1.153275728225708
    },
    "stoi": {
      "mean": 0.7207933658966488,
      "std": 0.07221388385029862,
      "min": 0.5112871701043799,
      "max": 0.8105872344488233,
      "median": 0.7467871257361263
    },
    "estoi": {
      "mean": 0.5643049562069291,
      "std": 0.10045607482735186,
      "min": 0.3396485246666084,
      "max": 0.7219828304028617,
      "median": 0.5973162881476668
    }
  },
  "tokens_per_second": {
    "mean": 25.02023032726659,
    "std": 0.025660215672131687
  },
  "compression_ratio": {
    "mean": 639.4831944480543,
    "std": 0.6553145287336094
  }
}