{
  "language": "rock",
  "dataset": "gtzan",
  "num_samples": 25,
  "metrics": {
    "mse": {
      "mean": 0.07015342994300008,
      "std": 0.026492127860662212,
      "min": 0.027071954560907316,
      "max": 0.1505039668714167,
      "median": 0.07011101123884653
    },
    "snr_db": {
      "mean": -3.261362577074899,
      "std": 1.0415075940369465,
      "min": -4.716705347502326,
      "max": -1.4872063813294831,
      "median": -3.157562479108053
    },
    "sdr_db": {
      "mean": -3.2169415398152488,
      "std": 1.0551273084183828,
      "min": -4.733713997236911,
      "max": -1.1653713136124797,
      "median": -3.2221105236595977
    },
    "pesq": {
      "mean": 1.0375285482406615,
      "std": 0.011368285368875995,
      "min": 1.0216288566589355,
      "max": 1.0624943971633911,
      "median": 1.0371638536453247
    },
    "stoi": {
      "mean": 0.3458822762531479,
      "std": 0.08038949648835464,
      "min": 0.15601729698062464,
      "max": 0.48816814339987374,
      "median": 0.34344038448049724
    },
    "estoi": {
      "mean": 0.1904900290083994,
      "std": 0.06105208600030986,
      "min": 0.07376273899257998,
      "max": 0.3113474986414682,
      "median": 0.19929800052686306
    }
  },
  "tokens_per_second": {
    "mean": 25.021323856063972,
    "std": 0.004352713892107213
  },
  "compression_ratio": {
    "mean": 881.248362183755,
    "std": 0.1534274267650029
  }
}