{
  "language": "hu_hu",
  "dataset": "fleurs",
  "num_samples": 100,
  "metrics": {
    "mse": {
      "mean": 0.027862798051671044,
      "std": 0.011570758689256014,
      "min": 0.013989773627604002,
      "max": 0.07756801499299122,
      "median": 0.02482980976569866
    },
    "snr_db": {
      "mean": -3.903209441034516,
      "std": 1.5202938098055647,
      "min": -8.334879652613955,
      "max": -1.3872829935657758,
      "median": -3.5151990646849973
    },
    "sdr_db": {
      "mean": -3.8551767743925365,
      "std": 1.565541487733725,
      "min": -9.417080530251926,
      "max": -1.4359688756147984,
      "median": -3.5429209345410007
    },
    "pesq": {
      "mean": 1.1447108125686645,
      "std": 0.10550320043318033,
      "min": 1.043542504310608,
      "max": 1.4919002056121826,
      "median": 1.0946210622787476
    },
    "stoi": {
      "mean": 0.62559775913694,
      "std": 0.08937865719784821,
      "min": 0.4056054724467071,
      "max": 0.7965175868422613,
      "median": 0.6460568393875445
    },
    "estoi": {
      "mean": 0.41962905093017083,
      "std": 0.09997179447077385,
      "min": 0.17426160208184666,
      "max": 0.6678159003516397,
      "median": 0.43834854247432353
    }
  },
  "tokens_per_second": {
    "mean": 25.01998887307777,
    "std": 0.027582278454991203
  },
  "compression_ratio": {
    "mean": 639.48946997108,
    "std": 0.7041890044329524
  }
}