{
  "language": "ar_eg",
  "dataset": "fleurs",
  "num_samples": 100,
  "metrics": {
    "mse": {
      "mean": 0.0327510149716355,
      "std": 0.01689554848943871,
      "min": 0.010118187748370852,
      "max": 0.12397548812524709,
      "median": 0.029285543023294607
    },
    "snr_db": {
      "mean": -3.6246102100696773,
      "std": 1.5869267789529604,
      "min": -8.22769173485702,
      "max": -0.9755737663374884,
      "median": -3.5048136293768692
    },
    "sdr_db": {
      "mean": -3.770230416143664,
      "std": 1.7400209395972528,
      "min": -8.366269816656178,
      "max": -0.9022434382324565,
      "median": -3.5051062964629085
    },
    "pesq": {
      "mean": 1.1393630599975586,
      "std": 0.0936891659468582,
      "min": 1.0298999547958374,
      "max": 1.479467749595642,
      "median": 1.1165174841880798
    },
    "stoi": {
      "mean": 0.7005142992053948,
      "std": 0.07386143671350084,
      "min": 0.5060447370685517,
      "max": 0.8325223887259515,
      "median": 0.709610342427323
    },
    "estoi": {
      "mean": 0.543891852269252,
      "std": 0.10807039737178745,
      "min": 0.316040284191626,
      "max": 0.7433338466337935,
      "median": 0.5326697631154236
    }
  },
  "tokens_per_second": {
    "mean": 25.022977035425033,
    "std": 0.03132705638872671
  },
  "compression_ratio": {
    "mean": 639.4133285290098,
    "std": 0.7991799809750496
  }
}