{
  "language": "tr_tr",
  "dataset": "fleurs",
  "num_samples": 100,
  "metrics": {
    "mse": {
      "mean": 0.03206696191141679,
      "std": 0.026888200587145007,
      "min": 0.0020468962853829667,
      "max": 0.21378791040903639,
      "median": 0.027600538630646994
    },
    "snr_db": {
      "mean": -4.180091332725846,
      "std": 2.4689653937880096,
      "min": -15.610464107052234,
      "max": -1.1631272064930478,
      "median": -3.294449557790564
    },
    "sdr_db": {
      "mean": -6.5274260951934195,
      "std": 7.551224632094459,
      "min": -33.4401225110516,
      "max": -1.4445783747156415,
      "median": -3.5369424626018766
    },
    "pesq": {
      "mean": 1.1912351232586484,
      "std": 0.14778626465113814,
      "min": 1.0432356595993042,
      "max": 1.8301653861999512,
      "median": 1.1266143321990967
    },
    "stoi": {
      "mean": 0.6176095416673093,
      "std": 0.22165170512394972,
      "min": 1e-05,
      "max": 0.8441225071881641,
      "median": 0.6894254701008303
    },
    "estoi": {
      "mean": 0.43964449545513473,
      "std": 0.20938052307213725,
      "min": -0.10239857888836808,
      "max": 0.7180386780185192,
      "median": 0.48023133395952716
    }
  },
  "tokens_per_second": {
    "mean": 25.0193698617895,
    "std": 0.025035980715890246
  },
  "compression_ratio": {
    "mean": 639.5051552622338,
    "std": 0.6394010458042465
  }
}