{
  "language": "classical",
  "dataset": "gtzan",
  "num_samples": 25,
  "metrics": {
    "mse": {
      "mean": 0.030505242667051173,
      "std": 0.012883092256479944,
      "min": 0.012638843522897373,
      "max": 0.058899577323863285,
      "median": 0.029081545860873734
    },
    "snr_db": {
      "mean": -2.466768506429871,
      "std": 1.1036293261748689,
      "min": -4.851560692284051,
      "max": -0.9529963534043611,
      "median": -2.4796461366747495
    },
    "sdr_db": {
      "mean": -2.691838836256547,
      "std": 1.0904545696770929,
      "min": -5.387458256184927,
      "max": -0.9996437526623372,
      "median": -2.7807173933918206
    },
    "pesq": {
      "mean": 1.0469659185409546,
      "std": 0.016130063196322385,
      "min": 1.0259251594543457,
      "max": 1.1060436964035034,
      "median": 1.0447239875793457
    },
    "stoi": {
      "mean": 0.2187733111792862,
      "std": 0.07496041497066243,
      "min": 0.09082218178910527,
      "max": 0.3579171215009565,
      "median": 0.2316915494759255
    },
    "estoi": {
      "mean": 0.07832156766333599,
      "std": 0.022827014307890813,
      "min": 0.03562093820032552,
      "max": 0.11875512865695709,
      "median": 0.08014172358016695
    }
  },
  "tokens_per_second": {
    "mean": 25.02221235006664,
    "std": 0.0
  },
  "compression_ratio": {
    "mean": 881.2170439414116,
    "std": 1.1368683772161603e-13
  }
}