{
  "language": "Animal Sound Archive",
  "dataset": "naturelm",
  "num_samples": 100,
  "metrics": {
    "mse": {
      "mean": 0.030401731076615413,
      "std": 0.02466448248222265,
      "min": 0.0026210930121606016,
      "max": 0.16589007378040294,
      "median": 0.02347345932166954
    },
    "snr_db": {
      "mean": -3.9583788729578084,
      "std": 2.6863198219655917,
      "min": -15.08278255853735,
      "max": -0.13013757546346633,
      "median": -3.4593235812547842
    },
    "sdr_db": {
      "mean": -4.397460115603767,
      "std": 3.010429320914872,
      "min": -20.8601213541398,
      "max": -0.13599343065102837,
      "median": -3.7989806452177026
    },
    "pesq": {
      "mean": 1.07762750712308,
      "std": 0.05947470243271048,
      "min": 1.0164027214050293,
      "max": 1.382826328277588,
      "median": 1.0585033893585205
    },
    "stoi": {
      "mean": 0.2076378624905806,
      "std": 0.09174255391491708,
      "min": 0.06432262700480175,
      "max": 0.47742786448036506,
      "median": 0.17821101050096982
    },
    "estoi": {
      "mean": 0.10522181493872354,
      "std": 0.0409674281082945,
      "min": 0.020090570270528706,
      "max": 0.22503809761770072,
      "median": 0.0991091001091513
    }
  },
  "tokens_per_second": {
    "mean": 25.01423923717061,
    "std": 0.03265183334305735
  },
  "compression_ratio": {
    "mean": 639.6367724549218,
    "std": 0.8346043507672855
  }
}