{
  "language": "mk_mk",
  "dataset": "fleurs",
  "num_samples": 100,
  "metrics": {
    "mse": {
      "mean": 0.031719511997192536,
      "std": 0.0142041458975386,
      "min": 0.002792204513587891,
      "max": 0.06739391672196668,
      "median": 0.02840704124379277
    },
    "snr_db": {
      "mean": -3.9317102542261093,
      "std": 2.300878466045454,
      "min": -17.293655359824967,
      "max": -1.3417763925965733,
      "median": -3.5214674219381417
    },
    "sdr_db": {
      "mean": -3.9353522314096487,
      "std": 2.304797386094688,
      "min": -17.42654848138381,
      "max": -1.4249877532759665,
      "median": -3.457871948079544
    },
    "pesq": {
      "mean": 1.182184008359909,
      "std": 0.08327381720325934,
      "min": 1.0507512092590332,
      "max": 1.440488338470459,
      "median": 1.173553466796875
    },
    "stoi": {
      "mean": 0.7433271069224218,
      "std": 0.03785338945986052,
      "min": 0.6400384734283894,
      "max": 0.8186176820767638,
      "median": 0.7516979599063218
    },
    "estoi": {
      "mean": 0.5444820929616635,
      "std": 0.05988660341240863,
      "min": 0.3954604560439034,
      "max": 0.7177072779708494,
      "median": 0.5401829509653007
    }
  },
  "tokens_per_second": {
    "mean": 25.015212035110075,
    "std": 0.025165766176486633
  },
  "compression_ratio": {
    "mean": 639.6114551585952,
    "std": 0.6425746619061296
  }
}