{
  "language": "ukraine",
  "dataset": "eurospeech",
  "num_samples": 100,
  "metrics": {
    "mse": {
      "mean": 0.04966239132760638,
      "std": 0.020562413548933338,
      "min": 0.006676154412667076,
      "max": 0.10077713100666881,
      "median": 0.04952173451475146
    },
    "snr_db": {
      "mean": -3.24543563250277,
      "std": 1.479188286556989,
      "min": -7.970585345773006,
      "max": -0.4398922143887103,
      "median": -2.8300505647537033
    },
    "sdr_db": {
      "mean": -3.3710375577169067,
      "std": 1.528730389825632,
      "min": -8.289394591453943,
      "max": -0.35682331895667063,
      "median": -3.0198877792118157
    },
    "pesq": {
      "mean": 1.074385907649994,
      "std": 0.11155329705374988,
      "min": 1.0264261960983276,
      "max": 2.0654408931732178,
      "median": 1.0461278557777405
    },
    "stoi": {
      "mean": 0.610853584606276,
      "std": 0.10491943816870533,
      "min": 0.2508479726748208,
      "max": 0.7984426040190031,
      "median": 0.6046788732543456
    },
    "estoi": {
      "mean": 0.40614638300399164,
      "std": 0.1259296864460165,
      "min": 0.16022760837791697,
      "max": 0.6633480253995583,
      "median": 0.39033240020672477
    }
  },
  "tokens_per_second": {
    "mean": 25.0131236031275,
    "std": 0.020367406767371032
  },
  "compression_ratio": {
    "mean": 639.6646361145273,
    "std": 0.5208166907570054
  }
}