{
  "language": "jazz",
  "dataset": "gtzan",
  "num_samples": 25,
  "metrics": {
    "mse": {
      "mean": 0.029077478515346065,
      "std": 0.012763196618506658,
      "min": 0.01036917933696773,
      "max": 0.0583316430387712,
      "median": 0.024951896804539134
    },
    "snr_db": {
      "mean": -2.79617747334012,
      "std": 1.326441542613145,
      "min": -5.721746122506143,
      "max": -0.8231164865647612,
      "median": -2.5756256605567565
    },
    "sdr_db": {
      "mean": -2.8845787202591993,
      "std": 1.4311515614927395,
      "min": -5.9161611523526565,
      "max": -0.6802934829226888,
      "median": -2.639758182408464
    },
    "pesq": {
      "mean": 1.0343415641784668,
      "std": 0.011305320385129883,
      "min": 1.0181039571762085,
      "max": 1.0621254444122314,
      "median": 1.0316016674041748
    },
    "stoi": {
      "mean": 0.33934583718837386,
      "std": 0.08585459495980363,
      "min": 0.19890843991890717,
      "max": 0.5415494790419324,
      "median": 0.32915637797471364
    },
    "estoi": {
      "mean": 0.12946611250194287,
      "std": 0.039038670215861535,
      "min": 0.06564262086955112,
      "max": 0.21146556361798616,
      "median": 0.12414689130857538
    }
  },
  "tokens_per_second": {
    "mean": 25.02221235006664,
    "std": 0.0
  },
  "compression_ratio": {
    "mean": 881.2170439414116,
    "std": 1.1368683772161603e-13
  }
}