{
  "language": "kea_cv",
  "dataset": "fleurs",
  "num_samples": 100,
  "metrics": {
    "mse": {
      "mean": 0.03179663461035123,
      "std": 0.016023200523023595,
      "min": 0.0039064312617723956,
      "max": 0.10261343794156913,
      "median": 0.030501720975893862
    },
    "snr_db": {
      "mean": -3.8144925881173375,
      "std": 1.7902713966853898,
      "min": -9.73797347133486,
      "max": -0.8743438506680163,
      "median": -3.409681071630591
    },
    "sdr_db": {
      "mean": -3.78290063952041,
      "std": 1.77298743756652,
      "min": -10.05723877055828,
      "max": -0.9528539749974255,
      "median": -3.327013048244315
    },
    "pesq": {
      "mean": 1.1569943416118622,
      "std": 0.10321500984609064,
      "min": 1.0228334665298462,
      "max": 1.447044849395752,
      "median": 1.13721364736557
    },
    "stoi": {
      "mean": 0.6241955948512911,
      "std": 0.08414157597951288,
      "min": 0.29749055251113277,
      "max": 0.7954736074231298,
      "median": 0.6232554008250946
    },
    "estoi": {
      "mean": 0.4293503436056727,
      "std": 0.09479776078974941,
      "min": 0.20871750782190976,
      "max": 0.6511411006276405,
      "median": 0.425052883019848
    }
  },
  "tokens_per_second": {
    "mean": 25.013457382013943,
    "std": 0.01957773905682975
  },
  "compression_ratio": {
    "mean": 639.6560679052017,
    "std": 0.5002464833792114
  }
}