{
  "language": "cs_cz",
  "dataset": "fleurs",
  "num_samples": 100,
  "metrics": {
    "mse": {
      "mean": 0.02812728534184605,
      "std": 0.011179345006438034,
      "min": 0.0013988881247534632,
      "max": 0.06292722630750995,
      "median": 0.027535438526157273
    },
    "snr_db": {
      "mean": -3.434935842225723,
      "std": 1.6655994116141364,
      "min": -9.829869953501762,
      "max": -0.9923988570932545,
      "median": -2.9266629966976785
    },
    "sdr_db": {
      "mean": -3.4482851506572034,
      "std": 1.7197595719266956,
      "min": -9.8489740614509,
      "max": -0.9998270073984723,
      "median": -2.9333236019988056
    },
    "pesq": {
      "mean": 1.1970763850212096,
      "std": 0.06500933559923075,
      "min": 1.0814934968948364,
      "max": 1.3878692388534546,
      "median": 1.192352831363678
    },
    "stoi": {
      "mean": 0.7489081544338407,
      "std": 0.056180976436465295,
      "min": 0.5398155355510271,
      "max": 0.8309418569646075,
      "median": 0.7585267929917732
    },
    "estoi": {
      "mean": 0.6096014549664606,
      "std": 0.06842170206886658,
      "min": 0.42072498002746855,
      "max": 0.7317500318966568,
      "median": 0.6158698281481553
    }
  },
  "tokens_per_second": {
    "mean": 25.01899933653599,
    "std": 0.025226858108694954
  },
  "compression_ratio": {
    "mean": 639.5146360409553,
    "std": 0.6443456705023004
  }
}