{
  "language": "am_et",
  "dataset": "fleurs",
  "num_samples": 100,
  "metrics": {
    "mse": {
      "mean": 0.023612065849256368,
      "std": 0.009931451227845884,
      "min": 0.0035824407124709643,
      "max": 0.047824888040051784,
      "median": 0.022518699203853212
    },
    "snr_db": {
      "mean": -3.8264306359227436,
      "std": 2.118562217956455,
      "min": -11.565916090931745,
      "max": -0.5413321406055773,
      "median": -3.2422294398672316
    },
    "sdr_db": {
      "mean": -3.776971709368675,
      "std": 2.2127951021127554,
      "min": -11.93816939341906,
      "max": -0.5584063621086363,
      "median": -2.980846109850302
    },
    "pesq": {
      "mean": 1.1372367334365845,
      "std": 0.11181706260804612,
      "min": 1.0400663614273071,
      "max": 1.5940008163452148,
      "median": 1.0968027710914612
    },
    "stoi": {
      "mean": 0.6313455366131362,
      "std": 0.09390035491579182,
      "min": 0.3920270113825543,
      "max": 0.7708983106787382,
      "median": 0.6474171863451446
    },
    "estoi": {
      "mean": 0.4533374792232122,
      "std": 0.0905865773407151,
      "min": 0.26907023678961656,
      "max": 0.6436509095035351,
      "median": 0.4510103601529618
    }
  },
  "tokens_per_second": {
    "mean": 25.018786751440203,
    "std": 0.024289798414575476
  },
  "compression_ratio": {
    "mean": 639.520022460329,
    "std": 0.6202283752449397
  }
}