{
  "language": "NatureLM",
  "dataset": "naturelm",
  "num_samples": 100,
  "metrics": {
    "mse": {
      "mean": 0.12228907786747534,
      "std": 0.1662072796622762,
      "min": 0.0038590830786172526,
      "max": 0.7391296949726712,
      "median": 0.05303284929658403
    },
    "snr_db": {
      "mean": -2.486037158950665,
      "std": 2.225165084349778,
      "min": -9.384808876989139,
      "max": 0.05330299277968213,
      "median": -1.817609337735794
    },
    "sdr_db": {
      "mean": NaN,
      "std": NaN,
      "min": NaN,
      "max": NaN,
      "median": NaN
    },
    "pesq": {
      "mean": 1.1899837033693181,
      "std": 0.3356098888792655,
      "min": 1.0217252969741821,
      "max": 3.408421277999878,
      "median": 1.0827491283416748
    },
    "stoi": {
      "mean": 0.21282429023249072,
      "std": 0.18853924102986996,
      "min": 1e-05,
      "max": 0.8354737101375731,
      "median": 0.1334989359177597
    },
    "estoi": {
      "mean": 0.08546581343989121,
      "std": 0.09841176063118891,
      "min": -0.07735173381649679,
      "max": 0.43657688696482955,
      "median": 0.04658630994353469
    }
  },
  "tokens_per_second": {
    "mean": 25.042688103871175,
    "std": 0.11845895489089898
  },
  "compression_ratio": {
    "mean": 638.9231503002172,
    "std": 2.981515909997195
  }
}