{
  "language": "iceland",
  "dataset": "eurospeech",
  "num_samples": 100,
  "metrics": {
    "mse": {
      "mean": 0.01875936973811727,
      "std": 0.005357956157534298,
      "min": 0.009344602282282559,
      "max": 0.03196021102704878,
      "median": 0.01796892070375463
    },
    "snr_db": {
      "mean": -3.2358134089521347,
      "std": 0.8644851762613033,
      "min": -5.32921955777577,
      "max": -1.224372715498301,
      "median": -3.1502194891523083
    },
    "sdr_db": {
      "mean": -3.221677319536237,
      "std": 0.8830923952631596,
      "min": -5.27873043176719,
      "max": -1.229336502324848,
      "median": -3.14124837963075
    },
    "pesq": {
      "mean": 1.139758620262146,
      "std": 0.06989417773680032,
      "min": 1.032366394996643,
      "max": 1.356464147567749,
      "median": 1.1320164799690247
    },
    "stoi": {
      "mean": 0.705972083184912,
      "std": 0.06870568050086359,
      "min": 0.5057505505231015,
      "max": 0.8048641720229572,
      "median": 0.7281097157158805
    },
    "estoi": {
      "mean": 0.46637692563584926,
      "std": 0.07114128861242489,
      "min": 0.23131764820391687,
      "max": 0.5703371024480862,
      "median": 0.4902837346149549
    }
  },
  "tokens_per_second": {
    "mean": 25.01384370747616,
    "std": 0.021829270435084647
  },
  "compression_ratio": {
    "mean": 639.6462842959912,
    "std": 0.5581245345458434
  }
}