{
  "language": "classical",
  "dataset": "gtzan",
  "num_samples": 25,
  "metrics": {
    "mse": {
      "mean": 0.030427372303123777,
      "std": 0.012561131394297768,
      "min": 0.012681480269255174,
      "max": 0.054131156168311524,
      "median": 0.029101122757324127
    },
    "snr_db": {
      "mean": -2.464009742676984,
      "std": 1.1085343093098994,
      "min": -4.887638365358784,
      "max": -0.9532986662944161,
      "median": -2.4967554743718283
    },
    "sdr_db": {
      "mean": -2.687703761086809,
      "std": 1.0951171178581904,
      "min": -5.424565935101678,
      "max": -0.9978613402743871,
      "median": -2.800084138852953
    },
    "pesq": {
      "mean": 1.0443665552139283,
      "std": 0.012500560459629082,
      "min": 1.0251981019973755,
      "max": 1.0816439390182495,
      "median": 1.0425764322280884
    },
    "stoi": {
      "mean": 0.21863233012182245,
      "std": 0.07500471207252644,
      "min": 0.09230866761386602,
      "max": 0.35785518508455055,
      "median": 0.2315281349931984
    },
    "estoi": {
      "mean": 0.07816706513133394,
      "std": 0.02278395758600502,
      "min": 0.03613476941362923,
      "max": 0.11981904622923187,
      "median": 0.07895169365555857
    }
  },
  "tokens_per_second": {
    "mean": 25.02221235006664,
    "std": 0.0
  },
  "compression_ratio": {
    "mean": 881.2170439414116,
    "std": 1.1368683772161603e-13
  }
}