{
  "language": "hy_am",
  "dataset": "fleurs",
  "num_samples": 100,
  "metrics": {
    "mse": {
      "mean": 0.028182649173444062,
      "std": 0.014589042043877998,
      "min": 0.007165762545528385,
      "max": 0.07105791891765446,
      "median": 0.024882843370846175
    },
    "snr_db": {
      "mean": -2.349750248835652,
      "std": 0.9955758815575081,
      "min": -5.030483136810853,
      "max": -0.4530265962285581,
      "median": -2.243509622297011
    },
    "sdr_db": {
      "mean": -2.3278038949804145,
      "std": 1.01793782559729,
      "min": -4.954786559457761,
      "max": -0.37424860109726854,
      "median": -2.233238608431724
    },
    "pesq": {
      "mean": 1.1968764853477478,
      "std": 0.09917737804540175,
      "min": 1.0489312410354614,
      "max": 1.4747322797775269,
      "median": 1.1854325532913208
    },
    "stoi": {
      "mean": 0.7000585284315701,
      "std": 0.09727841447925074,
      "min": 0.4609397438920758,
      "max": 0.8526126576387325,
      "median": 0.6986859172124732
    },
    "estoi": {
      "mean": 0.5320642150561529,
      "std": 0.1058089885503816,
      "min": 0.30838517766192475,
      "max": 0.7222645037416792,
      "median": 0.5267533539994145
    }
  },
  "tokens_per_second": {
    "mean": 25.017208618239113,
    "std": 0.024456643746870437
  },
  "compression_ratio": {
    "mean": 639.560372984757,
    "std": 0.6245715672558603
  }
}