{
  "language": "ta_in",
  "dataset": "fleurs",
  "num_samples": 100,
  "metrics": {
    "mse": {
      "mean": 0.04869178173295203,
      "std": 0.028142353735175242,
      "min": 0.014066326133131793,
      "max": 0.2170246443048956,
      "median": 0.041547678638308536
    },
    "snr_db": {
      "mean": -3.654631944240397,
      "std": 2.728505647510444,
      "min": -19.227122706164167,
      "max": -0.423325514488884,
      "median": -3.0268064303438313
    },
    "sdr_db": {
      "mean": -3.6656927328331794,
      "std": 2.729673201129798,
      "min": -19.376346973282097,
      "max": -0.4391785726882289,
      "median": -2.9949588325995027
    },
    "pesq": {
      "mean": 1.1400638937950134,
      "std": 0.09194379253388733,
      "min": 1.0302903652191162,
      "max": 1.4181965589523315,
      "median": 1.1101306080818176
    },
    "stoi": {
      "mean": 0.6918445484534176,
      "std": 0.09458201070641044,
      "min": 0.30428645187844827,
      "max": 0.8252780531883905,
      "median": 0.7145251339014796
    },
    "estoi": {
      "mean": 0.526679895798666,
      "std": 0.11624079102598156,
      "min": 0.19414396582369972,
      "max": 0.7278816584370138,
      "median": 0.5512645341274495
    }
  },
  "tokens_per_second": {
    "mean": 25.01516318672886,
    "std": 0.02207660307625172
  },
  "compression_ratio": {
    "mean": 639.6125553342498,
    "std": 0.5638536081758423
  }
}