{
  "language": "serbia",
  "dataset": "eurospeech",
  "num_samples": 100,
  "metrics": {
    "mse": {
      "mean": 0.02975521236631229,
      "std": 0.008494219650765578,
      "min": 0.011234674104858575,
      "max": 0.05627258807404681,
      "median": 0.028673744814305305
    },
    "snr_db": {
      "mean": -3.1675973401316413,
      "std": 1.1179439381698404,
      "min": -6.612448481315951,
      "max": -0.32545966855413777,
      "median": -2.9065500736412457
    },
    "sdr_db": {
      "mean": -3.1903537388149115,
      "std": 1.1414268045538176,
      "min": -6.795510379849932,
      "max": -0.3254596608364465,
      "median": -2.9496478039482232
    },
    "pesq": {
      "mean": 1.1148498618602753,
      "std": 0.05974917754191688,
      "min": 1.0515137910842896,
      "max": 1.36724853515625,
      "median": 1.0936816930770874
    },
    "stoi": {
      "mean": 0.6517358866023312,
      "std": 0.08298947121674181,
      "min": 0.05569413134129753,
      "max": 0.786323193470227,
      "median": 0.6577411563074824
    },
    "estoi": {
      "mean": 0.41777139465640184,
      "std": 0.07163972831683692,
      "min": 0.049324595823019485,
      "max": 0.5632840658865104,
      "median": 0.42163468853795694
    }
  },
  "tokens_per_second": {
    "mean": 25.019418126800698,
    "std": 0.06715613899981397
  },
  "compression_ratio": {
    "mean": 639.5077834208756,
    "std": 1.6771554208769255
  }
}