{
  "language": "cy_gb",
  "dataset": "fleurs",
  "num_samples": 100,
  "metrics": {
    "mse": {
      "mean": 0.022302478596057357,
      "std": 0.011271100766090641,
      "min": 0.0021242534910178384,
      "max": 0.05259075867141484,
      "median": 0.0207385244051089
    },
    "snr_db": {
      "mean": -3.4530726487760233,
      "std": 2.102113898509032,
      "min": -10.829563610784177,
      "max": -0.45440919444403255,
      "median": -2.9133258309195194
    },
    "sdr_db": {
      "mean": -3.45758319417057,
      "std": 2.0955629122645063,
      "min": -10.829563587866406,
      "max": -0.4250578849738028,
      "median": -3.146791918871061
    },
    "pesq": {
      "mean": 1.2190854866453942,
      "std": 0.12032164989922081,
      "min": 1.041838526725769,
      "max": 1.6194288730621338,
      "median": 1.2186366319656372
    },
    "stoi": {
      "mean": 0.6549458270145513,
      "std": 0.18869592879282363,
      "min": 0.14841554118786263,
      "max": 0.8246260477536548,
      "median": 0.728841575049551
    },
    "estoi": {
      "mean": 0.48462308778350127,
      "std": 0.21572491703585203,
      "min": -0.03989255667015488,
      "max": 0.6766025310529252,
      "median": 0.576986303159067
    }
  },
  "tokens_per_second": {
    "mean": 25.049571013125284,
    "std": 0.10363615430650641
  },
  "compression_ratio": {
    "mean": 638.7443066367126,
    "std": 2.6136674605208485
  }
}