{
  "language": "slovakia",
  "dataset": "eurospeech",
  "num_samples": 100,
  "metrics": {
    "mse": {
      "mean": 0.08450668160799005,
      "std": 0.02295644206060097,
      "min": 0.028810935811567497,
      "max": 0.14946410381178052,
      "median": 0.08440800493539673
    },
    "snr_db": {
      "mean": -2.8550171921365894,
      "std": 0.7645641812963443,
      "min": -4.793459178239702,
      "max": -0.7583097121221767,
      "median": -2.927516854359787
    },
    "sdr_db": {
      "mean": -2.933357826048729,
      "std": 0.8398470611290825,
      "min": -5.906467469305847,
      "max": -0.8005934243167739,
      "median": -2.9950522707641083
    },
    "pesq": {
      "mean": 1.187211546897888,
      "std": 0.08060663267463554,
      "min": 1.061008334159851,
      "max": 1.5414382219314575,
      "median": 1.1890233159065247
    },
    "stoi": {
      "mean": 0.7549976534582781,
      "std": 0.06206040571178759,
      "min": 0.41609436830835983,
      "max": 0.843346343396862,
      "median": 0.768921947588754
    },
    "estoi": {
      "mean": 0.5631891795856194,
      "std": 0.06826728872173671,
      "min": 0.2909970300559037,
      "max": 0.7063194904805737,
      "median": 0.5716130389824607
    }
  },
  "tokens_per_second": {
    "mean": 25.013537862742865,
    "std": 0.019739581070252456
  },
  "compression_ratio": {
    "mean": 639.6540165406019,
    "std": 0.5046610460077962
  }
}