{
  "language": "greece",
  "dataset": "eurospeech",
  "num_samples": 100,
  "metrics": {
    "mse": {
      "mean": 0.06522783964533964,
      "std": 0.015305367300130107,
      "min": 0.03067769367812619,
      "max": 0.10350164940717974,
      "median": 0.06361754692018333
    },
    "snr_db": {
      "mean": -2.252546412890404,
      "std": 0.724243844155822,
      "min": -4.538758802831947,
      "max": -0.8501254413071544,
      "median": -2.157280452200099
    },
    "sdr_db": {
      "mean": -2.199508454165147,
      "std": 0.6756979078810232,
      "min": -3.905743547082892,
      "max": -0.8882421767162519,
      "median": -2.1190659461076717
    },
    "pesq": {
      "mean": 1.0959406197071075,
      "std": 0.03509674258018081,
      "min": 1.049857497215271,
      "max": 1.1978380680084229,
      "median": 1.0811097621917725
    },
    "stoi": {
      "mean": 0.6106036640780137,
      "std": 0.05762251155196675,
      "min": 0.4632238958612848,
      "max": 0.7302706623491246,
      "median": 0.6004238388056464
    },
    "estoi": {
      "mean": 0.37848072536659244,
      "std": 0.046698130985029083,
      "min": 0.27110961709256937,
      "max": 0.4854642880382063,
      "median": 0.3736740024056635
    }
  },
  "tokens_per_second": {
    "mean": 25.01357758251169,
    "std": 0.020117553062510656
  },
  "compression_ratio": {
    "mean": 639.6530162351894,
    "std": 0.5143513101067888
  }
}