{
  "language": "slovenia",
  "dataset": "eurospeech",
  "num_samples": 100,
  "metrics": {
    "mse": {
      "mean": 0.04817620560594169,
      "std": 0.01756072443206823,
      "min": 0.01378057004822562,
      "max": 0.08456815428955362,
      "median": 0.04590985505854318
    },
    "snr_db": {
      "mean": -3.3132816748779508,
      "std": 1.1065384170494237,
      "min": -6.506358557227055,
      "max": -0.9919448776845015,
      "median": -3.2250317771423322
    },
    "sdr_db": {
      "mean": -3.2694869199264174,
      "std": 1.0889391129079682,
      "min": -6.499933065531911,
      "max": -1.018564516473175,
      "median": -3.2581828311458088
    },
    "pesq": {
      "mean": 1.117262794971466,
      "std": 0.04764556717918483,
      "min": 1.034961462020874,
      "max": 1.3018611669540405,
      "median": 1.1092928647994995
    },
    "stoi": {
      "mean": 0.7032187196222176,
      "std": 0.06633934733667671,
      "min": 0.44963830264718263,
      "max": 0.789510517678273,
      "median": 0.7186909449810079
    },
    "estoi": {
      "mean": 0.511573834296518,
      "std": 0.08365267833643986,
      "min": 0.2564733771959622,
      "max": 0.6459025497287494,
      "median": 0.5192956409973297
    }
  },
  "tokens_per_second": {
    "mean": 25.014887356920827,
    "std": 0.020224827425056557
  },
  "compression_ratio": {
    "mean": 639.6195285922457,
    "std": 0.5171379220011787
  }
}