{
  "language": "te_in",
  "dataset": "fleurs",
  "num_samples": 100,
  "metrics": {
    "mse": {
      "mean": 0.05035877279097727,
      "std": 0.0256732088296317,
      "min": 0.014615227606511889,
      "max": 0.13420451075755724,
      "median": 0.04465433925734937
    },
    "snr_db": {
      "mean": -4.063768652972816,
      "std": 1.7473839042441035,
      "min": -9.760021295002858,
      "max": -0.768248489800804,
      "median": -3.9281238932445484
    },
    "sdr_db": {
      "mean": -4.063898522704148,
      "std": 1.7463397880495939,
      "min": -9.731146125408214,
      "max": -0.7649156345073262,
      "median": -3.884873033469055
    },
    "pesq": {
      "mean": 1.1114396846294403,
      "std": 0.05684942604183136,
      "min": 1.0324735641479492,
      "max": 1.2894084453582764,
      "median": 1.1018943786621094
    },
    "stoi": {
      "mean": 0.6489781741499708,
      "std": 0.10540922380464825,
      "min": 0.21100147019196688,
      "max": 0.828551893500449,
      "median": 0.6639949178176576
    },
    "estoi": {
      "mean": 0.47919602945625045,
      "std": 0.12622874316758143,
      "min": 0.09845379508667298,
      "max": 0.6917177994826013,
      "median": 0.49125637597317234
    }
  },
  "tokens_per_second": {
    "mean": 25.015593150527966,
    "std": 0.024300893883206325
  },
  "compression_ratio": {
    "mean": 639.6016669477559,
    "std": 0.6205028459715368
  }
}