{
  "language": "sw_ke",
  "dataset": "fleurs",
  "num_samples": 100,
  "metrics": {
    "mse": {
      "mean": 0.02922076744779201,
      "std": 0.013099119359851337,
      "min": 0.004806223491197577,
      "max": 0.07705446983315545,
      "median": 0.024991244995950793
    },
    "snr_db": {
      "mean": -3.927569874611703,
      "std": 2.1776006641776355,
      "min": -13.328861300043261,
      "max": -0.28923005986699274,
      "median": -3.4340104305949177
    },
    "sdr_db": {
      "mean": -3.9122868886430924,
      "std": 2.248062252532822,
      "min": -13.131989835673643,
      "max": -0.31665824804224607,
      "median": -3.468205398506172
    },
    "pesq": {
      "mean": 1.174110199213028,
      "std": 0.09927869051215746,
      "min": 1.0426141023635864,
      "max": 1.5401067733764648,
      "median": 1.1527381539344788
    },
    "stoi": {
      "mean": 0.6910705678853937,
      "std": 0.07922983506506304,
      "min": 0.3333114462798802,
      "max": 0.8330737820393899,
      "median": 0.7038054089918464
    },
    "estoi": {
      "mean": 0.5174921158637528,
      "std": 0.10843079713833058,
      "min": 0.18242681560362337,
      "max": 0.7656589308321877,
      "median": 0.5120646749149078
    }
  },
  "tokens_per_second": {
    "mean": 25.016587096205313,
    "std": 0.02158576706209676
  },
  "compression_ratio": {
    "mean": 639.5761276634761,
    "std": 0.5513981306733533
  }
}