{
  "language": "lithuania",
  "dataset": "eurospeech",
  "num_samples": 100,
  "metrics": {
    "mse": {
      "mean": 0.03758433336652432,
      "std": 0.01944865610225569,
      "min": 0.005825061578516551,
      "max": 0.08651795495740226,
      "median": 0.03358286562460167
    },
    "snr_db": {
      "mean": -3.101123023165934,
      "std": 1.378109820380356,
      "min": -11.963713067796554,
      "max": -1.1438507735335208,
      "median": -2.8256071254874042
    },
    "sdr_db": {
      "mean": -3.2544814044830668,
      "std": 1.3864658732429367,
      "min": -10.601048719516434,
      "max": -1.043215115522426,
      "median": -2.9444945951981056
    },
    "pesq": {
      "mean": 1.1351982128620148,
      "std": 0.06799723105000026,
      "min": 1.0375598669052124,
      "max": 1.3749667406082153,
      "median": 1.1319608092308044
    },
    "stoi": {
      "mean": 0.7158411896909637,
      "std": 0.0949736451703032,
      "min": 0.2691267966190186,
      "max": 0.8265424138026353,
      "median": 0.7354312050551747
    },
    "estoi": {
      "mean": 0.5370122631224138,
      "std": 0.11261879751289249,
      "min": 0.14062470056311954,
      "max": 0.7086177767797011,
      "median": 0.5687611286726924
    }
  },
  "tokens_per_second": {
    "mean": 25.011230059978153,
    "std": 0.02046988626690701
  },
  "compression_ratio": {
    "mean": 639.7130679345812,
    "std": 0.5234269416838194
  }
}