{
  "language": "gl_es",
  "dataset": "fleurs",
  "num_samples": 100,
  "metrics": {
    "mse": {
      "mean": 0.02671544781870292,
      "std": 0.01143846357559004,
      "min": 0.013037441376028898,
      "max": 0.06856052151297777,
      "median": 0.021972706311176066
    },
    "snr_db": {
      "mean": -3.1952456582567232,
      "std": 1.2385252036702945,
      "min": -7.42682304576136,
      "max": -0.4233326035226075,
      "median": -3.0020329278994837
    },
    "sdr_db": {
      "mean": -3.1649602181646994,
      "std": 1.2640740944192734,
      "min": -7.594588880841107,
      "max": -0.18095594375386775,
      "median": -3.0384307592103204
    },
    "pesq": {
      "mean": 1.2529246473312379,
      "std": 0.12054800313792322,
      "min": 1.0530498027801514,
      "max": 1.580901026725769,
      "median": 1.2405078411102295
    },
    "stoi": {
      "mean": 0.7594066942226725,
      "std": 0.06228305076806711,
      "min": 0.5262164794459104,
      "max": 0.8376854019326843,
      "median": 0.7807414327996365
    },
    "estoi": {
      "mean": 0.6062565076385017,
      "std": 0.07156312083930737,
      "min": 0.41505084382601903,
      "max": 0.7448313403250373,
      "median": 0.6196786432144821
    }
  },
  "tokens_per_second": {
    "mean": 25.026234760018724,
    "std": 0.026565856749165746
  },
  "compression_ratio": {
    "mean": 639.3298143820649,
    "std": 0.6784576776291199
  }
}