{
  "language": "ru_ru",
  "dataset": "fleurs",
  "num_samples": 100,
  "metrics": {
    "mse": {
      "mean": 0.029888757002349577,
      "std": 0.013758728368281346,
      "min": 0.0053095195892942535,
      "max": 0.08130655914051746,
      "median": 0.026990469337379593
    },
    "snr_db": {
      "mean": -3.1751522411935365,
      "std": 1.6155539326454809,
      "min": -10.335298556885483,
      "max": -1.0420006999594966,
      "median": -2.7977729600938845
    },
    "sdr_db": {
      "mean": -3.556769678621305,
      "std": 2.706862127903428,
      "min": -18.41283354369478,
      "max": -0.9709713625835348,
      "median": -2.830874962994481
    },
    "pesq": {
      "mean": 1.189725159406662,
      "std": 0.08574304412263094,
      "min": 1.0331621170043945,
      "max": 1.4036935567855835,
      "median": 1.1752302646636963
    },
    "stoi": {
      "mean": 0.7320302644587255,
      "std": 0.05547007165861017,
      "min": 0.5764717379061369,
      "max": 0.8512190999620185,
      "median": 0.7379686550026152
    },
    "estoi": {
      "mean": 0.5609411637518382,
      "std": 0.08086687347961123,
      "min": 0.3356990392581207,
      "max": 0.7895379399769081,
      "median": 0.569176028743353
    }
  },
  "tokens_per_second": {
    "mean": 25.019668330497876,
    "std": 0.02647811023188004
  },
  "compression_ratio": {
    "mean": 639.497602059242,
    "std": 0.6760935658693298
  }
}