{
  "language": "bulgaria",
  "dataset": "eurospeech",
  "num_samples": 100,
  "metrics": {
    "mse": {
      "mean": 0.027166039380260867,
      "std": 0.008885859148886332,
      "min": 0.007128720779560947,
      "max": 0.05550569817671664,
      "median": 0.025816387957590007
    },
    "snr_db": {
      "mean": -2.229594951712074,
      "std": 0.9336956022784888,
      "min": -6.701552318632366,
      "max": -0.7698797023214268,
      "median": -2.090166860812033
    },
    "sdr_db": {
      "mean": -2.3655816765957836,
      "std": 1.2431953551156105,
      "min": -9.952962818992617,
      "max": -0.7169795054344781,
      "median": -2.068714478617207
    },
    "pesq": {
      "mean": 1.072934398651123,
      "std": 0.04908938149918532,
      "min": 1.033617615699768,
      "max": 1.3499559164047241,
      "median": 1.0547846555709839
    },
    "stoi": {
      "mean": 0.6685786119380451,
      "std": 0.07114864149188667,
      "min": 0.27574164604331347,
      "max": 0.7725469542979985,
      "median": 0.6803534804017187
    },
    "estoi": {
      "mean": 0.39789903657700004,
      "std": 0.07405345312702306,
      "min": 0.1435540870763354,
      "max": 0.5839391046222576,
      "median": 0.3993861095441361
    }
  },
  "tokens_per_second": {
    "mean": 25.016108748851035,
    "std": 0.02047309781297757
  },
  "compression_ratio": {
    "mean": 639.5883099691918,
    "std": 0.523452139716814
  }
}