{
  "language": "he_il",
  "dataset": "fleurs",
  "num_samples": 100,
  "metrics": {
    "mse": {
      "mean": 0.036707487140520106,
      "std": 0.01430597704524884,
      "min": 0.00872402524735257,
      "max": 0.07004613008968802,
      "median": 0.03616367146152054
    },
    "snr_db": {
      "mean": -3.787019945743923,
      "std": 1.885338310198203,
      "min": -12.229876882068893,
      "max": -1.1188035415032538,
      "median": -3.3552903692183493
    },
    "sdr_db": {
      "mean": -3.851685982313721,
      "std": 1.9294735047912719,
      "min": -12.277224287049355,
      "max": -1.1433355024771445,
      "median": -3.2892437715001535
    },
    "pesq": {
      "mean": 1.1504517912864685,
      "std": 0.11027161631246643,
      "min": 1.0207016468048096,
      "max": 1.4893436431884766,
      "median": 1.1250103116035461
    },
    "stoi": {
      "mean": 0.6713517411460524,
      "std": 0.08689817744109622,
      "min": 0.5082011859232369,
      "max": 0.8306508346772106,
      "median": 0.6725665536594737
    },
    "estoi": {
      "mean": 0.48342370970349186,
      "std": 0.11548129790145042,
      "min": 0.2741250210649451,
      "max": 0.704588139045015,
      "median": 0.48445967795691836
    }
  },
  "tokens_per_second": {
    "mean": 25.026625113751116,
    "std": 0.030834969047891393
  },
  "compression_ratio": {
    "mean": 639.3200917488878,
    "std": 0.7868958697351728
  }
}