{
  "language": "fa_ir",
  "dataset": "fleurs",
  "num_samples": 100,
  "metrics": {
    "mse": {
      "mean": 0.031731863865671256,
      "std": 0.01747099015887492,
      "min": 0.012781724200472789,
      "max": 0.08649997991448848,
      "median": 0.025975526043726632
    },
    "snr_db": {
      "mean": -3.953504284336422,
      "std": 1.7917484741112089,
      "min": -10.306831304978392,
      "max": -0.9137354437996797,
      "median": -3.401256538130162
    },
    "sdr_db": {
      "mean": -3.9557340175916136,
      "std": 1.838619810563361,
      "min": -9.962432222658936,
      "max": -0.8804144114504897,
      "median": -3.4461724494491923
    },
    "pesq": {
      "mean": 1.180581636428833,
      "std": 0.0946947176576976,
      "min": 1.0402055978775024,
      "max": 1.4893319606781006,
      "median": 1.1573266386985779
    },
    "stoi": {
      "mean": 0.72510343361534,
      "std": 0.06528274771150012,
      "min": 0.49042158885432996,
      "max": 0.835372049697742,
      "median": 0.7402809452048658
    },
    "estoi": {
      "mean": 0.5556476167866514,
      "std": 0.0791431259732335,
      "min": 0.34268844380962216,
      "max": 0.7023151838101712,
      "median": 0.57227675503253
    }
  },
  "tokens_per_second": {
    "mean": 25.01187806202807,
    "std": 0.01972056407596325
  },
  "compression_ratio": {
    "mean": 639.6964632539137,
    "std": 0.5038202498322214
  }
}