{
  "language": "country",
  "dataset": "gtzan",
  "num_samples": 24,
  "metrics": {
    "mse": {
      "mean": 0.07765899264285246,
      "std": 0.033701388906275734,
      "min": 0.0298653485190702,
      "max": 0.14271378912640928,
      "median": 0.07033860474021211
    },
    "snr_db": {
      "mean": -3.3262056050216393,
      "std": 1.8692361408255223,
      "min": -7.778300548649568,
      "max": -1.007480173905372,
      "median": -2.988583607044677
    },
    "sdr_db": {
      "mean": -3.2061561426757508,
      "std": 1.8024043807830537,
      "min": -7.607492943703812,
      "max": -1.0127418917473512,
      "median": -2.9336719346371014
    },
    "pesq": {
      "mean": 1.0406571924686432,
      "std": 0.009848580440204292,
      "min": 1.0242091417312622,
      "max": 1.064835548400879,
      "median": 1.0406054258346558
    },
    "stoi": {
      "mean": 0.3503811047093426,
      "std": 0.08231433184635566,
      "min": 0.18285136976187033,
      "max": 0.507585548436098,
      "median": 0.348865206215777
    },
    "estoi": {
      "mean": 0.2095288557437108,
      "std": 0.05300309015353937,
      "min": 0.09194397468945485,
      "max": 0.3532833846891733,
      "median": 0.21079746287819584
    }
  },
  "tokens_per_second": {
    "mean": 25.01825437415758,
    "std": 0.007974579361002904
  },
  "compression_ratio": {
    "mean": 881.3565451738855,
    "std": 0.2810792774366223
  }
}