{
  "language": "malta",
  "dataset": "eurospeech",
  "num_samples": 100,
  "metrics": {
    "mse": {
      "mean": 0.0555638195506343,
      "std": 0.022727256536959815,
      "min": 0.015093021609302905,
      "max": 0.11998454234150537,
      "median": 0.056106423729687105
    },
    "snr_db": {
      "mean": -6.792669526028975,
      "std": 1.095359592152451,
      "min": -9.375686220368427,
      "max": -4.264279699982218,
      "median": -6.793060257288603
    },
    "sdr_db": {
      "mean": -6.741802375356167,
      "std": 1.3518689665909291,
      "min": -10.22831929131952,
      "max": -3.0211756341259903,
      "median": -6.766738269052899
    },
    "pesq": {
      "mean": 1.1114829635620118,
      "std": 0.038485426167252486,
      "min": 1.0263618230819702,
      "max": 1.2362083196640015,
      "median": 1.103489637374878
    },
    "stoi": {
      "mean": 0.6453319399913514,
      "std": 0.09707293828496624,
      "min": 0.2380916182916612,
      "max": 0.7612780360176717,
      "median": 0.6782783907886134
    },
    "estoi": {
      "mean": 0.4047903274501931,
      "std": 0.09960531547762319,
      "min": 0.08669910827904727,
      "max": 0.5747862715254611,
      "median": 0.41353891688374367
    }
  },
  "tokens_per_second": {
    "mean": 25.015575644578984,
    "std": 0.019487235095512135
  },
  "compression_ratio": {
    "mean": 639.6018998988023,
    "std": 0.4982409211463408
  }
}