{
  "language": "country",
  "dataset": "gtzan",
  "num_samples": 24,
  "metrics": {
    "mse": {
      "mean": 0.07764103898096492,
      "std": 0.033846882002808,
      "min": 0.029651724408095985,
      "max": 0.1434531966529454,
      "median": 0.0702546139624687
    },
    "snr_db": {
      "mean": -3.3208512975939013,
      "std": 1.8647257627987173,
      "min": -7.725946147177112,
      "max": -1.0046939617659205,
      "median": -3.0023193895363027
    },
    "sdr_db": {
      "mean": -3.200574540668692,
      "std": 1.796947808674956,
      "min": -7.555909887053626,
      "max": -1.0142502402624007,
      "median": -2.926983205005657
    },
    "pesq": {
      "mean": 1.0399040629466374,
      "std": 0.009371124446581251,
      "min": 1.0259801149368286,
      "max": 1.062961459159851,
      "median": 1.038270652294159
    },
    "stoi": {
      "mean": 0.3503984168730339,
      "std": 0.08220515838764308,
      "min": 0.18299324801125014,
      "max": 0.5075863977511175,
      "median": 0.3488894536184265
    },
    "estoi": {
      "mean": 0.20958387049354044,
      "std": 0.052901240186072014,
      "min": 0.09182361998752227,
      "max": 0.3529867205273246,
      "median": 0.21050092143831678
    }
  },
  "tokens_per_second": {
    "mean": 25.01825437415758,
    "std": 0.007974579361002904
  },
  "compression_ratio": {
    "mean": 881.3565451738855,
    "std": 0.2810792774366223
  }
}