{
  "language": "metal",
  "dataset": "gtzan",
  "num_samples": 25,
  "num_failed": 0,
  "metrics": {
    "mse": {
      "mean": 0.06697147421127737,
      "std": 0.021560184127526923,
      "min": 0.027205416838464246,
      "max": 0.11582508768878566,
      "median": 0.06156288186071089
    },
    "snr_db": {
      "mean": -3.405586298247382,
      "std": 1.674108597194142,
      "min": -7.193614408578251,
      "max": -0.6127472291632039,
      "median": -3.3046589903666246
    },
    "sdr_db": {
      "mean": -3.331931149142217,
      "std": 1.6501852064972944,
      "min": -7.1126366351964805,
      "max": -0.5845867462459162,
      "median": -3.2590052608928994
    },
    "pesq": {
      "mean": 1.0390404415130616,
      "std": 0.019694713056629256,
      "min": 1.017889142036438,
      "max": 1.1135143041610718,
      "median": 1.0323011875152588
    },
    "stoi": {
      "mean": 0.2810056112827737,
      "std": 0.06506907067457508,
      "min": 0.13138727077220397,
      "max": 0.39157832753031324,
      "median": 0.28905867738615265
    },
    "estoi": {
      "mean": 0.16413029250028607,
      "std": 0.039392628019148924,
      "min": 0.0828671557753179,
      "max": 0.24091711809976635,
      "median": 0.1617094297175049
    }
  },
  "tokens_per_second": {
    "mean": 25.033181961106816,
    "std": 3.552713678800501e-15
  },
  "compression_ratio": {
    "mean": 880.8308921438081,
    "std": 1.1368683772161603e-13
  }
}