{
  "language": "croatia",
  "dataset": "eurospeech",
  "num_samples": 100,
  "metrics": {
    "mse": {
      "mean": 0.03129801571782534,
      "std": 0.008743386652092575,
      "min": 0.012787742627348228,
      "max": 0.06192864924025311,
      "median": 0.03073004610566848
    },
    "snr_db": {
      "mean": -2.030881593054718,
      "std": 0.8033498552407995,
      "min": -5.821166631576765,
      "max": -0.919535035399045,
      "median": -1.8356189041008941
    },
    "sdr_db": {
      "mean": -1.9928154067501496,
      "std": 0.7751189521468576,
      "min": -5.2112935121746355,
      "max": -0.8704893548487043,
      "median": -1.770628303506219
    },
    "pesq": {
      "mean": 1.1131885242462158,
      "std": 0.05017109731184942,
      "min": 1.0303924083709717,
      "max": 1.2548972368240356,
      "median": 1.1132287979125977
    },
    "stoi": {
      "mean": 0.6416732453223999,
      "std": 0.06346789082486778,
      "min": 0.4232870763881933,
      "max": 0.7751418032648928,
      "median": 0.6507776235071724
    },
    "estoi": {
      "mean": 0.3851553221042357,
      "std": 0.06704940822474043,
      "min": 0.23326201195724228,
      "max": 0.526146975062353,
      "median": 0.3905510372344095
    }
  },
  "tokens_per_second": {
    "mean": 25.01546050717549,
    "std": 0.01930590070726068
  },
  "compression_ratio": {
    "mean": 639.6048365347798,
    "std": 0.4935557134541732
  }
}