{
  "language": "ro_ro",
  "dataset": "fleurs",
  "num_samples": 100,
  "metrics": {
    "mse": {
      "mean": 0.03005500639701126,
      "std": 0.012315768404417324,
      "min": 0.002600713379339885,
      "max": 0.05985164384098635,
      "median": 0.02901526861987383
    },
    "snr_db": {
      "mean": -3.6430576843006683,
      "std": 3.4655375967424993,
      "min": -22.521767313277397,
      "max": -0.7872072906885672,
      "median": -2.507631745450575
    },
    "sdr_db": {
      "mean": -3.6051788068366686,
      "std": 3.36006073049845,
      "min": -22.20753310184962,
      "max": -0.801088833948932,
      "median": -2.6136928939116375
    },
    "pesq": {
      "mean": 1.2420327281951904,
      "std": 0.13184106105607524,
      "min": 1.063039779663086,
      "max": 1.640893816947937,
      "median": 1.2160087823867798
    },
    "stoi": {
      "mean": 0.6993395437389865,
      "std": 0.0922783571721805,
      "min": 0.46041753119037965,
      "max": 0.8597440782219797,
      "median": 0.7032858453680515
    },
    "estoi": {
      "mean": 0.5442260297322981,
      "std": 0.09859253026316565,
      "min": 0.28459391985933286,
      "max": 0.7243293968445585,
      "median": 0.5381761956225224
    }
  },
  "tokens_per_second": {
    "mean": 25.018737633082864,
    "std": 0.02223121835381354
  },
  "compression_ratio": {
    "mean": 639.5211805494387,
    "std": 0.5679836380489948
  }
}