{
  "language": "blues",
  "dataset": "gtzan",
  "num_samples": 25,
  "metrics": {
    "mse": {
      "mean": 0.06925008072692317,
      "std": 0.019627310379952325,
      "min": 0.031478118616429074,
      "max": 0.10533688392373407,
      "median": 0.07026255097158955
    },
    "snr_db": {
      "mean": -4.964976388819083,
      "std": 1.686367551837728,
      "min": -8.617661613519278,
      "max": -1.9809034601426412,
      "median": -4.883650250569738
    },
    "sdr_db": {
      "mean": -4.960206005113948,
      "std": 1.8002269368877668,
      "min": -9.393081813418513,
      "max": -1.9429570879017404,
      "median": -5.011668451844028
    },
    "pesq": {
      "mean": 1.0442296886444091,
      "std": 0.01497496660504413,
      "min": 1.0185818672180176,
      "max": 1.0848751068115234,
      "median": 1.0430278778076172
    },
    "stoi": {
      "mean": 0.4915535055357727,
      "std": 0.05418618642885946,
      "min": 0.3777026401841061,
      "max": 0.57905428182468,
      "median": 0.5006996347783645
    },
    "estoi": {
      "mean": 0.21765298515849715,
      "std": 0.03313449599757228,
      "min": 0.15520752078513816,
      "max": 0.2798078776334656,
      "median": 0.21790711177976796
    }
  },
  "tokens_per_second": {
    "mean": 25.02221235006664,
    "std": 0.0
  },
  "compression_ratio": {
    "mean": 881.2170439414116,
    "std": 1.1368683772161603e-13
  }
}