{
  "language": "pop",
  "dataset": "gtzan",
  "num_samples": 25,
  "num_failed": 0,
  "metrics": {
    "mse": {
      "mean": 0.0776992595661379,
      "std": 0.02083952257945355,
      "min": 0.023657030750037188,
      "max": 0.12242830225464034,
      "median": 0.07454187819722484
    },
    "snr_db": {
      "mean": -2.7170659047417844,
      "std": 0.9386487349935498,
      "min": -5.180128001920053,
      "max": -0.8153956900999239,
      "median": -2.6529315573791132
    },
    "sdr_db": {
      "mean": -2.7179869248524766,
      "std": 0.9245751078836274,
      "min": -5.173247466635919,
      "max": -0.8211745335641859,
      "median": -2.6449078595854796
    },
    "pesq": {
      "mean": 1.0339187622070312,
      "std": 0.008882202513161656,
      "min": 1.0227811336517334,
      "max": 1.0594723224639893,
      "median": 1.0304583311080933
    },
    "stoi": {
      "mean": 0.3623652216727324,
      "std": 0.06359373202490848,
      "min": 0.24529634344639628,
      "max": 0.4863309279937958,
      "median": 0.37705400509175774
    },
    "estoi": {
      "mean": 0.2144414197709106,
      "std": 0.058001632455926606,
      "min": 0.12994107341462513,
      "max": 0.32237852274199974,
      "median": 0.208975088337372
    }
  },
  "tokens_per_second": {
    "mean": 25.033181961106816,
    "std": 3.552713678800501e-15
  },
  "compression_ratio": {
    "mean": 880.8308921438081,
    "std": 1.1368683772161603e-13
  }
}