{
  "language": "yo_ng",
  "dataset": "fleurs",
  "num_samples": 100,
  "metrics": {
    "mse": {
      "mean": 0.023395573974291962,
      "std": 0.012540091598183192,
      "min": 0.004022690287860734,
      "max": 0.06971820605272795,
      "median": 0.02141329588562379
    },
    "snr_db": {
      "mean": -4.539799438394324,
      "std": 1.9866416681880514,
      "min": -11.47924286853025,
      "max": -1.3460158676263974,
      "median": -4.054714057443311
    },
    "sdr_db": {
      "mean": -4.7520965436263385,
      "std": 2.245855344307806,
      "min": -11.991856401370367,
      "max": -1.3641570380712789,
      "median": -4.233418108828348
    },
    "pesq": {
      "mean": 1.1568981695175171,
      "std": 0.09355453974118842,
      "min": 1.0376631021499634,
      "max": 1.4001402854919434,
      "median": 1.1267760396003723
    },
    "stoi": {
      "mean": 0.6920890532288905,
      "std": 0.07436602272605841,
      "min": 0.3914282199395245,
      "max": 0.8083462595035383,
      "median": 0.6985949687832713
    },
    "estoi": {
      "mean": 0.49584462190762774,
      "std": 0.10076372011790506,
      "min": 0.21769771507384778,
      "max": 0.6857542233675856,
      "median": 0.49673988308383865
    }
  },
  "tokens_per_second": {
    "mean": 25.01230089703927,
    "std": 0.018999039561888285
  },
  "compression_ratio": {
    "mean": 639.6856206536763,
    "std": 0.48546141351970706
  }
}