{
  "language": "ca_es",
  "dataset": "fleurs",
  "num_samples": 100,
  "metrics": {
    "mse": {
      "mean": 0.03362998702678433,
      "std": 0.020641704727886498,
      "min": 0.007396321212295405,
      "max": 0.09604196189271574,
      "median": 0.028596569501870308
    },
    "snr_db": {
      "mean": -3.436074525614229,
      "std": 1.0646730739607113,
      "min": -6.100220983666445,
      "max": -1.4366976583994597,
      "median": -3.3506153224362727
    },
    "sdr_db": {
      "mean": -3.3947391495750487,
      "std": 1.1177413525590887,
      "min": -6.304064317543088,
      "max": -1.3633372916941906,
      "median": -3.276962664385649
    },
    "pesq": {
      "mean": 1.1665763103961944,
      "std": 0.09604497862857217,
      "min": 1.0456334352493286,
      "max": 1.3845738172531128,
      "median": 1.1524099707603455
    },
    "stoi": {
      "mean": 0.6706446914685736,
      "std": 0.09636227148111023,
      "min": 0.40615692294221367,
      "max": 0.8273955222448376,
      "median": 0.6836669852011809
    },
    "estoi": {
      "mean": 0.48681439549243366,
      "std": 0.11406369868579119,
      "min": 0.25777436913211277,
      "max": 0.6960766602114639,
      "median": 0.46089018435452367
    }
  },
  "tokens_per_second": {
    "mean": 25.015327571081507,
    "std": 0.024077912504398967
  },
  "compression_ratio": {
    "mean": 639.6084463895078,
    "std": 0.6148237311339007
  }
}