{
  "language": "WavCaps",
  "dataset": "naturelm",
  "num_samples": 98,
  "metrics": {
    "mse": {
      "mean": 0.042768788800239994,
      "std": 0.054309864378221905,
      "min": 0.00042140170549754305,
      "max": 0.3092286385695458,
      "median": 0.02632112221096387
    },
    "snr_db": {
      "mean": -4.337865698729414,
      "std": 3.1489713392324945,
      "min": -16.664553230860257,
      "max": -0.3995878525034105,
      "median": -3.7828305308601875
    },
    "sdr_db": {
      "mean": -4.220264451654463,
      "std": 3.1770768787519192,
      "min": -16.24449639017567,
      "max": -0.3941016984310548,
      "median": -3.6784869374815647
    },
    "pesq": null,
    "stoi": null,
    "estoi": null
  },
  "tokens_per_second": {
    "mean": 25.02019876280448,
    "std": 0.06600147725424163
  },
  "compression_ratio": {
    "mean": 639.4877557815299,
    "std": 1.67811873368431
  }
}