{
  "language": "bn_in",
  "dataset": "fleurs",
  "num_samples": 100,
  "metrics": {
    "mse": {
      "mean": 0.038870381203072575,
      "std": 0.01982682931112192,
      "min": 0.010906379981240133,
      "max": 0.10549630006389313,
      "median": 0.0348587005931917
    },
    "snr_db": {
      "mean": -4.115806724978361,
      "std": 2.4136288105865678,
      "min": -16.658385207778007,
      "max": -0.4380287970930042,
      "median": -3.85164408092192
    },
    "sdr_db": {
      "mean": -4.16449094721785,
      "std": 2.4735556675148533,
      "min": -16.659597109912546,
      "max": -0.42768279799394626,
      "median": -3.7952592265192235
    },
    "pesq": {
      "mean": 1.1273704445362092,
      "std": 0.07943739081937365,
      "min": 1.0322425365447998,
      "max": 1.5031547546386719,
      "median": 1.1110819578170776
    },
    "stoi": {
      "mean": 0.6573310972337061,
      "std": 0.12639004904412324,
      "min": 0.31400394095488293,
      "max": 0.8389882546653917,
      "median": 0.6926803282841781
    },
    "estoi": {
      "mean": 0.48795739664409365,
      "std": 0.11829082501141742,
      "min": 0.21034799529699355,
      "max": 0.6612420048163904,
      "median": 0.51614171057853
    }
  },
  "tokens_per_second": {
    "mean": 25.014456353376133,
    "std": 0.023393787716252182
  },
  "compression_ratio": {
    "mean": 639.6306899695272,
    "std": 0.5974460970974906
  }
}