{
  "language": "italy",
  "dataset": "eurospeech",
  "num_samples": 100,
  "metrics": {
    "mse": {
      "mean": 0.059247126669080954,
      "std": 0.022863893568868105,
      "min": 0.02280193085428362,
      "max": 0.14636910989846133,
      "median": 0.05660919039718165
    },
    "snr_db": {
      "mean": -5.053105828497451,
      "std": 1.4161432786769133,
      "min": -8.443292909523004,
      "max": -2.501528554934884,
      "median": -5.16892422047559
    },
    "sdr_db": {
      "mean": -5.141317979403069,
      "std": 1.4559488741190092,
      "min": -8.491188569016245,
      "max": -2.4802408807831275,
      "median": -5.191020853868794
    },
    "pesq": {
      "mean": 1.136348066329956,
      "std": 0.04381836459859371,
      "min": 1.037165641784668,
      "max": 1.2808778285980225,
      "median": 1.1424309015274048
    },
    "stoi": {
      "mean": 0.7707505199705477,
      "std": 0.029505235718690903,
      "min": 0.6475908777198394,
      "max": 0.8234189141272716,
      "median": 0.7765813608605967
    },
    "estoi": {
      "mean": 0.5951475873844078,
      "std": 0.042177114209523706,
      "min": 0.43802165730918535,
      "max": 0.6915277893739588,
      "median": 0.5971973406470689
    }
  },
  "tokens_per_second": {
    "mean": 25.016783007395993,
    "std": 0.020098925977066386
  },
  "compression_ratio": {
    "mean": 639.5710560344503,
    "std": 0.5137900854995809
  }
}