{
  "language": "france",
  "dataset": "eurospeech",
  "num_samples": 100,
  "metrics": {
    "mse": {
      "mean": 0.03018460503500038,
      "std": 0.009479925315036464,
      "min": 0.008161143092180804,
      "max": 0.05814571470811412,
      "median": 0.028951567967805965
    },
    "snr_db": {
      "mean": -2.7639689605367845,
      "std": 1.1907794259055007,
      "min": -8.480804110208046,
      "max": -1.2353876225738991,
      "median": -2.350287001582859
    },
    "sdr_db": {
      "mean": -2.7923018998974998,
      "std": 1.2025973948794388,
      "min": -8.527303313195441,
      "max": -1.2229582584866943,
      "median": -2.4275286716483286
    },
    "pesq": {
      "mean": 1.1128562366962433,
      "std": 0.051746453894888286,
      "min": 1.030617356300354,
      "max": 1.2664918899536133,
      "median": 1.1074109077453613
    },
    "stoi": {
      "mean": 0.7483244235499577,
      "std": 0.04876468088427539,
      "min": 0.5135475131383463,
      "max": 0.8040880526148015,
      "median": 0.7626229735726726
    },
    "estoi": {
      "mean": 0.5678056289019331,
      "std": 0.0758897459338614,
      "min": 0.240500632638307,
      "max": 0.6689751449566461,
      "median": 0.5802399655099759
    }
  },
  "tokens_per_second": {
    "mean": 25.014765235781642,
    "std": 0.021547988475979035
  },
  "compression_ratio": {
    "mean": 639.6227076147874,
    "std": 0.5508849651537525
  }
}