{
  "language": "th_th",
  "dataset": "fleurs",
  "num_samples": 100,
  "metrics": {
    "mse": {
      "mean": 0.03393340863677312,
      "std": 0.018751952285364994,
      "min": 0.0022338474681926636,
      "max": 0.10083670873962713,
      "median": 0.03147021616230084
    },
    "snr_db": {
      "mean": -4.76054153625343,
      "std": 5.043721224398013,
      "min": -20.325013439846146,
      "max": -0.6104648720036331,
      "median": -3.1661981784544357
    },
    "sdr_db": {
      "mean": -4.841358177116481,
      "std": 5.212108283932904,
      "min": -20.714031334346608,
      "max": -0.5513268946506201,
      "median": -3.125787135209674
    },
    "pesq": {
      "mean": 1.1856132328510285,
      "std": 0.11006002637707009,
      "min": 1.0311636924743652,
      "max": 1.6018810272216797,
      "median": 1.1770505905151367
    },
    "stoi": {
      "mean": 0.7290880577588007,
      "std": 0.06361866318284932,
      "min": 0.5541502772964502,
      "max": 0.8448763159743243,
      "median": 0.7512948378771811
    },
    "estoi": {
      "mean": 0.5881114594136877,
      "std": 0.09406331712165614,
      "min": 0.36165823078641457,
      "max": 0.7389197151271685,
      "median": 0.6104820979652272
    }
  },
  "tokens_per_second": {
    "mean": 25.020472979351315,
    "std": 0.02592826897567007
  },
  "compression_ratio": {
    "mean": 639.4770064652823,
    "std": 0.661872181965458
  }
}