{
  "language": "nl_nl",
  "dataset": "fleurs",
  "num_samples": 100,
  "metrics": {
    "mse": {
      "mean": 0.02748223678659107,
      "std": 0.010212500615510793,
      "min": 0.009906624446172504,
      "max": 0.07509172710494703,
      "median": 0.025523549542853782
    },
    "snr_db": {
      "mean": -3.3006331641589175,
      "std": 1.1946984181182825,
      "min": -7.615466199801818,
      "max": -1.3157174941638903,
      "median": -3.083865392398355
    },
    "sdr_db": {
      "mean": -3.335891440045826,
      "std": 1.2117909989788818,
      "min": -7.635769484574027,
      "max": -1.2364512760521003,
      "median": -3.2491307514759753
    },
    "pesq": {
      "mean": 1.1683883845806122,
      "std": 0.08346864141598603,
      "min": 1.0430376529693604,
      "max": 1.493272066116333,
      "median": 1.1421061158180237
    },
    "stoi": {
      "mean": 0.7113846158642666,
      "std": 0.05954870987890767,
      "min": 0.5352279643855155,
      "max": 0.8203138436224658,
      "median": 0.721459357192711
    },
    "estoi": {
      "mean": 0.5496638750946009,
      "std": 0.07678738455818325,
      "min": 0.3642630496540784,
      "max": 0.7054225890417157,
      "median": 0.5577508441963689
    }
  },
  "tokens_per_second": {
    "mean": 25.026436433896578,
    "std": 0.03269501236097604
  },
  "compression_ratio": {
    "mean": 639.3250322680682,
    "std": 0.8343985241098815
  }
}