{
  "language": "vi_vn",
  "dataset": "fleurs",
  "num_samples": 100,
  "metrics": {
    "mse": {
      "mean": 0.024898094273469687,
      "std": 0.012774913109047917,
      "min": 0.0043913267194915385,
      "max": 0.06918776205166868,
      "median": 0.026561607492034654
    },
    "snr_db": {
      "mean": -4.738982576607126,
      "std": 2.3671965169524793,
      "min": -13.098177177226049,
      "max": -1.2099415187902514,
      "median": -4.171442497981143
    },
    "sdr_db": {
      "mean": -5.362569843723646,
      "std": 2.7212859947595778,
      "min": -13.144565050670327,
      "max": -1.4849992128916716,
      "median": -4.80564590532334
    },
    "pesq": {
      "mean": 1.1650401496887206,
      "std": 0.0878216125489896,
      "min": 1.0424014329910278,
      "max": 1.4752994775772095,
      "median": 1.153939962387085
    },
    "stoi": {
      "mean": 0.7092531314710757,
      "std": 0.0704081276288942,
      "min": 0.48927306889682626,
      "max": 0.8325060868772634,
      "median": 0.7220813100897214
    },
    "estoi": {
      "mean": 0.5681472598522496,
      "std": 0.10732757194204341,
      "min": 0.24658072614502125,
      "max": 0.7508848690630668,
      "median": 0.5938352409394232
    }
  },
  "tokens_per_second": {
    "mean": 25.01951987266396,
    "std": 0.026450021426794097
  },
  "compression_ratio": {
    "mean": 639.501395047811,
    "std": 0.6753115831221801
  }
}