{
  "language": "finland",
  "dataset": "eurospeech",
  "num_samples": 100,
  "metrics": {
    "mse": {
      "mean": 0.05525006691380715,
      "std": 0.03141339839914415,
      "min": 0.012790376267257113,
      "max": 0.12423404988352488,
      "median": 0.04359643533156494
    },
    "snr_db": {
      "mean": -3.245429939714094,
      "std": 1.7222183107731894,
      "min": -10.434167099345085,
      "max": -0.5440874399918645,
      "median": -2.8120512275111396
    },
    "sdr_db": {
      "mean": -3.2630755779171388,
      "std": 1.8873173929033067,
      "min": -11.646341988689507,
      "max": -0.5283412525729324,
      "median": -2.8449703289931287
    },
    "pesq": {
      "mean": 1.1916641068458558,
      "std": 0.09896300694138305,
      "min": 1.045729398727417,
      "max": 1.444507122039795,
      "median": 1.1977493166923523
    },
    "stoi": {
      "mean": 0.6939018381526384,
      "std": 0.14331904924404887,
      "min": 0.008343033675162452,
      "max": 0.8231090303414703,
      "median": 0.7410451956602433
    },
    "estoi": {
      "mean": 0.49433091117037087,
      "std": 0.12104791173554848,
      "min": -0.009148530064193881,
      "max": 0.6478247813660429,
      "median": 0.5153701399821509
    }
  },
  "tokens_per_second": {
    "mean": 25.01363949188451,
    "std": 0.019230887180921596
  },
  "compression_ratio": {
    "mean": 639.6513973707407,
    "std": 0.49162135310811966
  }
}