{
  "language": "ast_es",
  "dataset": "fleurs",
  "num_samples": 100,
  "metrics": {
    "mse": {
      "mean": 0.03470406845501055,
      "std": 0.019909114097597606,
      "min": 0.01064024379621247,
      "max": 0.10430619454906491,
      "median": 0.027413684416613928
    },
    "snr_db": {
      "mean": -3.671539174747636,
      "std": 1.5285192067784086,
      "min": -8.30145386874516,
      "max": -0.6114992591207027,
      "median": -3.5279860304229897
    },
    "sdr_db": {
      "mean": -3.811345600041877,
      "std": 1.5487715771103738,
      "min": -8.59056426485251,
      "max": -0.5003954373088706,
      "median": -3.9194192270008568
    },
    "pesq": {
      "mean": 1.171924855709076,
      "std": 0.08531266737827825,
      "min": 1.0520458221435547,
      "max": 1.413675308227539,
      "median": 1.1599307656288147
    },
    "stoi": {
      "mean": 0.7381591605272798,
      "std": 0.05358812242912733,
      "min": 0.5874821808401641,
      "max": 0.8231725389489314,
      "median": 0.7518410421439996
    },
    "estoi": {
      "mean": 0.5692836369114024,
      "std": 0.0953259124953204,
      "min": 0.32884760699880766,
      "max": 0.7496309363985769,
      "median": 0.5835723646672517
    }
  },
  "tokens_per_second": {
    "mean": 25.019999405612143,
    "std": 0.02529908745861542
  },
  "compression_ratio": {
    "mean": 639.489077813701,
    "std": 0.6461418909780274
  }
}