{
  "language": "disco",
  "dataset": "gtzan",
  "num_samples": 23,
  "metrics": {
    "mse": {
      "mean": 0.08202381802982665,
      "std": 0.024948081795942285,
      "min": 0.028495589477649658,
      "max": 0.12867676443161158,
      "median": 0.08182621803820415
    },
    "snr_db": {
      "mean": -3.5057229327771218,
      "std": 1.464931698458505,
      "min": -6.700142574620358,
      "max": -1.0894179957236534,
      "median": -2.9829748101739866
    },
    "sdr_db": {
      "mean": -3.427276798024157,
      "std": 1.4530286152645429,
      "min": -6.668047251262281,
      "max": -1.0446375937824446,
      "median": -3.002267228726434
    },
    "pesq": {
      "mean": 1.0300835526507834,
      "std": 0.007743617157240005,
      "min": 1.0225067138671875,
      "max": 1.0580997467041016,
      "median": 1.0280534029006958
    },
    "stoi": {
      "mean": 0.38887021922027387,
      "std": 0.06064326621968543,
      "min": 0.27628881342491596,
      "max": 0.5519011236432825,
      "median": 0.376716857345677
    },
    "estoi": {
      "mean": 0.2094206105584679,
      "std": 0.03474397830367158,
      "min": 0.13856392244536522,
      "max": 0.2696130725452002,
      "median": 0.19765246089179855
    }
  },
  "tokens_per_second": {
    "mean": 25.02039040581643,
    "std": 0.005856936681922448
  },
  "compression_ratio": {
    "mean": 881.2812610603488,
    "std": 0.20643217503093592
  }
}