{
  "language": "en_us",
  "dataset": "fleurs",
  "num_samples": 100,
  "metrics": {
    "mse": {
      "mean": 0.024093022696959378,
      "std": 0.009625424361686756,
      "min": 0.00431103287432768,
      "max": 0.05091140492551361,
      "median": 0.023100572463243617
    },
    "snr_db": {
      "mean": -3.6834336848780875,
      "std": 1.544570298898623,
      "min": -8.890760661768017,
      "max": -1.4394427715978921,
      "median": -3.39660410964329
    },
    "sdr_db": {
      "mean": -3.7894157149951417,
      "std": 1.8032007620962718,
      "min": -10.848869379223876,
      "max": -1.2053871827812808,
      "median": -3.430418827502246
    },
    "pesq": {
      "mean": 1.19780895113945,
      "std": 0.10572430922789705,
      "min": 1.04676353931427,
      "max": 1.5005545616149902,
      "median": 1.191935122013092
    },
    "stoi": {
      "mean": 0.7241099268910056,
      "std": 0.07162381912254509,
      "min": 0.4901513235860346,
      "max": 0.8348717775796209,
      "median": 0.7303196075271756
    },
    "estoi": {
      "mean": 0.5591794121906197,
      "std": 0.09075852259630754,
      "min": 0.31824118143435465,
      "max": 0.7157379143891489,
      "median": 0.5696040286077981
    }
  },
  "tokens_per_second": {
    "mean": 25.02166496502797,
    "std": 0.028228086504602047
  },
  "compression_ratio": {
    "mean": 639.4466701081537,
    "std": 0.7206460351960997
  }
}