{
  "language": "be_by",
  "dataset": "fleurs",
  "num_samples": 100,
  "metrics": {
    "mse": {
      "mean": 0.027111188510286127,
      "std": 0.009729553064247961,
      "min": 0.008335436375619426,
      "max": 0.059476203461350075,
      "median": 0.025978439216997985
    },
    "snr_db": {
      "mean": -3.994780469769342,
      "std": 1.9115297414530203,
      "min": -10.96414358069846,
      "max": -1.4803824073049465,
      "median": -3.466168960663146
    },
    "sdr_db": {
      "mean": -4.044500108398723,
      "std": 1.9563704169668272,
      "min": -10.90900888067741,
      "max": -1.6259334731402983,
      "median": -3.4824607088599833
    },
    "pesq": {
      "mean": 1.1874654626846313,
      "std": 0.09552102127361997,
      "min": 1.064414620399475,
      "max": 1.4665290117263794,
      "median": 1.1599552035331726
    },
    "stoi": {
      "mean": 0.738542225998655,
      "std": 0.06124347777776786,
      "min": 0.5675648875056443,
      "max": 0.8507195154043822,
      "median": 0.742784340171967
    },
    "estoi": {
      "mean": 0.5759503484924944,
      "std": 0.06521773582576357,
      "min": 0.4107666281841972,
      "max": 0.7029719033232937,
      "median": 0.5754810669415276
    }
  },
  "tokens_per_second": {
    "mean": 25.018898658636274,
    "std": 0.021885215264559586
  },
  "compression_ratio": {
    "mean": 639.517048851256,
    "std": 0.5590844787393091
  }
}