{
  "language": "rock",
  "dataset": "gtzan",
  "num_samples": 25,
  "metrics": {
    "mse": {
      "mean": 0.07018086270578468,
      "std": 0.02652107637163428,
      "min": 0.027062964457567684,
      "max": 0.15005765341953664,
      "median": 0.07124744189854929
    },
    "snr_db": {
      "mean": -3.2615731107015518,
      "std": 1.0420133136129626,
      "min": -4.79997914825122,
      "max": -1.4743084197399883,
      "median": -3.160147219120134
    },
    "sdr_db": {
      "mean": -3.217417422477203,
      "std": 1.0548006392417997,
      "min": -4.683946501785984,
      "max": -1.1753592823431858,
      "median": -3.22082749806737
    },
    "pesq": {
      "mean": 1.0367636966705323,
      "std": 0.010946540893979674,
      "min": 1.0215505361557007,
      "max": 1.0595637559890747,
      "median": 1.0368927717208862
    },
    "stoi": {
      "mean": 0.34607632384494946,
      "std": 0.08027204715589428,
      "min": 0.1555629557135379,
      "max": 0.4879809333951281,
      "median": 0.34330423442134994
    },
    "estoi": {
      "mean": 0.1907870783144985,
      "std": 0.060960957236741546,
      "min": 0.07537056884352403,
      "max": 0.3106978109029121,
      "median": 0.1987972864440927
    }
  },
  "tokens_per_second": {
    "mean": 25.021323856063972,
    "std": 0.004352713892107213
  },
  "compression_ratio": {
    "mean": 881.248362183755,
    "std": 0.1534274267650029
  }
}