{
  "language": "iNaturalist",
  "dataset": "naturelm",
  "num_samples": 99,
  "metrics": {
    "mse": {
      "mean": 0.022725631446986267,
      "std": 0.020059660770915724,
      "min": 0.0011060718993451781,
      "max": 0.09113027529864352,
      "median": 0.018697282551825026
    },
    "snr_db": {
      "mean": -4.095559008568414,
      "std": 3.699712303632938,
      "min": -17.215750329065635,
      "max": -0.17336381573697718,
      "median": -3.0818356708052614
    },
    "sdr_db": {
      "mean": -4.3902409448490545,
      "std": 4.062976508074208,
      "min": -20.11578945336746,
      "max": -0.1505210770435789,
      "median": -3.0687240997679637
    },
    "pesq": null,
    "stoi": null,
    "estoi": null
  },
  "tokens_per_second": {
    "mean": 25.02154865875917,
    "std": 0.042535519080031725
  },
  "compression_ratio": {
    "mean": 639.4506711185986,
    "std": 1.0833886363823144
  }
}