{
  "language": "bosnia-herzegovina",
  "dataset": "eurospeech",
  "num_samples": 100,
  "metrics": {
    "mse": {
      "mean": 0.020670738595672686,
      "std": 0.007618140942190005,
      "min": 0.006967401474472764,
      "max": 0.04071624086568517,
      "median": 0.0200683703289202
    },
    "snr_db": {
      "mean": -3.577020344698968,
      "std": 1.319193751006193,
      "min": -7.168587721664995,
      "max": -1.019397521192302,
      "median": -3.396338050896912
    },
    "sdr_db": {
      "mean": -3.7221875245704372,
      "std": 1.592890841083117,
      "min": -10.621419979389254,
      "max": -0.9628149700972273,
      "median": -3.426564740760126
    },
    "pesq": {
      "mean": 1.155234259366989,
      "std": 0.0770813880545288,
      "min": 1.041863203048706,
      "max": 1.4297035932540894,
      "median": 1.1474503874778748
    },
    "stoi": {
      "mean": 0.7413908708628602,
      "std": 0.05848518200519452,
      "min": 0.5087322646595653,
      "max": 0.8320713862660288,
      "median": 0.7493666460832928
    },
    "estoi": {
      "mean": 0.5297602664330643,
      "std": 0.070866507939821,
      "min": 0.31829621514978496,
      "max": 0.6646195049232585,
      "median": 0.5390291858360894
    }
  },
  "tokens_per_second": {
    "mean": 25.012364572447982,
    "std": 0.019838130110082272
  },
  "compression_ratio": {
    "mean": 639.6840257354879,
    "std": 0.5072489217819989
  }
}