{
  "language": "id_id",
  "dataset": "fleurs",
  "num_samples": 100,
  "metrics": {
    "mse": {
      "mean": 0.03723843154686775,
      "std": 0.023506710928365128,
      "min": 0.013853772119047394,
      "max": 0.1469192811202919,
      "median": 0.02891768710513047
    },
    "snr_db": {
      "mean": -3.1256431006252527,
      "std": 1.418793319398519,
      "min": -8.018962065997172,
      "max": -0.6656973469938322,
      "median": -2.9397994135496326
    },
    "sdr_db": {
      "mean": -3.1218025116643253,
      "std": 1.4209260435813067,
      "min": -7.98066589714537,
      "max": -0.6840533422109369,
      "median": -2.92772145297123
    },
    "pesq": {
      "mean": 1.1546358752250672,
      "std": 0.08450640664220856,
      "min": 1.0348689556121826,
      "max": 1.4082692861557007,
      "median": 1.1329569816589355
    },
    "stoi": {
      "mean": 0.6718370264016208,
      "std": 0.09439816296167962,
      "min": 0.4313384461813582,
      "max": 0.8048209847794522,
      "median": 0.6876804379912638
    },
    "estoi": {
      "mean": 0.4839718004807165,
      "std": 0.10644192242432807,
      "min": 0.22267843898104758,
      "max": 0.6731083755254971,
      "median": 0.502751326450821
    }
  },
  "tokens_per_second": {
    "mean": 25.022386908660746,
    "std": 0.0267426577947983
  },
  "compression_ratio": {
    "mean": 639.4281375862723,
    "std": 0.6827660606040853
  }
}