{
  "language": "norway",
  "dataset": "eurospeech",
  "num_samples": 100,
  "metrics": {
    "mse": {
      "mean": 0.02527540463967852,
      "std": 0.007905030407442124,
      "min": 0.009414467207277972,
      "max": 0.05399479256762355,
      "median": 0.024108171583918224
    },
    "snr_db": {
      "mean": -3.1468738937178897,
      "std": 1.047750938641568,
      "min": -6.423869848402443,
      "max": -1.1199955266238468,
      "median": -2.8718621392670665
    },
    "sdr_db": {
      "mean": -3.100618243873122,
      "std": 1.0769061740247758,
      "min": -6.240284699482271,
      "max": -1.1266753164960566,
      "median": -2.8329472295292675
    },
    "pesq": {
      "mean": 1.1235799872875214,
      "std": 0.0503610273024842,
      "min": 1.044990062713623,
      "max": 1.2422453165054321,
      "median": 1.1205823421478271
    },
    "stoi": {
      "mean": 0.735066832854623,
      "std": 0.049814730103391706,
      "min": 0.5560769680898531,
      "max": 0.8047096774298308,
      "median": 0.7465759909650163
    },
    "estoi": {
      "mean": 0.5572773433992095,
      "std": 0.06347082597348812,
      "min": 0.3688012103305492,
      "max": 0.6683640291632124,
      "median": 0.5666419336642821
    }
  },
  "tokens_per_second": {
    "mean": 25.01311913065854,
    "std": 0.020555480226752847
  },
  "compression_ratio": {
    "mean": 639.6647583487436,
    "std": 0.5256147854241487
  }
}