{
  "language": "oc_fr",
  "dataset": "fleurs",
  "num_samples": 100,
  "metrics": {
    "mse": {
      "mean": 0.028155422733956527,
      "std": 0.014100484608087039,
      "min": 0.009015728261675736,
      "max": 0.07371551786889673,
      "median": 0.023526921228545744
    },
    "snr_db": {
      "mean": -4.64548308666483,
      "std": 1.8376854414076884,
      "min": -10.100413415545313,
      "max": -0.9759999682032511,
      "median": -4.286006790352749
    },
    "sdr_db": {
      "mean": -4.789633294879375,
      "std": 1.9661527863473744,
      "min": -10.197708275904528,
      "max": -0.9892685574389932,
      "median": -4.322042369565216
    },
    "pesq": {
      "mean": 1.1765250384807586,
      "std": 0.08840539077949341,
      "min": 1.0432484149932861,
      "max": 1.4583628177642822,
      "median": 1.1684774160385132
    },
    "stoi": {
      "mean": 0.7362431931918918,
      "std": 0.06414640006356791,
      "min": 0.576248445587216,
      "max": 0.8381084438806332,
      "median": 0.7523784060037528
    },
    "estoi": {
      "mean": 0.531974322812202,
      "std": 0.06735684540750389,
      "min": 0.37749445355239986,
      "max": 0.6841608282970203,
      "median": 0.5339214733236326
    }
  },
  "tokens_per_second": {
    "mean": 25.01821241829721,
    "std": 0.02358742224875313
  },
  "compression_ratio": {
    "mean": 639.5346694180558,
    "std": 0.6023707976781997
  }
}