{
  "language": "reggae",
  "dataset": "gtzan",
  "num_samples": 25,
  "metrics": {
    "mse": {
      "mean": 0.07203184042980423,
      "std": 0.020126578368549614,
      "min": 0.026639292921965336,
      "max": 0.1145165376069902,
      "median": 0.07246976261149356
    },
    "snr_db": {
      "mean": -5.3729578799294995,
      "std": 1.2859465416164808,
      "min": -7.787608620971348,
      "max": -3.0268515366713613,
      "median": -5.216130503422486
    },
    "sdr_db": {
      "mean": -5.2612596379773295,
      "std": 1.246583356323256,
      "min": -7.705931530631441,
      "max": -3.1469584969274953,
      "median": -5.061226254293458
    },
    "pesq": {
      "mean": 1.0343121337890624,
      "std": 0.005712143361049374,
      "min": 1.0259528160095215,
      "max": 1.048435926437378,
      "median": 1.0327783823013306
    },
    "stoi": {
      "mean": 0.46075144026301784,
      "std": 0.057091233980331675,
      "min": 0.3045208242665203,
      "max": 0.5433836157939459,
      "median": 0.474145435471769
    },
    "estoi": {
      "mean": 0.23567957737568648,
      "std": 0.039525847398498425,
      "min": 0.12711910449669242,
      "max": 0.30676613888153925,
      "median": 0.24025467632445144
    }
  },
  "tokens_per_second": {
    "mean": 25.02221235006664,
    "std": 0.0
  },
  "compression_ratio": {
    "mean": 881.2170439414116,
    "std": 1.1368683772161603e-13
  }
}