{
  "language": "hiphop",
  "dataset": "gtzan",
  "num_samples": 18,
  "metrics": {
    "mse": {
      "mean": 0.10748211722690508,
      "std": 0.02925787414959791,
      "min": 0.057121479181280806,
      "max": 0.18536391748829964,
      "median": 0.10458981237812262
    },
    "snr_db": {
      "mean": -3.777948060834054,
      "std": 0.8025790617352133,
      "min": -5.727619949489684,
      "max": -2.2353372441329036,
      "median": -3.7471885847302326
    },
    "sdr_db": {
      "mean": -3.882365265000553,
      "std": 0.9476128946973582,
      "min": -6.669357207419046,
      "max": -2.2547431451578723,
      "median": -3.731099554473359
    },
    "pesq": {
      "mean": 1.0334409607781305,
      "std": 0.0053731826137108024,
      "min": 1.0229756832122803,
      "max": 1.0464913845062256,
      "median": 1.033393681049347
    },
    "stoi": {
      "mean": 0.4180046349439539,
      "std": 0.050661151064814516,
      "min": 0.298426961990765,
      "max": 0.49096280631259875,
      "median": 0.4265172550273147
    },
    "estoi": {
      "mean": 0.2742439613014231,
      "std": 0.053640002810518145,
      "min": 0.15144554215110403,
      "max": 0.3732197483381581,
      "median": 0.28656683778131004
    }
  },
  "tokens_per_second": {
    "mean": 25.02238444179757,
    "std": 0.0004886986955099421
  },
  "compression_ratio": {
    "mean": 881.2109836973746,
    "std": 0.01720961193180479
  }
}