{
  "language": "ja_jp",
  "dataset": "fleurs",
  "num_samples": 100,
  "metrics": {
    "mse": {
      "mean": 0.03356692567978104,
      "std": 0.01380813038218739,
      "min": 0.008005763052342863,
      "max": 0.07563596089999543,
      "median": 0.03026484660039884
    },
    "snr_db": {
      "mean": -3.4608130315530046,
      "std": 1.458256868910689,
      "min": -10.361737560988352,
      "max": -1.1874234615699983,
      "median": -3.265490662351948
    },
    "sdr_db": {
      "mean": -3.5128823538514435,
      "std": 1.4501482760463602,
      "min": -10.33336358575865,
      "max": -1.21037151082503,
      "median": -3.2451081388394174
    },
    "pesq": {
      "mean": 1.123676289319992,
      "std": 0.05566076957809473,
      "min": 1.0397688150405884,
      "max": 1.2690495252609253,
      "median": 1.1085450053215027
    },
    "stoi": {
      "mean": 0.6776933329127666,
      "std": 0.0743722435348877,
      "min": 0.5093322798014482,
      "max": 0.809807133622905,
      "median": 0.6749944633860436
    },
    "estoi": {
      "mean": 0.5068887683893643,
      "std": 0.11029697138071776,
      "min": 0.30602737031943245,
      "max": 0.7311151872353878,
      "median": 0.49119188085866594
    }
  },
  "tokens_per_second": {
    "mean": 25.019045888989016,
    "std": 0.025207366159570022
  },
  "compression_ratio": {
    "mean": 639.5134449287474,
    "std": 0.6436732244653695
  }
}