{
  "language": "Xeno-canto",
  "dataset": "naturelm",
  "num_samples": 99,
  "metrics": {
    "mse": {
      "mean": 0.017842459640359524,
      "std": 0.02088905280813194,
      "min": 0.0009947001202077527,
      "max": 0.13236993801467933,
      "median": 0.012017055837743974
    },
    "snr_db": {
      "mean": -3.841688406180647,
      "std": 2.7691024938417277,
      "min": -15.425707929628583,
      "max": -0.2966844867464274,
      "median": -3.1299544307272402
    },
    "sdr_db": {
      "mean": -4.904413359955705,
      "std": 3.651802993557063,
      "min": -16.717382614691857,
      "max": -0.2773866943352626,
      "median": -3.7357392410054864
    },
    "pesq": null,
    "stoi": null,
    "estoi": null
  },
  "tokens_per_second": {
    "mean": 25.017968538608468,
    "std": 0.05540307368625381
  },
  "compression_ratio": {
    "mean": 639.5434389884258,
    "std": 1.4013000484374107
  }
}