{
  "language": "es_419",
  "dataset": "fleurs",
  "num_samples": 100,
  "metrics": {
    "mse": {
      "mean": 0.043346053762399535,
      "std": 0.03754256645337633,
      "min": 0.008783643768601518,
      "max": 0.15253379563713654,
      "median": 0.029304635894271566
    },
    "snr_db": {
      "mean": -3.2273977918598344,
      "std": 1.962399969237772,
      "min": -8.99168133335023,
      "max": 0.12870384010307187,
      "median": -3.043289786600014
    },
    "sdr_db": {
      "mean": -3.2139558429879274,
      "std": 1.9557267231700752,
      "min": -8.748235717457714,
      "max": 0.08618326447522578,
      "median": -3.017118786765133
    },
    "pesq": {
      "mean": 1.23759290933609,
      "std": 0.43955825418727984,
      "min": 1.0298495292663574,
      "max": 3.7975823879241943,
      "median": 1.129612922668457
    },
    "stoi": {
      "mean": 0.6184819987198147,
      "std": 0.2567897214119523,
      "min": -0.009682909412100872,
      "max": 0.8324532782410939,
      "median": 0.7022387600518449
    },
    "estoi": {
      "mean": 0.4854465683872782,
      "std": 0.21671939239475235,
      "min": -0.01607422126900933,
      "max": 0.7560788033465937,
      "median": 0.5421034575842527
    }
  },
  "tokens_per_second": {
    "mean": 25.023430897577796,
    "std": 0.026325169411311192
  },
  "compression_ratio": {
    "mean": 639.4014379471887,
    "std": 0.672295342580977
  }
}