{
  "language": "hi_in",
  "dataset": "fleurs",
  "num_samples": 100,
  "metrics": {
    "mse": {
      "mean": 0.0368584618378027,
      "std": 0.022717751717592216,
      "min": 0.008412403810285329,
      "max": 0.0990408288602774,
      "median": 0.02887699935791361
    },
    "snr_db": {
      "mean": -3.756395829279358,
      "std": 1.364196758878082,
      "min": -7.592803298214916,
      "max": -1.459603671137255,
      "median": -3.578296077030218
    },
    "sdr_db": {
      "mean": -3.7680558120148953,
      "std": 1.3615296675671607,
      "min": -7.4941777843103665,
      "max": -1.47739672052846,
      "median": -3.551362801675946
    },
    "pesq": {
      "mean": 1.1299595987796784,
      "std": 0.06757266815134104,
      "min": 1.0297311544418335,
      "max": 1.3277682065963745,
      "median": 1.1241760849952698
    },
    "stoi": {
      "mean": 0.6871047757366486,
      "std": 0.08159203741911397,
      "min": 0.48669630061661434,
      "max": 0.8226399785881764,
      "median": 0.6919422215064394
    },
    "estoi": {
      "mean": 0.4782549247262745,
      "std": 0.1192322257556701,
      "min": 0.1723188984271876,
      "max": 0.703315877940334,
      "median": 0.4709597043145076
    }
  },
  "tokens_per_second": {
    "mean": 25.014239395655284,
    "std": 0.022700500340497812
  },
  "compression_ratio": {
    "mean": 639.6362050901254,
    "std": 0.5797343133138503
  }
}