{
  "language": "germany",
  "dataset": "eurospeech",
  "num_samples": 100,
  "metrics": {
    "mse": {
      "mean": 0.033752147188185956,
      "std": 0.010081641945896839,
      "min": 0.01370061188956061,
      "max": 0.07643528634571901,
      "median": 0.032698431646837695
    },
    "snr_db": {
      "mean": -2.8193171431521376,
      "std": 0.8841382019503823,
      "min": -5.919272682891067,
      "max": -1.1453072168684182,
      "median": -2.696324089129941
    },
    "sdr_db": {
      "mean": -2.876946218090753,
      "std": 0.9271399906008605,
      "min": -5.8761158082888985,
      "max": -1.11804502600027,
      "median": -2.790619608883345
    },
    "pesq": {
      "mean": 1.1134595656394959,
      "std": 0.05776260534884469,
      "min": 1.0328269004821777,
      "max": 1.3058894872665405,
      "median": 1.0989372730255127
    },
    "stoi": {
      "mean": 0.7298440284826365,
      "std": 0.059688555608951935,
      "min": 0.4205977558061466,
      "max": 0.8058706792093402,
      "median": 0.745971927592564
    },
    "estoi": {
      "mean": 0.5366148410015408,
      "std": 0.07587216889155105,
      "min": 0.20378259780336797,
      "max": 0.6542840187832706,
      "median": 0.5517405252641728
    }
  },
  "tokens_per_second": {
    "mean": 25.01443663220849,
    "std": 0.018772357296912828
  },
  "compression_ratio": {
    "mean": 639.6309956741553,
    "std": 0.4799232535963137
  }
}