{
  "language": "classical",
  "dataset": "gtzan",
  "num_samples": 25,
  "num_failed": 0,
  "metrics": {
    "mse": {
      "mean": 0.024026536971050474,
      "std": 0.008720534153286165,
      "min": 0.010991068115040786,
      "max": 0.039170547738051335,
      "median": 0.023879992990064353
    },
    "snr_db": {
      "mean": -1.5244163053078605,
      "std": 0.9174119150146284,
      "min": -3.869333159894939,
      "max": -0.20884929910554237,
      "median": -1.2510832454879397
    },
    "sdr_db": {
      "mean": -1.6664686913168503,
      "std": 0.9344672231918079,
      "min": -3.981801828743229,
      "max": -0.18570732760455183,
      "median": -1.6165289097034639
    },
    "pesq": {
      "mean": 1.0988860082626344,
      "std": 0.2655972825771326,
      "min": 1.0189703702926636,
      "max": 2.395683526992798,
      "median": 1.040785312652588
    },
    "stoi": {
      "mean": 0.08254654751305117,
      "std": 0.03583623292120877,
      "min": 0.022821840672205187,
      "max": 0.1470696661454653,
      "median": 0.08129245498079897
    },
    "estoi": {
      "mean": 0.00731771366726642,
      "std": 0.008895323746444814,
      "min": -0.005695173815243175,
      "max": 0.026021024518587857,
      "median": 0.008542975793712495
    }
  },
  "tokens_per_second": {
    "mean": 12.527765437583296,
    "std": 0.0
  },
  "compression_ratio": {
    "mean": 1760.0904255319151,
    "std": 2.2737367544323206e-13
  }
}