{
  "language": "yue_hant_hk",
  "dataset": "fleurs",
  "num_samples": 100,
  "num_failed": 0,
  "metrics": {
    "mse": {
      "mean": 0.028860880367252036,
      "std": 0.010532838896192913,
      "min": 0.014076377521972007,
      "max": 0.07414738861652118,
      "median": 0.026315600617105084
    },
    "snr_db": {
      "mean": -4.8639981646360075,
      "std": 2.6222130497416907,
      "min": -13.228097825840472,
      "max": -1.4926957085470884,
      "median": -3.7640644700563337
    },
    "sdr_db": {
      "mean": -5.108720990434716,
      "std": 2.9436224067184913,
      "min": -13.732520065247364,
      "max": -1.5288382525684527,
      "median": -3.8408659071995794
    },
    "pesq": {
      "mean": 1.0710791897773744,
      "std": 0.039479240126099796,
      "min": 1.0196748971939087,
      "max": 1.200536847114563,
      "median": 1.060287892818451
    },
    "stoi": {
      "mean": 0.49271336947569766,
      "std": 0.0795043581670715,
      "min": 0.22517901024852185,
      "max": 0.6936991486402048,
      "median": 0.4884145894106444
    },
    "estoi": {
      "mean": 0.269884099018828,
      "std": 0.08932878611369677,
      "min": 0.10242003205247392,
      "max": 0.5705305372180259,
      "median": 0.24353079947397901
    }
  },
  "tokens_per_second": {
    "mean": 12.529116621355877,
    "std": 0.02696247859741636
  },
  "compression_ratio": {
    "mean": 1277.0312901984557,
    "std": 2.743231200975672
  }
}