{
  "language": "id_id",
  "dataset": "fleurs",
  "num_samples": 100,
  "num_failed": 0,
  "metrics": {
    "mse": {
      "mean": 0.03569530058086099,
      "std": 0.015390947012524464,
      "min": 0.012021386245274863,
      "max": 0.08401781493901006,
      "median": 0.0332606996652898
    },
    "snr_db": {
      "mean": -3.1924504428419347,
      "std": 1.524346354904191,
      "min": -6.433421859778212,
      "max": -0.38195853943854174,
      "median": -3.1215447267980023
    },
    "sdr_db": {
      "mean": -3.2400949255310723,
      "std": 1.5333865283955417,
      "min": -6.3951125275327385,
      "max": -0.42109148343847186,
      "median": -3.1249834002145573
    },
    "pesq": {
      "mean": 1.0599523568153382,
      "std": 0.03405050260556298,
      "min": 1.0209829807281494,
      "max": 1.2657382488250732,
      "median": 1.0521132349967957
    },
    "stoi": {
      "mean": 0.5326074162153674,
      "std": 0.08217103198166179,
      "min": 0.3594311687803634,
      "max": 0.7325251356710111,
      "median": 0.540369798778463
    },
    "estoi": {
      "mean": 0.30333930679890275,
      "std": 0.09810905988595205,
      "min": 0.11975983829955386,
      "max": 0.5858541202611253,
      "median": 0.2917228820955499
    }
  },
  "tokens_per_second": {
    "mean": 12.533120788990752,
    "std": 0.03220922316760525
  },
  "compression_ratio": {
    "mean": 1276.6257949522071,
    "std": 3.268980113889657
  }
}