{
  "language": "slovakia",
  "dataset": "eurospeech",
  "num_samples": 100,
  "num_failed": 0,
  "metrics": {
    "mse": {
      "mean": 0.05655838095117174,
      "std": 0.015037789815166857,
      "min": 0.019557348460740816,
      "max": 0.09360479090904021,
      "median": 0.05590169469997493
    },
    "snr_db": {
      "mean": -1.13043629526779,
      "std": 0.4913899638731257,
      "min": -3.6615786412642826,
      "max": -0.4096155580105673,
      "median": -1.0284210261499749
    },
    "sdr_db": {
      "mean": -1.152131343320323,
      "std": 0.4780009944874406,
      "min": -3.320595452726431,
      "max": -0.40133839120322307,
      "median": -1.062889917163804
    },
    "pesq": {
      "mean": 1.0610216343402863,
      "std": 0.02285259607125633,
      "min": 1.0342321395874023,
      "max": 1.157483696937561,
      "median": 1.0551831126213074
    },
    "stoi": {
      "mean": 0.54159922933753,
      "std": 0.05465118753941546,
      "min": 0.3096535050264791,
      "max": 0.7022932818703216,
      "median": 0.5436513406065611
    },
    "estoi": {
      "mean": 0.22747620878627076,
      "std": 0.05491214419354866,
      "min": 0.12100167261544625,
      "max": 0.44714890878934116,
      "median": 0.21693756522455138
    }
  },
  "tokens_per_second": {
    "mean": 12.5345505105367,
    "std": 0.021613112124948146
  },
  "compression_ratio": {
    "mean": 1276.4755716498157,
    "std": 2.1990543744801934
  }
}