{
  "language": "slovenia",
  "dataset": "eurospeech",
  "num_samples": 100,
  "num_failed": 0,
  "metrics": {
    "mse": {
      "mean": 0.035797646822631264,
      "std": 0.011074962351661917,
      "min": 0.013027770348314456,
      "max": 0.06298587079417735,
      "median": 0.03678624474234388
    },
    "snr_db": {
      "mean": -2.130011354955409,
      "std": 1.0453890049569972,
      "min": -6.684597523406957,
      "max": -0.6436067580515065,
      "median": -1.8882942395601154
    },
    "sdr_db": {
      "mean": -2.137166100978324,
      "std": 1.0366203432535417,
      "min": -5.691876436183381,
      "max": -0.6507727557193173,
      "median": -1.8680146630090166
    },
    "pesq": {
      "mean": 1.0458475267887115,
      "std": 0.015435334728792877,
      "min": 1.02397620677948,
      "max": 1.124377727508545,
      "median": 1.0439475178718567
    },
    "stoi": {
      "mean": 0.5573362467143942,
      "std": 0.07157567911422477,
      "min": 0.3432922084047749,
      "max": 0.6766310676674747,
      "median": 0.5654296309258399
    },
    "estoi": {
      "mean": 0.3235038896894429,
      "std": 0.09938611516554195,
      "min": 0.17161136379436745,
      "max": 0.5007521070402565,
      "median": 0.2997651593027495
    }
  },
  "tokens_per_second": {
    "mean": 12.536739346819964,
    "std": 0.022442709655869874
  },
  "compression_ratio": {
    "mean": 1276.2530046041466,
    "std": 2.2840119500637104
  }
}