{
  "language": "es_419",
  "dataset": "fleurs",
  "num_samples": 100,
  "num_failed": 0,
  "metrics": {
    "mse": {
      "mean": 0.05545384181404547,
      "std": 0.05309994587083674,
      "min": 0.01103655924273141,
      "max": 0.20525425767644978,
      "median": 0.03467729871792542
    },
    "snr_db": {
      "mean": -4.14356945240536,
      "std": 2.587289751913428,
      "min": -15.95026750874471,
      "max": -0.8432101628832926,
      "median": -3.515342544770603
    },
    "sdr_db": {
      "mean": -4.190305325802176,
      "std": 2.610172124459518,
      "min": -15.901005810469865,
      "max": -0.7395847920487355,
      "median": -3.5953210359311347
    },
    "pesq": {
      "mean": 1.096949462890625,
      "std": 0.16616454717135895,
      "min": 1.0276800394058228,
      "max": 2.2727625370025635,
      "median": 1.0710829496383667
    },
    "stoi": {
      "mean": 0.515073238726298,
      "std": 0.2186425882093381,
      "min": -0.010586910155205867,
      "max": 0.7181769006798396,
      "median": 0.6047076601171892
    },
    "estoi": {
      "mean": 0.33904038426832467,
      "std": 0.1584252709551846,
      "min": -0.011008467380352738,
      "max": 0.5675990210924069,
      "median": 0.37233925512355365
    }
  },
  "tokens_per_second": {
    "mean": 12.537583711148452,
    "std": 0.029982734799652553
  },
  "compression_ratio": {
    "mean": 1276.1702552018912,
    "std": 3.0485742317232214
  }
}