{
  "language": "jazz",
  "dataset": "gtzan",
  "num_samples": 25,
  "num_failed": 0,
  "metrics": {
    "mse": {
      "mean": 0.02559452647793325,
      "std": 0.014287787635423297,
      "min": 0.0071250551404901845,
      "max": 0.06099725616115532,
      "median": 0.02466847717205095
    },
    "snr_db": {
      "mean": -1.9473723991156435,
      "std": 1.9102643988769719,
      "min": -6.733099555519582,
      "max": -0.2254109860472364,
      "median": -0.9858066673002623
    },
    "sdr_db": {
      "mean": -1.7540028680901807,
      "std": 1.7376265359882785,
      "min": -6.914472404725891,
      "max": -0.17496708813184444,
      "median": -0.9523043186895968
    },
    "pesq": {
      "mean": 1.2606575775146485,
      "std": 0.68639287089274,
      "min": 1.0231308937072754,
      "max": 3.846440553665161,
      "median": 1.041909098625183
    },
    "stoi": {
      "mean": 0.16422462289180584,
      "std": 0.05991241693226607,
      "min": 0.03756488252488686,
      "max": 0.29480308443227377,
      "median": 0.1603021135017945
    },
    "estoi": {
      "mean": 0.03356733244590833,
      "std": 0.01879180452401769,
      "min": -0.004068101132458604,
      "max": 0.07140387549227716,
      "median": 0.03507636500166781
    }
  },
  "tokens_per_second": {
    "mean": 12.527765437583296,
    "std": 0.0
  },
  "compression_ratio": {
    "mean": 1760.0904255319151,
    "std": 2.2737367544323206e-13
  }
}