{
  "language": "ro_ro",
  "dataset": "fleurs",
  "num_samples": 100,
  "num_failed": 0,
  "metrics": {
    "mse": {
      "mean": 0.03610296206570639,
      "std": 0.012641501261798452,
      "min": 0.009075015105474968,
      "max": 0.06970384189715517,
      "median": 0.03517159090202043
    },
    "snr_db": {
      "mean": -4.597550605838039,
      "std": 3.8031264915817378,
      "min": -23.55174240095302,
      "max": -0.8828919502221642,
      "median": -3.6753074058336455
    },
    "sdr_db": {
      "mean": -4.573998553543767,
      "std": 3.568996341103118,
      "min": -22.572533326905923,
      "max": -0.9154388619148429,
      "median": -3.741132356101277
    },
    "pesq": {
      "mean": 1.0886401414871216,
      "std": 0.027517620791324138,
      "min": 1.0419691801071167,
      "max": 1.1878360509872437,
      "median": 1.0845614075660706
    },
    "stoi": {
      "mean": 0.551327533211698,
      "std": 0.06997944553768677,
      "min": 0.29351505369730746,
      "max": 0.676702345184575,
      "median": 0.5592266743379406
    },
    "estoi": {
      "mean": 0.3402779932886849,
      "std": 0.061511739554400396,
      "min": 0.21857452059280522,
      "max": 0.5091305935318056,
      "median": 0.3435609907227798
    }
  },
  "tokens_per_second": {
    "mean": 12.527620559935995,
    "std": 0.024641554419901505
  },
  "compression_ratio": {
    "mean": 1277.182825903763,
    "std": 2.5091251632565035
  }
}