{
  "language": "lb_lu",
  "dataset": "fleurs",
  "num_samples": 100,
  "num_failed": 0,
  "metrics": {
    "mse": {
      "mean": 0.02832047238307262,
      "std": 0.01118496083552926,
      "min": 0.0053906084096376474,
      "max": 0.06679596524867705,
      "median": 0.02708880798846821
    },
    "snr_db": {
      "mean": -4.117624635811848,
      "std": 1.9182406648576842,
      "min": -15.2290859955914,
      "max": -1.4480828785212863,
      "median": -3.75313904013378
    },
    "sdr_db": {
      "mean": -4.20369590748078,
      "std": 2.125267195327831,
      "min": -17.53393070384343,
      "max": -1.376354879617663,
      "median": -3.868595260275824
    },
    "pesq": {
      "mean": 1.0710522043704986,
      "std": 0.025554407222736792,
      "min": 1.0232391357421875,
      "max": 1.1458439826965332,
      "median": 1.0669423937797546
    },
    "stoi": {
      "mean": 0.601969436856824,
      "std": 0.06448415110095533,
      "min": 0.4114442793950615,
      "max": 0.7090946859856275,
      "median": 0.6060206565567412
    },
    "estoi": {
      "mean": 0.3543323160508334,
      "std": 0.07458588208831815,
      "min": 0.1763438546336529,
      "max": 0.5080095984406622,
      "median": 0.3456563931912179
    }
  },
  "tokens_per_second": {
    "mean": 12.52930038276472,
    "std": 0.0293720077013374
  },
  "compression_ratio": {
    "mean": 1277.0136571511264,
    "std": 2.9859667704143824
  }
}