{
  "language": "metal",
  "dataset": "gtzan",
  "num_samples": 25,
  "num_failed": 0,
  "metrics": {
    "mse": {
      "mean": 0.038422428135806985,
      "std": 0.021247274618644226,
      "min": 0.015053481218215689,
      "max": 0.11002239282992339,
      "median": 0.03066303705879199
    },
    "snr_db": {
      "mean": -0.7020386922037379,
      "std": 0.2957351719332426,
      "min": -1.2002149554654213,
      "max": -0.22056486489625868,
      "median": -0.6216295632034627
    },
    "sdr_db": {
      "mean": -0.6460893989931086,
      "std": 0.2816384921043674,
      "min": -1.1324701774359551,
      "max": -0.2024831784138564,
      "median": -0.5905405058316684
    },
    "pesq": {
      "mean": 1.1418123865127563,
      "std": 0.4346002619712201,
      "min": 1.0221136808395386,
      "max": 3.2277445793151855,
      "median": 1.0366203784942627
    },
    "stoi": {
      "mean": 0.15501792544475085,
      "std": 0.0572951886842069,
      "min": 0.024998042994149247,
      "max": 0.2526817871816401,
      "median": 0.16471810849980023
    },
    "estoi": {
      "mean": 0.08331081602364654,
      "std": 0.03353370096845299,
      "min": 0.0061657913895234095,
      "max": 0.12626072096110155,
      "median": 0.0846320259427481
    }
  },
  "tokens_per_second": {
    "mean": 12.533257546439629,
    "std": 0.0
  },
  "compression_ratio": {
    "mean": 1759.31914893617,
    "std": 2.2737367544323206e-13
  }
}