{
  "language": "rock",
  "dataset": "gtzan",
  "num_samples": 25,
  "num_failed": 0,
  "metrics": {
    "mse": {
      "mean": 0.04446059559454407,
      "std": 0.021443464092024835,
      "min": 0.014503331356644094,
      "max": 0.11629833595952598,
      "median": 0.0387547797836768
    },
    "snr_db": {
      "mean": -1.1672941263986152,
      "std": 0.9299658929241363,
      "min": -4.13800360376328,
      "max": -0.25781066815734716,
      "median": -0.8074450453215221
    },
    "sdr_db": {
      "mean": -1.0826014888535487,
      "std": 0.8385451664961002,
      "min": -3.4949986226711336,
      "max": -0.25537017017106106,
      "median": -0.8670583603234981
    },
    "pesq": {
      "mean": 1.0400457859039307,
      "std": 0.01488557028887977,
      "min": 1.022412896156311,
      "max": 1.0934005975723267,
      "median": 1.0380865335464478
    },
    "stoi": {
      "mean": 0.1995934060476618,
      "std": 0.06507059998632969,
      "min": 0.0774003356943469,
      "max": 0.30925960598923674,
      "median": 0.19867047061328
    },
    "estoi": {
      "mean": 0.09357707892947939,
      "std": 0.051287464545138994,
      "min": 0.011473329489227998,
      "max": 0.20342922563175514,
      "median": 0.0920754538357938
    }
  },
  "tokens_per_second": {
    "mean": 12.526654820079965,
    "std": 0.005440892365133668
  },
  "compression_ratio": {
    "mean": 1760.2468085106386,
    "std": 0.7661170046577184
  }
}