{
  "language": "ru_ru",
  "dataset": "fleurs",
  "num_samples": 100,
  "num_failed": 0,
  "metrics": {
    "mse": {
      "mean": 0.03422360704202623,
      "std": 0.012343790818730157,
      "min": 0.012847925771286555,
      "max": 0.06987847248550001,
      "median": 0.03165968206888069
    },
    "snr_db": {
      "mean": -3.9979239663123796,
      "std": 2.035200354316633,
      "min": -10.373337508597514,
      "max": -0.8548366980232242,
      "median": -3.4685898396857944
    },
    "sdr_db": {
      "mean": -4.532757508783217,
      "std": 3.2841981698634792,
      "min": -19.245391050835494,
      "max": -0.8858438704681169,
      "median": -3.624562561402937
    },
    "pesq": {
      "mean": 1.0733953857421874,
      "std": 0.03280284701788279,
      "min": 1.0291380882263184,
      "max": 1.239311695098877,
      "median": 1.0611602663993835
    },
    "stoi": {
      "mean": 0.5517450573765487,
      "std": 0.07294512463961944,
      "min": 0.34547344439643723,
      "max": 0.7556044832454841,
      "median": 0.5530104864956014
    },
    "estoi": {
      "mean": 0.32500727436153704,
      "std": 0.09563158146115903,
      "min": 0.11313317422575518,
      "max": 0.628838134359726,
      "median": 0.31329844545586016
    }
  },
  "tokens_per_second": {
    "mean": 12.532165882234448,
    "std": 0.033622660314213126
  },
  "compression_ratio": {
    "mean": 1276.7238264752089,
    "std": 3.4137705294538745
  }
}