{
  "language": "serbia",
  "dataset": "eurospeech",
  "num_samples": 100,
  "num_failed": 0,
  "metrics": {
    "mse": {
      "mean": 0.028685052037990696,
      "std": 0.01322887234709636,
      "min": 0.012982414269809135,
      "max": 0.13460388826878114,
      "median": 0.02609964463843128
    },
    "snr_db": {
      "mean": -2.917488994001916,
      "std": 1.2763595477886471,
      "min": -8.054097964926928,
      "max": -0.661078404513679,
      "median": -2.7197172695020075
    },
    "sdr_db": {
      "mean": -2.9566795988001053,
      "std": 1.3128944551664825,
      "min": -8.56311462448569,
      "max": -0.684833630644171,
      "median": -2.7593581903994284
    },
    "pesq": {
      "mean": 1.0443016052246095,
      "std": 0.017251862532855745,
      "min": 1.0269505977630615,
      "max": 1.153038501739502,
      "median": 1.0392510294914246
    },
    "stoi": {
      "mean": 0.464140953660963,
      "std": 0.06745895270753524,
      "min": 0.018933922949232577,
      "max": 0.5769767358106977,
      "median": 0.4684792555362412
    },
    "estoi": {
      "mean": 0.1519520798759485,
      "std": 0.044762555381651754,
      "min": 0.03329264666914281,
      "max": 0.2797804165440208,
      "median": 0.14143527825701327
    }
  },
  "tokens_per_second": {
    "mean": 12.53269833718525,
    "std": 0.10800906054642564
  },
  "compression_ratio": {
    "mean": 1276.748257604269,
    "std": 10.192735478969466
  }
}