{
  "language": "he_il",
  "dataset": "fleurs",
  "num_samples": 100,
  "num_failed": 0,
  "metrics": {
    "mse": {
      "mean": 0.03685947437575288,
      "std": 0.014100157869659737,
      "min": 0.010265389797469068,
      "max": 0.08509581529294008,
      "median": 0.034473566659495386
    },
    "snr_db": {
      "mean": -3.866497398392565,
      "std": 2.3594448044489824,
      "min": -12.084105020056633,
      "max": -0.5457360375812609,
      "median": -3.195952233934596
    },
    "sdr_db": {
      "mean": -3.9870283446056907,
      "std": 2.4522650157874004,
      "min": -12.407073694765806,
      "max": -0.515306936861213,
      "median": -3.296578464081563
    },
    "pesq": {
      "mean": 1.059359483718872,
      "std": 0.034870638624397564,
      "min": 1.0205750465393066,
      "max": 1.1512451171875,
      "median": 1.051830768585205
    },
    "stoi": {
      "mean": 0.5303527149941472,
      "std": 0.08767749385325135,
      "min": 0.3430654185638032,
      "max": 0.7118152511536986,
      "median": 0.5308926114130573
    },
    "estoi": {
      "mean": 0.30492015976255304,
      "std": 0.10374271594866266,
      "min": 0.11916147538255627,
      "max": 0.553484190548728,
      "median": 0.30219945590105945
    }
  },
  "tokens_per_second": {
    "mean": 12.546292310401723,
    "std": 0.03824230654299093
  },
  "compression_ratio": {
    "mean": 1275.2889726038,
    "std": 3.876130482720363
  }
}