{
  "language": "ar_eg",
  "dataset": "fleurs",
  "num_samples": 100,
  "num_failed": 0,
  "metrics": {
    "mse": {
      "mean": 0.03221884553095835,
      "std": 0.013670328017780859,
      "min": 0.01061920380994979,
      "max": 0.07010533057152275,
      "median": 0.030420004039429654
    },
    "snr_db": {
      "mean": -3.6248572316459757,
      "std": 1.9399339080032891,
      "min": -10.55047646583056,
      "max": -0.5745511922679923,
      "median": -3.250248809387548
    },
    "sdr_db": {
      "mean": -3.7687899537667615,
      "std": 2.0960105601625143,
      "min": -10.78278240032939,
      "max": -0.5556556283322133,
      "median": -3.3176351648189213
    },
    "pesq": {
      "mean": 1.0667256486415864,
      "std": 0.03385189135111748,
      "min": 1.029922604560852,
      "max": 1.2491602897644043,
      "median": 1.056499421596527
    },
    "stoi": {
      "mean": 0.5544015454628053,
      "std": 0.08789703269610182,
      "min": 0.33282571399006616,
      "max": 0.6952770149325774,
      "median": 0.5575943591955144
    },
    "estoi": {
      "mean": 0.36751126899602893,
      "std": 0.10936532800802252,
      "min": 0.1594683537437095,
      "max": 0.5640445077076782,
      "median": 0.35193996853921733
    }
  },
  "tokens_per_second": {
    "mean": 12.537477831629273,
    "std": 0.03852184346968931
  },
  "compression_ratio": {
    "mean": 1276.185746585179,
    "std": 3.9070856707078905
  }
}