{
  "language": "uk",
  "dataset": "eurospeech",
  "num_samples": 100,
  "num_failed": 0,
  "metrics": {
    "mse": {
      "mean": 0.01656176463003541,
      "std": 0.005353149106953398,
      "min": 0.005845778993654905,
      "max": 0.030917249014446754,
      "median": 0.01617236265197606
    },
    "snr_db": {
      "mean": -4.44687608310341,
      "std": 1.6810644098802576,
      "min": -9.846820236767888,
      "max": -1.886458324394725,
      "median": -4.118842639055566
    },
    "sdr_db": {
      "mean": -4.664933399595523,
      "std": 1.7839594241698988,
      "min": -10.37024224952217,
      "max": -1.6229862290878563,
      "median": -4.179067672199535
    },
    "pesq": {
      "mean": 1.0596794879436493,
      "std": 0.014894801804819294,
      "min": 1.0313571691513062,
      "max": 1.0958229303359985,
      "median": 1.0557244420051575
    },
    "stoi": {
      "mean": 0.615311699134896,
      "std": 0.054827515015071236,
      "min": 0.4795659920428696,
      "max": 0.7225329709567917,
      "median": 0.606144284033963
    },
    "estoi": {
      "mean": 0.37179260066785064,
      "std": 0.07590365298823223,
      "min": 0.20187851461824904,
      "max": 0.519587928029339,
      "median": 0.34713292645995464
    }
  },
  "tokens_per_second": {
    "mean": 12.529598266620859,
    "std": 0.024459961853308804
  },
  "compression_ratio": {
    "mean": 1276.981158611439,
    "std": 2.4902576407395705
  }
}