{
  "language": "tr_tr",
  "dataset": "fleurs",
  "num_samples": 100,
  "num_failed": 0,
  "metrics": {
    "mse": {
      "mean": 0.033405636646925266,
      "std": 0.020286948727863074,
      "min": 0.007222598900900646,
      "max": 0.16944759201377455,
      "median": 0.029442104452963188
    },
    "snr_db": {
      "mean": -4.792709872816303,
      "std": 3.0045138969945557,
      "min": -13.115030611756405,
      "max": -0.2108160071232841,
      "median": -3.814819906688247
    },
    "sdr_db": {
      "mean": -7.85134896847568,
      "std": 8.588193388744203,
      "min": -30.64357777476973,
      "max": -0.20584851284935526,
      "median": -4.232974065290566
    },
    "pesq": {
      "mean": 1.0959652276954266,
      "std": 0.06507730609099899,
      "min": 1.0234334468841553,
      "max": 1.335041880607605,
      "median": 1.0796856880187988
    },
    "stoi": {
      "mean": 0.4856396810232168,
      "std": 0.19768256862282277,
      "min": 1e-05,
      "max": 0.7948162200924223,
      "median": 0.5373255172889957
    },
    "estoi": {
      "mean": 0.2922009195845172,
      "std": 0.1508798268854053,
      "min": -0.060457777057975504,
      "max": 0.5705483195349963,
      "median": 0.33337898855996173
    }
  },
  "tokens_per_second": {
    "mean": 12.532343183702995,
    "std": 0.02917396513079664
  },
  "compression_ratio": {
    "mean": 1276.7035149381688,
    "std": 2.9681723227555157
  }
}