{
  "language": "estonia",
  "dataset": "eurospeech",
  "num_samples": 100,
  "num_failed": 0,
  "metrics": {
    "mse": {
      "mean": 0.02610400534408839,
      "std": 0.00849680386536076,
      "min": 0.010130395673246707,
      "max": 0.05998635905143274,
      "median": 0.0253753690254098
    },
    "snr_db": {
      "mean": -4.197667098312474,
      "std": 1.3798918016606174,
      "min": -7.664503320308405,
      "max": -1.2575433606669775,
      "median": -4.024361240746417
    },
    "sdr_db": {
      "mean": -4.350370544618912,
      "std": 1.4539819138058137,
      "min": -8.41418389968202,
      "max": -1.3024088265737361,
      "median": -4.172632042141078
    },
    "pesq": {
      "mean": 1.0458185768127441,
      "std": 0.01261706167593574,
      "min": 1.0284241437911987,
      "max": 1.1040589809417725,
      "median": 1.0435189008712769
    },
    "stoi": {
      "mean": 0.5274467979650278,
      "std": 0.06415594944553137,
      "min": 0.15673181724404228,
      "max": 0.7018206220389207,
      "median": 0.5221087456775881
    },
    "estoi": {
      "mean": 0.24453311789519375,
      "std": 0.07284089712458908,
      "min": 0.039607472838951,
      "max": 0.4554538929272585,
      "median": 0.22464476365091662
    }
  },
  "tokens_per_second": {
    "mean": 12.531813736914819,
    "std": 0.02101585336720183
  },
  "compression_ratio": {
    "mean": 1276.7541319124398,
    "std": 2.1397686869002803
  }
}