{
  "language": "reggae",
  "dataset": "gtzan",
  "num_samples": 25,
  "num_failed": 0,
  "metrics": {
    "mse": {
      "mean": 0.02783116469731227,
      "std": 0.007360949408904955,
      "min": 0.013828382732763923,
      "max": 0.044041929337501194,
      "median": 0.02778587297686743
    },
    "snr_db": {
      "mean": -1.2701759351101514,
      "std": 0.7137893998834886,
      "min": -3.2539629072115894,
      "max": -0.3261748267948114,
      "median": -1.1480061234869272
    },
    "sdr_db": {
      "mean": -1.1678882629585838,
      "std": 0.6676433284260267,
      "min": -3.0709470875820535,
      "max": -0.31434528215790647,
      "median": -1.0581576869095757
    },
    "pesq": {
      "mean": 1.0416806650161743,
      "std": 0.011840675138548756,
      "min": 1.0281087160110474,
      "max": 1.0828828811645508,
      "median": 1.03865647315979
    },
    "stoi": {
      "mean": 0.2914346532509675,
      "std": 0.05603947968216111,
      "min": 0.1363138179519437,
      "max": 0.41164317550644364,
      "median": 0.2973986006669944
    },
    "estoi": {
      "mean": 0.1156243672414074,
      "std": 0.034225568956369495,
      "min": 0.039846018754354805,
      "max": 0.1801108947446683,
      "median": 0.11844947864958447
    }
  },
  "tokens_per_second": {
    "mean": 12.527765437583296,
    "std": 0.0
  },
  "compression_ratio": {
    "mean": 1760.0904255319151,
    "std": 2.2737367544323206e-13
  }
}