{
  "language": "ka_ge",
  "dataset": "fleurs",
  "num_samples": 100,
  "num_failed": 0,
  "metrics": {
    "mse": {
      "mean": 0.03502673784837739,
      "std": 0.016616577315290336,
      "min": 0.007379605731931909,
      "max": 0.09276471021751154,
      "median": 0.030042775425336808
    },
    "snr_db": {
      "mean": -3.2000383808780253,
      "std": 1.6751935042728856,
      "min": -8.8745724189731,
      "max": -0.6884285572820519,
      "median": -2.8626274458203467
    },
    "sdr_db": {
      "mean": -3.240996910270636,
      "std": 1.6950283265310189,
      "min": -9.27541486132809,
      "max": -0.6937286936180505,
      "median": -2.8036093026045457
    },
    "pesq": {
      "mean": 1.0920803713798524,
      "std": 0.05088822262417694,
      "min": 1.0210118293762207,
      "max": 1.2439450025558472,
      "median": 1.0892515182495117
    },
    "stoi": {
      "mean": 0.5553276408889802,
      "std": 0.10513753188768572,
      "min": 0.2596361915276104,
      "max": 0.7050057630963683,
      "median": 0.5651535029114814
    },
    "estoi": {
      "mean": 0.35269367739772123,
      "std": 0.11931204158231806,
      "min": 0.15757400195168705,
      "max": 0.5286821844584967,
      "median": 0.3524439422187738
    }
  },
  "tokens_per_second": {
    "mean": 12.532065325123927,
    "std": 0.03399866941809332
  },
  "compression_ratio": {
    "mean": 1276.734274152778,
    "std": 3.4509413823992166
  }
}