{
  "language": "country",
  "dataset": "gtzan",
  "num_samples": 25,
  "num_failed": 0,
  "metrics": {
    "mse": {
      "mean": 0.0561273354677626,
      "std": 0.03267657250631203,
      "min": 0.015936445368109033,
      "max": 0.1322555067889677,
      "median": 0.041642101538221545
    },
    "snr_db": {
      "mean": -1.4301672894827646,
      "std": 1.430905341626424,
      "min": -5.5939738910291,
      "max": -0.15585822531288612,
      "median": -1.029584719135401
    },
    "sdr_db": {
      "mean": -1.3699582457750912,
      "std": 1.409981951547646,
      "min": -5.884982243055753,
      "max": -0.15402043173447688,
      "median": -0.9730524169276192
    },
    "pesq": {
      "mean": 1.0359803199768067,
      "std": 0.013689857093614264,
      "min": 1.0212681293487549,
      "max": 1.0733221769332886,
      "median": 1.0326159000396729
    },
    "stoi": {
      "mean": 0.2349387466847322,
      "std": 0.08199452853618365,
      "min": 0.06508383654183894,
      "max": 0.37041544414493394,
      "median": 0.2502753483306636
    },
    "estoi": {
      "mean": 0.09778330844413236,
      "std": 0.04190528940209414,
      "min": 0.0050796476555431385,
      "max": 0.16843979161836742,
      "median": 0.08693223393315908
    }
  },
  "tokens_per_second": {
    "mean": 12.524536608846875,
    "std": 0.008512405831836725
  },
  "compression_ratio": {
    "mean": 1760.5449915886782,
    "std": 1.1980955569972174
  }
}