{
  "language": "hiphop",
  "dataset": "gtzan",
  "num_samples": 25,
  "num_failed": 0,
  "metrics": {
    "mse": {
      "mean": 0.05776329590475882,
      "std": 0.019540665624911895,
      "min": 0.02142881179196118,
      "max": 0.09606117286460687,
      "median": 0.05395189656314327
    },
    "snr_db": {
      "mean": -0.5225433928975413,
      "std": 0.266901084618917,
      "min": -1.1875053049665543,
      "max": -0.08738800294819042,
      "median": -0.4609667787153636
    },
    "sdr_db": {
      "mean": -0.5481677333981665,
      "std": 0.32723936768385287,
      "min": -1.6908693794135694,
      "max": -0.08872415863247747,
      "median": -0.4489387728078068
    },
    "pesq": {
      "mean": 1.0327214527130126,
      "std": 0.012972560529426804,
      "min": 1.0216875076293945,
      "max": 1.0683366060256958,
      "median": 1.0276998281478882
    },
    "stoi": {
      "mean": 0.3104525225887348,
      "std": 0.06114262220580486,
      "min": 0.21467283258767486,
      "max": 0.44846775577512776,
      "median": 0.3166555296884236
    },
    "estoi": {
      "mean": 0.1709204435544832,
      "std": 0.057561042231565836,
      "min": 0.0737892373225723,
      "max": 0.2813589998877833,
      "median": 0.1862754002239711
    }
  },
  "tokens_per_second": {
    "mean": 12.528032440082209,
    "std": 0.005344253069913545
  },
  "compression_ratio": {
    "mean": 1760.0532343217658,
    "std": 0.7514343765446067
  }
}