{
  "language": "Animal Sound Archive",
  "dataset": "naturelm",
  "num_samples": 100,
  "num_failed": 0,
  "metrics": {
    "mse": {
      "mean": 0.02219300844441579,
      "std": 0.017457169950949744,
      "min": 0.0010754302093491537,
      "max": 0.09805674929695944,
      "median": 0.018210149427367837
    },
    "snr_db": {
      "mean": -2.423095453334056,
      "std": 2.2606182052970056,
      "min": -13.840269129516312,
      "max": -0.08512603439686711,
      "median": -1.8087629612521954
    },
    "sdr_db": {
      "mean": -3.1315920735367424,
      "std": 2.96977578059267,
      "min": -15.172061066599179,
      "max": -0.10209956601559178,
      "median": -2.1483396640698915
    },
    "pesq": {
      "mean": 1.0940845674938626,
      "std": 0.20081352459407886,
      "min": 1.0163938999176025,
      "max": 2.807183027267456,
      "median": 1.047989010810852
    },
    "stoi": {
      "mean": 0.101252511283394,
      "std": 0.08651910976698436,
      "min": -0.023782751006251365,
      "max": 0.43180818958964806,
      "median": 0.07107671367476676
    },
    "estoi": {
      "mean": 0.01938440395485541,
      "std": 0.026404828233873197,
      "min": -0.01595555459635406,
      "max": 0.13142426518785907,
      "median": 0.012482773052613456
    }
  },
  "tokens_per_second": {
    "mean": 12.542032584793116,
    "std": 0.04146828632116062
  },
  "compression_ratio": {
    "mean": 1275.7241061321206,
    "std": 4.179375835626316
  }
}