{
  "language": "hi_in",
  "dataset": "fleurs",
  "num_samples": 100,
  "num_failed": 0,
  "metrics": {
    "mse": {
      "mean": 0.035589172612315284,
      "std": 0.014722051200915114,
      "min": 0.013229734552248355,
      "max": 0.07856656831187837,
      "median": 0.033889262428056746
    },
    "snr_db": {
      "mean": -3.9855475704426495,
      "std": 1.897350251496011,
      "min": -9.842201455488466,
      "max": -0.5522819027087236,
      "median": -3.65489190512273
    },
    "sdr_db": {
      "mean": -4.018306355989226,
      "std": 1.8934084272468819,
      "min": -9.860756416699301,
      "max": -0.573939422106828,
      "median": -3.6446525945232633
    },
    "pesq": {
      "mean": 1.0419559597969055,
      "std": 0.021491579146026486,
      "min": 1.018738031387329,
      "max": 1.1160513162612915,
      "median": 1.0361703038215637
    },
    "stoi": {
      "mean": 0.5427551266747517,
      "std": 0.0823028598533483,
      "min": 0.17649780642143006,
      "max": 0.7349551563469645,
      "median": 0.5374693667490875
    },
    "estoi": {
      "mean": 0.2830560816976318,
      "std": 0.10481683379894775,
      "min": 0.08427537137878925,
      "max": 0.5638685932902681,
      "median": 0.27124453554793804
    }
  },
  "tokens_per_second": {
    "mean": 12.529194612244144,
    "std": 0.03022092676706173
  },
  "compression_ratio": {
    "mean": 1277.0248488006334,
    "std": 3.072566947158434
  }
}