{
  "language": "ko_kr",
  "dataset": "fleurs",
  "num_samples": 100,
  "num_failed": 0,
  "metrics": {
    "mse": {
      "mean": 0.036589329902861116,
      "std": 0.01202233832115341,
      "min": 0.00975027404512743,
      "max": 0.07178692985984174,
      "median": 0.036587636337261614
    },
    "snr_db": {
      "mean": -4.466928697782723,
      "std": 3.1374239089012694,
      "min": -18.695878497774906,
      "max": -0.8687412836287073,
      "median": -3.6981326263288916
    },
    "sdr_db": {
      "mean": -4.912795013748849,
      "std": 4.052471051306698,
      "min": -23.538146152986148,
      "max": -0.9101599966472881,
      "median": -3.7626023980614036
    },
    "pesq": {
      "mean": 1.096922001838684,
      "std": 0.06128977462529776,
      "min": 1.0275273323059082,
      "max": 1.4276217222213745,
      "median": 1.085365116596222
    },
    "stoi": {
      "mean": 0.5212856686127214,
      "std": 0.10448211017029391,
      "min": 0.19275397624585533,
      "max": 0.6760296425349529,
      "median": 0.5363389028033205
    },
    "estoi": {
      "mean": 0.34125474582580523,
      "std": 0.1266319718055761,
      "min": 0.06371253588093945,
      "max": 0.5890191403417855,
      "median": 0.34469927585191107
    }
  },
  "tokens_per_second": {
    "mean": 12.531970582745844,
    "std": 0.02945906118863235
  },
  "compression_ratio": {
    "mean": 1276.7416027681245,
    "std": 2.994260827621322
  }
}