{
  "language": "mk_mk",
  "dataset": "fleurs",
  "num_samples": 100,
  "num_failed": 0,
  "metrics": {
    "mse": {
      "mean": 0.03300868241368743,
      "std": 0.010541355167480677,
      "min": 0.012240514305734662,
      "max": 0.06062029018263381,
      "median": 0.031131653786234996
    },
    "snr_db": {
      "mean": -4.399465997538805,
      "std": 3.3958157713389268,
      "min": -21.072992260344474,
      "max": -1.1129145853986977,
      "median": -3.496336639690663
    },
    "sdr_db": {
      "mean": -4.428820992809838,
      "std": 3.3845359102558232,
      "min": -21.316903051010677,
      "max": -1.14037158513675,
      "median": -3.604640473145767
    },
    "pesq": {
      "mean": 1.0587466359138489,
      "std": 0.014712247274460407,
      "min": 1.0305933952331543,
      "max": 1.1089680194854736,
      "median": 1.0560967326164246
    },
    "stoi": {
      "mean": 0.5569558350332976,
      "std": 0.052242191762660796,
      "min": 0.41964829657942077,
      "max": 0.7028787791447272,
      "median": 0.558850620764257
    },
    "estoi": {
      "mean": 0.28286915171463667,
      "std": 0.07796946974841391,
      "min": 0.1703192372869501,
      "max": 0.5296407892618797,
      "median": 0.2578490318904494
    }
  },
  "tokens_per_second": {
    "mean": 12.53235021643119,
    "std": 0.03246583935920479
  },
  "compression_ratio": {
    "mean": 1276.704436296751,
    "std": 3.2994429485444843
  }
}