{
  "language": "france",
  "dataset": "eurospeech",
  "num_samples": 100,
  "num_failed": 0,
  "metrics": {
    "mse": {
      "mean": 0.03043789854580996,
      "std": 0.008940942465564563,
      "min": 0.011893200454957599,
      "max": 0.05508909375285302,
      "median": 0.02872367872037781
    },
    "snr_db": {
      "mean": -2.840620286885442,
      "std": 1.1016100701607499,
      "min": -6.774545089664235,
      "max": -1.0798409780197908,
      "median": -2.568576332174839
    },
    "sdr_db": {
      "mean": -2.8841397927002803,
      "std": 1.1216134202131292,
      "min": -6.771479463975202,
      "max": -0.9581722801500223,
      "median": -2.5924666770795337
    },
    "pesq": {
      "mean": 1.053740175962448,
      "std": 0.02775582010077342,
      "min": 1.0279300212860107,
      "max": 1.2263073921203613,
      "median": 1.0435027480125427
    },
    "stoi": {
      "mean": 0.5471367794761182,
      "std": 0.06983245365757172,
      "min": 0.42798269714655185,
      "max": 0.6946165933200377,
      "median": 0.5298516699503983
    },
    "estoi": {
      "mean": 0.2749084564463502,
      "std": 0.10395096888474192,
      "min": 0.1421954120277572,
      "max": 0.4944595719919149,
      "median": 0.23343393839522164
    }
  },
  "tokens_per_second": {
    "mean": 12.529547472340678,
    "std": 0.02154108951992935
  },
  "compression_ratio": {
    "mean": 1276.9852458398711,
    "std": 2.1939142205960147
  }
}