{
  "language": "en_us",
  "dataset": "fleurs",
  "num_samples": 100,
  "num_failed": 0,
  "metrics": {
    "mse": {
      "mean": 0.030038278721462225,
      "std": 0.009780325019958043,
      "min": 0.008253908794769685,
      "max": 0.05836225901600501,
      "median": 0.028732964631649434
    },
    "snr_db": {
      "mean": -4.814550591816585,
      "std": 2.4201379546823327,
      "min": -12.761904368930892,
      "max": -0.6419082890699996,
      "median": -4.3158278203566045
    },
    "sdr_db": {
      "mean": -4.9797745461199705,
      "std": 2.69126304267065,
      "min": -12.931091629275919,
      "max": -0.5857751823244743,
      "median": -4.2907629575791635
    },
    "pesq": {
      "mean": 1.0690869569778443,
      "std": 0.02630418672545618,
      "min": 1.0328607559204102,
      "max": 1.1594034433364868,
      "median": 1.0639445781707764
    },
    "stoi": {
      "mean": 0.5903348802312346,
      "std": 0.0698875048593793,
      "min": 0.3745410289535308,
      "max": 0.7632309950091238,
      "median": 0.5885042400978984
    },
    "estoi": {
      "mean": 0.35389766289320335,
      "std": 0.08448597355945113,
      "min": 0.17183919602850192,
      "max": 0.5976897939457981,
      "median": 0.34046402571562884
    }
  },
  "tokens_per_second": {
    "mean": 12.540960372073664,
    "std": 0.03508274878225295
  },
  "compression_ratio": {
    "mean": 1275.8293273373436,
    "std": 3.564041159726108
  }
}