{
  "language": "bulgaria",
  "dataset": "eurospeech",
  "num_samples": 100,
  "num_failed": 0,
  "metrics": {
    "mse": {
      "mean": 0.03247588022797678,
      "std": 0.009314418467678949,
      "min": 0.012486147572534096,
      "max": 0.06758399777132502,
      "median": 0.03210868501980296
    },
    "snr_db": {
      "mean": -3.0558924790600956,
      "std": 0.9900418521785386,
      "min": -5.466710118575067,
      "max": -0.9169499735592017,
      "median": -2.921582151816626
    },
    "sdr_db": {
      "mean": -3.0879866189928977,
      "std": 1.004608417360635,
      "min": -5.2956267065294895,
      "max": -0.9312415756631174,
      "median": -2.9392975594363415
    },
    "pesq": {
      "mean": 1.0557804548740386,
      "std": 0.024050755633267404,
      "min": 1.0276319980621338,
      "max": 1.1438210010528564,
      "median": 1.048875868320465
    },
    "stoi": {
      "mean": 0.5477321358634945,
      "std": 0.0817054663213061,
      "min": 0.21961718025404978,
      "max": 0.6573392162344681,
      "median": 0.5596217589257855
    },
    "estoi": {
      "mean": 0.25630752393879147,
      "std": 0.0996600422099928,
      "min": 0.06845169230383931,
      "max": 0.4300832725600176,
      "median": 0.25455958688662816
    }
  },
  "tokens_per_second": {
    "mean": 12.529665699033242,
    "std": 0.020876091328983166
  },
  "compression_ratio": {
    "mean": 1276.9729675733402,
    "std": 2.1263783158449376
  }
}