{
  "language": "ukraine",
  "dataset": "eurospeech",
  "num_samples": 100,
  "num_failed": 0,
  "metrics": {
    "mse": {
      "mean": 0.0362939793937479,
      "std": 0.013790111450034106,
      "min": 0.007952347288656634,
      "max": 0.07315693108075462,
      "median": 0.03366692140076309
    },
    "snr_db": {
      "mean": -2.02849963082206,
      "std": 0.9453362748416307,
      "min": -5.309229050420101,
      "max": -0.5281789291541049,
      "median": -1.8578414284785958
    },
    "sdr_db": {
      "mean": -1.9777462534916246,
      "std": 0.9706716097429855,
      "min": -5.330329197056174,
      "max": -0.5138361933617943,
      "median": -1.7692439470422332
    },
    "pesq": {
      "mean": 1.0379697096347809,
      "std": 0.025927237023484453,
      "min": 1.0205832719802856,
      "max": 1.2017276287078857,
      "median": 1.0317747592926025
    },
    "stoi": {
      "mean": 0.489828203281313,
      "std": 0.07704927088863002,
      "min": 0.1731734179817698,
      "max": 0.617440629182594,
      "median": 0.5024308198556348
    },
    "estoi": {
      "mean": 0.25352711120248267,
      "std": 0.08786433993817168,
      "min": 0.04226851278596212,
      "max": 0.4257324377902956,
      "median": 0.26264015065636565
    }
  },
  "tokens_per_second": {
    "mean": 12.532891957072168,
    "std": 0.022391727879979947
  },
  "compression_ratio": {
    "mean": 1276.644774777886,
    "std": 2.278965075496226
  }
}