{
  "language": "cs_cz",
  "dataset": "fleurs",
  "num_samples": 100,
  "num_failed": 0,
  "metrics": {
    "mse": {
      "mean": 0.03162235060085881,
      "std": 0.011324280023366273,
      "min": 0.010465113479953145,
      "max": 0.07326333818715249,
      "median": 0.03060766062910663
    },
    "snr_db": {
      "mean": -4.1408548524213105,
      "std": 2.7495016211699403,
      "min": -17.213104119802814,
      "max": -1.0884987599890426,
      "median": -3.217431971518334
    },
    "sdr_db": {
      "mean": -4.215597997521757,
      "std": 2.8351025850583573,
      "min": -17.709169414814337,
      "max": -1.0952340276223,
      "median": -3.2601699072769863
    },
    "pesq": {
      "mean": 1.0854864537715911,
      "std": 0.027037516898458885,
      "min": 1.033203125,
      "max": 1.1732319593429565,
      "median": 1.0819959044456482
    },
    "stoi": {
      "mean": 0.579286050883626,
      "std": 0.07196298613695877,
      "min": 0.378823523189575,
      "max": 0.7094489571723562,
      "median": 0.5916688266453258
    },
    "estoi": {
      "mean": 0.3889751113431606,
      "std": 0.07204805854812377,
      "min": 0.17104557621346814,
      "max": 0.5309874002813066,
      "median": 0.3977496923768181
    }
  },
  "tokens_per_second": {
    "mean": 12.533793531824648,
    "std": 0.029913795212479173
  },
  "compression_ratio": {
    "mean": 1276.5561351300682,
    "std": 3.043070338207039
  }
}