{
  "language": "gl_es",
  "dataset": "fleurs",
  "num_samples": 100,
  "num_failed": 0,
  "metrics": {
    "mse": {
      "mean": 0.02912420945670405,
      "std": 0.010123511479591903,
      "min": 0.007304016599788576,
      "max": 0.058333696383676574,
      "median": 0.02809054499975471
    },
    "snr_db": {
      "mean": -3.6396683834109185,
      "std": 1.3149231141110767,
      "min": -7.683343341996929,
      "max": -1.1521141368411332,
      "median": -3.3997557005186434
    },
    "sdr_db": {
      "mean": -3.7676286868870834,
      "std": 1.6059753312546916,
      "min": -13.061354061382579,
      "max": -1.1476733530226566,
      "median": -3.4832593128717813
    },
    "pesq": {
      "mean": 1.0731918120384216,
      "std": 0.022310181742458877,
      "min": 1.0401530265808105,
      "max": 1.1536877155303955,
      "median": 1.0657398104667664
    },
    "stoi": {
      "mean": 0.5612243252125257,
      "std": 0.061531835920332775,
      "min": 0.34317716103102736,
      "max": 0.6823968148986581,
      "median": 0.5725469069762418
    },
    "estoi": {
      "mean": 0.3268826939880533,
      "std": 0.05926212492512436,
      "min": 0.18838289459354332,
      "max": 0.4617903893615455,
      "median": 0.3128093150021337
    }
  },
  "tokens_per_second": {
    "mean": 12.54005622541825,
    "std": 0.029503098823874606
  },
  "compression_ratio": {
    "mean": 1275.918399289816,
    "std": 2.9985502146792262
  }
}