{
  "language": "nl_nl",
  "dataset": "fleurs",
  "num_samples": 100,
  "num_failed": 0,
  "metrics": {
    "mse": {
      "mean": 0.03235344988323605,
      "std": 0.011475501735822569,
      "min": 0.010015669996571134,
      "max": 0.06377029682650989,
      "median": 0.03099617381870489
    },
    "snr_db": {
      "mean": -3.9939213231619344,
      "std": 1.2609643822938512,
      "min": -7.320504034454672,
      "max": -1.0295349528377085,
      "median": -3.8852180673509187
    },
    "sdr_db": {
      "mean": -4.0752439251991515,
      "std": 1.2958653766499375,
      "min": -7.19882437584411,
      "max": -0.9998126745422402,
      "median": -4.1195453620295295
    },
    "pesq": {
      "mean": 1.0613665962219239,
      "std": 0.022253462983520045,
      "min": 1.0206619501113892,
      "max": 1.1456124782562256,
      "median": 1.0582806468009949
    },
    "stoi": {
      "mean": 0.5560292413695389,
      "std": 0.06815471287604422,
      "min": 0.2969779268937595,
      "max": 0.6861430885292953,
      "median": 0.5639693237316206
    },
    "estoi": {
      "mean": 0.34431801593687156,
      "std": 0.07232447328140108,
      "min": 0.14617904297206433,
      "max": 0.4791563936242569,
      "median": 0.33767241458347547
    }
  },
  "tokens_per_second": {
    "mean": 12.547019925544879,
    "std": 0.036868587022817055
  },
  "compression_ratio": {
    "mean": 1275.2141961028265,
    "std": 3.741093156828924
  }
}