{
  "language": "portugal",
  "dataset": "eurospeech",
  "num_samples": 100,
  "num_failed": 0,
  "metrics": {
    "mse": {
      "mean": 0.020837021821554096,
      "std": 0.005461354500042205,
      "min": 0.006357589566613298,
      "max": 0.03512400167093257,
      "median": 0.02047523030913661
    },
    "snr_db": {
      "mean": -3.5527148738831253,
      "std": 1.5095054486615553,
      "min": -9.023469202432725,
      "max": -0.8181782993225029,
      "median": -3.2543868844833876
    },
    "sdr_db": {
      "mean": -3.631818098276908,
      "std": 1.5822668226541814,
      "min": -9.309427433832345,
      "max": -0.8748225004537752,
      "median": -3.290071549333036
    },
    "pesq": {
      "mean": 1.0440464770793916,
      "std": 0.013976929181528186,
      "min": 1.0286974906921387,
      "max": 1.136492133140564,
      "median": 1.0412469506263733
    },
    "stoi": {
      "mean": 0.5264582654284393,
      "std": 0.051169373407783214,
      "min": 0.2557939225150496,
      "max": 0.6204765249568842,
      "median": 0.5352915357086678
    },
    "estoi": {
      "mean": 0.2033185044483028,
      "std": 0.05187663364039718,
      "min": 0.08205231898741025,
      "max": 0.37146448433124657,
      "median": 0.20229987984056425
    }
  },
  "tokens_per_second": {
    "mean": 12.5322652169173,
    "std": 0.020003208260025537
  },
  "compression_ratio": {
    "mean": 1276.7077984364373,
    "std": 2.0364021327477104
  }
}