{
  "language": "latvia",
  "dataset": "eurospeech",
  "num_samples": 100,
  "num_failed": 0,
  "metrics": {
    "mse": {
      "mean": 0.02688696880374175,
      "std": 0.018503757992388525,
      "min": 0.008710482655431053,
      "max": 0.189090281413009,
      "median": 0.024014832767494478
    },
    "snr_db": {
      "mean": -5.212930612550171,
      "std": 2.1423385147959895,
      "min": -12.928527982848381,
      "max": -1.0507472563252893,
      "median": -5.1134079776709065
    },
    "sdr_db": {
      "mean": -5.308550948264626,
      "std": 2.078284039136526,
      "min": -13.048207414895503,
      "max": -1.1814296961609108,
      "median": -5.120876254317519
    },
    "pesq": {
      "mean": 1.0528507506847382,
      "std": 0.015945019546101443,
      "min": 1.026797890663147,
      "max": 1.1167203187942505,
      "median": 1.048109769821167
    },
    "stoi": {
      "mean": 0.5220992456700403,
      "std": 0.09243358393247499,
      "min": 0.01485513148667436,
      "max": 0.6326827335983518,
      "median": 0.5439003117758667
    },
    "estoi": {
      "mean": 0.26311448283484606,
      "std": 0.06929762364126883,
      "min": -0.026342103726376725,
      "max": 0.34202940932880255,
      "median": 0.285064699014013
    }
  },
  "tokens_per_second": {
    "mean": 12.532228496556735,
    "std": 0.03866763638858346
  },
  "compression_ratio": {
    "mean": 1276.7202855472285,
    "std": 3.888298205395642
  }
}