{
  "language": "malta",
  "dataset": "eurospeech",
  "num_samples": 100,
  "num_failed": 0,
  "metrics": {
    "mse": {
      "mean": 0.024849372189376995,
      "std": 0.00767047978561581,
      "min": 0.00918626818510232,
      "max": 0.06074186231393096,
      "median": 0.023553384854841885
    },
    "snr_db": {
      "mean": -3.5306592084973145,
      "std": 1.4628923579231063,
      "min": -7.439675332444632,
      "max": -1.0712061368215733,
      "median": -3.343008565725932
    },
    "sdr_db": {
      "mean": -3.3191931681172924,
      "std": 1.35562602929837,
      "min": -7.903499420610544,
      "max": -1.1133860689165718,
      "median": -3.091271601221627
    },
    "pesq": {
      "mean": 1.0491292154788971,
      "std": 0.019998105249475383,
      "min": 1.0250827074050903,
      "max": 1.1280113458633423,
      "median": 1.0406811833381653
    },
    "stoi": {
      "mean": 0.45378710446237686,
      "std": 0.07386513432529365,
      "min": 0.252408188413889,
      "max": 0.5727489274488395,
      "median": 0.4735316126926695
    },
    "estoi": {
      "mean": 0.17262595108669998,
      "std": 0.0399242110638349,
      "min": 0.09893667358315815,
      "max": 0.25670985353137565,
      "median": 0.17902787127524453
    }
  },
  "tokens_per_second": {
    "mean": 12.531397531386371,
    "std": 0.019319347913382058
  },
  "compression_ratio": {
    "mean": 1276.7959819936823,
    "std": 1.9678149094234467
  }
}