{
  "language": "ta_in",
  "dataset": "fleurs",
  "num_samples": 100,
  "num_failed": 0,
  "metrics": {
    "mse": {
      "mean": 0.04067507850500433,
      "std": 0.021096927431212793,
      "min": 0.011755705063427753,
      "max": 0.18915833797669718,
      "median": 0.03685949996909085
    },
    "snr_db": {
      "mean": -3.003724519680378,
      "std": 2.684718790059842,
      "min": -18.497398764583064,
      "max": -0.33856377913218394,
      "median": -2.485980070170949
    },
    "sdr_db": {
      "mean": -3.003337322628272,
      "std": 2.6887443955814496,
      "min": -18.47845157151026,
      "max": -0.3559281604719133,
      "median": -2.459005023303444
    },
    "pesq": {
      "mean": 1.0642303812503815,
      "std": 0.031735269379822094,
      "min": 1.018940806388855,
      "max": 1.155415654182434,
      "median": 1.054050087928772
    },
    "stoi": {
      "mean": 0.5711682185365763,
      "std": 0.09343546723000085,
      "min": 0.21567377943103005,
      "max": 0.7258685033248232,
      "median": 0.5826219980153082
    },
    "estoi": {
      "mean": 0.3650140375759897,
      "std": 0.11371477924817953,
      "min": 0.1308161983405623,
      "max": 0.554841942867453,
      "median": 0.3882358746206853
    }
  },
  "tokens_per_second": {
    "mean": 12.527842211826021,
    "std": 0.025577709123972243
  },
  "compression_ratio": {
    "mean": 1277.160605981843,
    "std": 2.6019236526356746
  }
}