{
  "language": "WavCaps",
  "dataset": "naturelm",
  "num_samples": 98,
  "num_failed": 2,
  "metrics": {
    "mse": {
      "mean": 0.045509523885022135,
      "std": 0.05789153521406095,
      "min": 0.0012550164457100106,
      "max": 0.36313861243594375,
      "median": 0.023070950798627553
    },
    "snr_db": {
      "mean": -4.551682492522256,
      "std": 5.349078340534871,
      "min": -30.54136260473498,
      "max": -0.14774854950299113,
      "median": -2.206399872025677
    },
    "sdr_db": {
      "mean": -5.383046003176178,
      "std": 6.611299709045478,
      "min": -32.7388113960587,
      "max": -0.002374474616208387,
      "median": -2.709491908084465
    },
    "pesq": {
      "mean": 1.2627985528720322,
      "std": 0.5808894581782594,
      "min": 1.0171325206756592,
      "max": 4.138517379760742,
      "median": 1.0639690160751343
    },
    "stoi": {
      "mean": 0.15580895683309662,
      "std": 0.13824885753924682,
      "min": -0.039673165115703575,
      "max": 0.5215507221978752,
      "median": 0.14765814963118634
    },
    "estoi": {
      "mean": 0.03895642224835821,
      "std": 0.0666169633799086,
      "min": -0.05413360774676057,
      "max": 0.36205771644310364,
      "median": 0.015314136994182777
    }
  },
  "tokens_per_second": {
    "mean": 12.566904163304445,
    "std": 0.11510542310579322
  },
  "compression_ratio": {
    "mean": 1273.2890170838546,
    "std": 11.305876970807589
  }
}