{
  "language": "lithuania",
  "dataset": "eurospeech",
  "num_samples": 100,
  "num_failed": 0,
  "metrics": {
    "mse": {
      "mean": 0.032982511782864155,
      "std": 0.014283759788877836,
      "min": 0.0064449579646192546,
      "max": 0.06691332296056211,
      "median": 0.030532087124115228
    },
    "snr_db": {
      "mean": -2.7167398122660025,
      "std": 1.2291933695305697,
      "min": -6.469049950994815,
      "max": -0.7929870977457807,
      "median": -2.4945801191836363
    },
    "sdr_db": {
      "mean": -2.9142625107356657,
      "std": 1.563593524462362,
      "min": -9.257804009467892,
      "max": -0.7549124876903051,
      "median": -2.571474680730824
    },
    "pesq": {
      "mean": 1.0820740783214569,
      "std": 0.047442597413208956,
      "min": 1.0329077243804932,
      "max": 1.3358451128005981,
      "median": 1.070036232471466
    },
    "stoi": {
      "mean": 0.5811321410273571,
      "std": 0.10826419998866565,
      "min": 0.1296136286036326,
      "max": 0.6834827316259631,
      "median": 0.6055040564154817
    },
    "estoi": {
      "mean": 0.3364336231507189,
      "std": 0.11772156924296413,
      "min": 0.024598652003827076,
      "max": 0.5089692074909931,
      "median": 0.3623075425785889
    }
  },
  "tokens_per_second": {
    "mean": 12.532687807990198,
    "std": 0.022901259758486742
  },
  "compression_ratio": {
    "mean": 1276.665758648482,
    "std": 2.331242920854453
  }
}