{
  "language": "th_th",
  "dataset": "fleurs",
  "num_samples": 100,
  "num_failed": 0,
  "metrics": {
    "mse": {
      "mean": 0.03615652874810485,
      "std": 0.015921515295462357,
      "min": 0.012649977336741032,
      "max": 0.07357083342357408,
      "median": 0.03400961950495836
    },
    "snr_db": {
      "mean": -5.389496742937203,
      "std": 6.222585206575225,
      "min": -23.039799718273738,
      "max": -0.9885232633185932,
      "median": -3.071609980906474
    },
    "sdr_db": {
      "mean": -5.526844630295517,
      "std": 6.4449913653431,
      "min": -24.863679747546943,
      "max": -0.9357699694192534,
      "median": -3.0635773782165616
    },
    "pesq": {
      "mean": 1.0718696701526642,
      "std": 0.029633268767453962,
      "min": 1.0223101377487183,
      "max": 1.1407650709152222,
      "median": 1.0711974501609802
    },
    "stoi": {
      "mean": 0.5944754592962673,
      "std": 0.06084050390479431,
      "min": 0.45320641994946526,
      "max": 0.709385426255017,
      "median": 0.5897968870759698
    },
    "estoi": {
      "mean": 0.4210855448044558,
      "std": 0.08558242665969247,
      "min": 0.23285283078233585,
      "max": 0.5832227220010964,
      "median": 0.42260054342141995
    }
  },
  "tokens_per_second": {
    "mean": 12.531791630465104,
    "std": 0.030832479956688894
  },
  "compression_ratio": {
    "mean": 1276.7605103439096,
    "std": 3.1355893234518963
  }
}