{
  "language": "ca_es",
  "dataset": "fleurs",
  "num_samples": 100,
  "num_failed": 0,
  "metrics": {
    "mse": {
      "mean": 0.028971554644729346,
      "std": 0.0112297717725138,
      "min": 0.008250992076419439,
      "max": 0.05757555301314365,
      "median": 0.02870906662934814
    },
    "snr_db": {
      "mean": -3.2456728598666045,
      "std": 1.7546264347340867,
      "min": -8.625552501963568,
      "max": -0.6959835312662781,
      "median": -2.890470678582531
    },
    "sdr_db": {
      "mean": -3.239831780664975,
      "std": 1.687130198073566,
      "min": -10.57991252977019,
      "max": -0.7306121455607425,
      "median": -2.9540947760354768
    },
    "pesq": {
      "mean": 1.0780722534656524,
      "std": 0.03967936102421378,
      "min": 1.0280144214630127,
      "max": 1.261033296585083,
      "median": 1.0702175498008728
    },
    "stoi": {
      "mean": 0.517523992397349,
      "std": 0.09997542706666795,
      "min": 0.27095444628511245,
      "max": 0.7040101526586251,
      "median": 0.531026773827837
    },
    "estoi": {
      "mean": 0.29941302352278937,
      "std": 0.09112520415685987,
      "min": 0.14372264021548273,
      "max": 0.5322103635371742,
      "median": 0.27150620518017665
    }
  },
  "tokens_per_second": {
    "mean": 12.529882014902592,
    "std": 0.0333408616402637
  },
  "compression_ratio": {
    "mean": 1276.9563932877725,
    "std": 3.3876392164929654
  }
}