{
  "language": "norway",
  "dataset": "eurospeech",
  "num_samples": 100,
  "num_failed": 0,
  "metrics": {
    "mse": {
      "mean": 0.02517060536581747,
      "std": 0.0070415332957504745,
      "min": 0.009717622102190359,
      "max": 0.04548563736853398,
      "median": 0.02519220637170056
    },
    "snr_db": {
      "mean": -3.160149365897576,
      "std": 1.1276405300264596,
      "min": -7.055239721691607,
      "max": -0.5453528368994136,
      "median": -2.992203577321796
    },
    "sdr_db": {
      "mean": -3.1364757305711093,
      "std": 1.1054072374631883,
      "min": -7.073365050036299,
      "max": -0.5955075517804438,
      "median": -3.0732767525714877
    },
    "pesq": {
      "mean": 1.0483757066726684,
      "std": 0.01510238846164766,
      "min": 1.0231053829193115,
      "max": 1.1023728847503662,
      "median": 1.0452666878700256
    },
    "stoi": {
      "mean": 0.5573433611404032,
      "std": 0.06456643285644167,
      "min": 0.3247006517834008,
      "max": 0.6777271704563109,
      "median": 0.576855533491708
    },
    "estoi": {
      "mean": 0.3084756046687802,
      "std": 0.07530228442264844,
      "min": 0.12079693696100471,
      "max": 0.4798721911666498,
      "median": 0.2996851426049685
    }
  },
  "tokens_per_second": {
    "mean": 12.528269249805843,
    "std": 0.022251125431672285
  },
  "compression_ratio": {
    "mean": 1277.1157842734015,
    "std": 2.265442998364497
  }
}