{
  "language": "disco",
  "dataset": "gtzan",
  "num_samples": 25,
  "num_failed": 0,
  "metrics": {
    "mse": {
      "mean": 0.0482155123403629,
      "std": 0.02242795113951003,
      "min": 0.020260678241960636,
      "max": 0.09709131386135421,
      "median": 0.045127093906858304
    },
    "snr_db": {
      "mean": -0.7049626067298275,
      "std": 0.3798998148726971,
      "min": -1.5929865348239403,
      "max": -0.18642491075603004,
      "median": -0.6262303781405298
    },
    "sdr_db": {
      "mean": -0.6457041650966463,
      "std": 0.3397608417523401,
      "min": -1.4528529732007547,
      "max": -0.18464817729782354,
      "median": -0.5785769626102006
    },
    "pesq": {
      "mean": 1.0321325397491454,
      "std": 0.009299896129712226,
      "min": 1.0211358070373535,
      "max": 1.0626232624053955,
      "median": 1.0292754173278809
    },
    "stoi": {
      "mean": 0.2422464365587938,
      "std": 0.0523891668268873,
      "min": 0.1280871909702522,
      "max": 0.31631959975006063,
      "median": 0.25467118364690006
    },
    "estoi": {
      "mean": 0.11261570219158218,
      "std": 0.02791444701730589,
      "min": 0.06342091988949074,
      "max": 0.1725181828048759,
      "median": 0.11371295329826914
    }
  },
  "tokens_per_second": {
    "mean": 12.525035065138923,
    "std": 0.007381596303443072
  },
  "compression_ratio": {
    "mean": 1760.474725437584,
    "std": 1.0387180396935554
  }
}