{
  "language": "italy",
  "dataset": "eurospeech",
  "num_samples": 100,
  "num_failed": 0,
  "metrics": {
    "mse": {
      "mean": 0.03332912691720484,
      "std": 0.011430571757943464,
      "min": 0.013553743066839142,
      "max": 0.07524037462791008,
      "median": 0.03199246628675511
    },
    "snr_db": {
      "mean": -2.630616265151129,
      "std": 1.140402781395854,
      "min": -5.755678165807765,
      "max": -0.2585975131745485,
      "median": -2.5220678362904696
    },
    "sdr_db": {
      "mean": -2.73395710361001,
      "std": 1.174886432762634,
      "min": -5.877514140760297,
      "max": -0.24904816174313593,
      "median": -2.579995667692057
    },
    "pesq": {
      "mean": 1.0388594365119934,
      "std": 0.006781100289758774,
      "min": 1.0276942253112793,
      "max": 1.0660442113876343,
      "median": 1.0375643372535706
    },
    "stoi": {
      "mean": 0.5526598306495489,
      "std": 0.03811876054154153,
      "min": 0.4607648975315161,
      "max": 0.6377508031668421,
      "median": 0.5558351498454367
    },
    "estoi": {
      "mean": 0.28438524262834103,
      "std": 0.041598635425307756,
      "min": 0.20172310733384555,
      "max": 0.43494758125919103,
      "median": 0.2791007483806417
    }
  },
  "tokens_per_second": {
    "mean": 12.531595805884965,
    "std": 0.02211292401369472
  },
  "compression_ratio": {
    "mean": 1276.7767199608911,
    "std": 2.251578649358013
  }
}