{
  "language": "am_et",
  "dataset": "fleurs",
  "num_samples": 100,
  "num_failed": 0,
  "metrics": {
    "mse": {
      "mean": 0.028913578654493684,
      "std": 0.010991048892995304,
      "min": 0.00894216409336003,
      "max": 0.0613255431740071,
      "median": 0.02804031844678174
    },
    "snr_db": {
      "mean": -4.816662189190049,
      "std": 2.6314487050924704,
      "min": -13.014242598506724,
      "max": -0.8370635795590706,
      "median": -4.315702974103547
    },
    "sdr_db": {
      "mean": -4.8046872128262486,
      "std": 2.7141545088203696,
      "min": -13.569354406942454,
      "max": -0.8120484850386767,
      "median": -4.219842131979217
    },
    "pesq": {
      "mean": 1.043236664533615,
      "std": 0.01636966703858036,
      "min": 1.01993989944458,
      "max": 1.1118673086166382,
      "median": 1.0381410717964172
    },
    "stoi": {
      "mean": 0.48160136865884257,
      "std": 0.0843563607536422,
      "min": 0.26785453689264627,
      "max": 0.6360612320449696,
      "median": 0.48870774164021025
    },
    "estoi": {
      "mean": 0.26124062976941603,
      "std": 0.07996313414698258,
      "min": 0.1200984484930938,
      "max": 0.4438825381991553,
      "median": 0.24101425267571874
    }
  },
  "tokens_per_second": {
    "mean": 12.53015369112012,
    "std": 0.02912112986275992
  },
  "compression_ratio": {
    "mean": 1276.9265672162185,
    "std": 2.958000930774156
  }
}