{
  "language": "Watkins",
  "dataset": "naturelm",
  "num_samples": 100,
  "num_failed": 0,
  "metrics": {
    "mse": {
      "mean": 0.07151503325221542,
      "std": 0.04702873190725935,
      "min": 0.004175092703737178,
      "max": 0.20578857713288382,
      "median": 0.059784814046015974
    },
    "snr_db": {
      "mean": -3.599194188677285,
      "std": 3.010869498545681,
      "min": -15.136413924787837,
      "max": -0.1502875790120219,
      "median": -3.033570599830674
    },
    "sdr_db": {
      "mean": -3.6161085190585784,
      "std": 3.008099026773019,
      "min": -15.139569108055914,
      "max": -0.15028757322907388,
      "median": -3.0292733408785875
    },
    "pesq": {
      "mean": 1.0940385711820502,
      "std": 0.22367729676578374,
      "min": 1.013952374458313,
      "max": 2.431360960006714,
      "median": 1.0403738021850586
    },
    "stoi": {
      "mean": 0.08381871751613114,
      "std": 0.11365805965866813,
      "min": -0.14900848820968834,
      "max": 0.5320439062483887,
      "median": 0.06302596811593952
    },
    "estoi": {
      "mean": 0.017752340123807574,
      "std": 0.039803837967155316,
      "min": -0.09030103253732838,
      "max": 0.22381889812275704,
      "median": 0.012459744090940613
    }
  },
  "tokens_per_second": {
    "mean": 12.834560040881856,
    "std": 0.4630407534069902
  },
  "compression_ratio": {
    "mean": 1248.102612993058,
    "std": 40.76729614752441
  }
}