{
  "language": "sw_ke",
  "dataset": "fleurs",
  "num_samples": 100,
  "num_failed": 0,
  "metrics": {
    "mse": {
      "mean": 0.03550857214534296,
      "std": 0.014049112634378259,
      "min": 0.010335774105014147,
      "max": 0.08842488762893232,
      "median": 0.03421405757822647
    },
    "snr_db": {
      "mean": -4.829257237512222,
      "std": 2.4017009037900037,
      "min": -12.513587146723474,
      "max": -1.054568016837012,
      "median": -4.493655003546259
    },
    "sdr_db": {
      "mean": -4.907799250049839,
      "std": 2.4939872133946617,
      "min": -12.968897791584482,
      "max": -0.3252843548207517,
      "median": -4.531750697553845
    },
    "pesq": {
      "mean": 1.063000078201294,
      "std": 0.02831534681233112,
      "min": 1.0256657600402832,
      "max": 1.1533727645874023,
      "median": 1.0540124773979187
    },
    "stoi": {
      "mean": 0.5422943678088568,
      "std": 0.09049898754226757,
      "min": 0.15197783781263183,
      "max": 0.7371714154599313,
      "median": 0.5471883707481839
    },
    "estoi": {
      "mean": 0.31566820790102507,
      "std": 0.10321436846233194,
      "min": 0.06356168921752615,
      "max": 0.6184447089986205,
      "median": 0.30801526301834437
    }
  },
  "tokens_per_second": {
    "mean": 12.52607595860261,
    "std": 0.025852073784663244
  },
  "compression_ratio": {
    "mean": 1277.3408067052696,
    "std": 2.629195877418924
  }
}