{
  "language": "cy_gb",
  "dataset": "fleurs",
  "num_samples": 100,
  "num_failed": 0,
  "metrics": {
    "mse": {
      "mean": 0.031501305214682335,
      "std": 0.019130237910381626,
      "min": 0.003987365917270377,
      "max": 0.0959018430167465,
      "median": 0.02925915127250252
    },
    "snr_db": {
      "mean": -4.83192789710717,
      "std": 4.316763030102444,
      "min": -18.5777416712371,
      "max": -0.42533967077139107,
      "median": -3.635217355668172
    },
    "sdr_db": {
      "mean": -4.938435253409044,
      "std": 4.280946889059449,
      "min": -18.577741664393734,
      "max": -0.42827756960590957,
      "median": -3.767674689749196
    },
    "pesq": {
      "mean": 1.0754081835138036,
      "std": 0.031743720616356864,
      "min": 1.022050380706787,
      "max": 1.2202421426773071,
      "median": 1.0712518095970154
    },
    "stoi": {
      "mean": 0.5029225580217765,
      "std": 0.18765839307903132,
      "min": -0.019296799830714327,
      "max": 0.6802239351253226,
      "median": 0.5777764169357054
    },
    "estoi": {
      "mean": 0.29189785155732917,
      "std": 0.14854847905618082,
      "min": -0.045177648158623525,
      "max": 0.5054327977747336,
      "median": 0.3349778565363578
    }
  },
  "tokens_per_second": {
    "mean": 12.576111482865358,
    "std": 0.14950238517271816
  },
  "compression_ratio": {
    "mean": 1272.4274457218526,
    "std": 14.645794707523644
  }
}