{
  "language": "af_za",
  "dataset": "fleurs",
  "num_samples": 100,
  "num_failed": 0,
  "metrics": {
    "mse": {
      "mean": 0.03279050712062339,
      "std": 0.01090780186103885,
      "min": 0.009957234038680953,
      "max": 0.060624815493522284,
      "median": 0.031849587811777325
    },
    "snr_db": {
      "mean": -3.4874880787617077,
      "std": 2.0582012843397464,
      "min": -16.111620753645038,
      "max": -0.7234290085983258,
      "median": -2.9816249171469034
    },
    "sdr_db": {
      "mean": -3.626758013148416,
      "std": 2.194653006068245,
      "min": -16.38868396571904,
      "max": -0.695015093754339,
      "median": -3.0337970076364327
    },
    "pesq": {
      "mean": 1.0754319500923157,
      "std": 0.03124327133605158,
      "min": 1.0329535007476807,
      "max": 1.1932183504104614,
      "median": 1.066785454750061
    },
    "stoi": {
      "mean": 0.5261755633248898,
      "std": 0.07360809587839097,
      "min": 0.28354130596730553,
      "max": 0.6619907743049099,
      "median": 0.5197413910635476
    },
    "estoi": {
      "mean": 0.31942536724593107,
      "std": 0.08154225732912672,
      "min": 0.11422492174337104,
      "max": 0.519055542341562,
      "median": 0.3047739871532587
    }
  },
  "tokens_per_second": {
    "mean": 12.535040719875724,
    "std": 0.028276601785600326
  },
  "compression_ratio": {
    "mean": 1276.4283472877605,
    "std": 2.8755109551573352
  }
}