{
  "language": "oc_fr",
  "dataset": "fleurs",
  "num_samples": 100,
  "num_failed": 0,
  "metrics": {
    "mse": {
      "mean": 0.028211846383586304,
      "std": 0.010276094290237616,
      "min": 0.00837674058775739,
      "max": 0.061577953064127,
      "median": 0.027257018285370485
    },
    "snr_db": {
      "mean": -4.820410785635913,
      "std": 2.5023874616391586,
      "min": -12.521140601591757,
      "max": -1.0023097518768878,
      "median": -4.278057571959129
    },
    "sdr_db": {
      "mean": -4.98699215786024,
      "std": 2.6431053163093945,
      "min": -13.192194023156842,
      "max": -1.1196976112996035,
      "median": -4.465942281313476
    },
    "pesq": {
      "mean": 1.0584787821769714,
      "std": 0.020030686902050465,
      "min": 1.0280264616012573,
      "max": 1.1276404857635498,
      "median": 1.0551127195358276
    },
    "stoi": {
      "mean": 0.5853860379830319,
      "std": 0.04991118069047477,
      "min": 0.4669096504889437,
      "max": 0.7050155754188677,
      "median": 0.5851674639158555
    },
    "estoi": {
      "mean": 0.2945504020498196,
      "std": 0.05651482485187669,
      "min": 0.13091415488653765,
      "max": 0.44843289841088346,
      "median": 0.2969014973975054
    }
  },
  "tokens_per_second": {
    "mean": 12.531326305662907,
    "std": 0.030079896401874966
  },
  "compression_ratio": {
    "mean": 1276.8075439492545,
    "std": 3.0572984053949597
  }
}