{
  "language": "yo_ng",
  "dataset": "fleurs",
  "num_samples": 100,
  "num_failed": 0,
  "metrics": {
    "mse": {
      "mean": 0.02774480656177216,
      "std": 0.011638219648611592,
      "min": 0.00738189882332602,
      "max": 0.06003066765841888,
      "median": 0.02490457024709419
    },
    "snr_db": {
      "mean": -5.496501203541729,
      "std": 2.5761167371615796,
      "min": -13.011500797264489,
      "max": -1.3071599944722336,
      "median": -5.173745636087647
    },
    "sdr_db": {
      "mean": -5.81930947611407,
      "std": 2.8041173752556467,
      "min": -13.077213850448235,
      "max": -1.272942968292091,
      "median": -5.335267839101123
    },
    "pesq": {
      "mean": 1.0759115266799926,
      "std": 0.03803433404812777,
      "min": 1.0269991159439087,
      "max": 1.3109256029129028,
      "median": 1.0698856711387634
    },
    "stoi": {
      "mean": 0.563449411412318,
      "std": 0.06235495161232242,
      "min": 0.355895574035507,
      "max": 0.7089635681193405,
      "median": 0.5603760234650057
    },
    "estoi": {
      "mean": 0.30838126795104254,
      "std": 0.08280956952199177,
      "min": 0.0655339880127671,
      "max": 0.5662115675590814,
      "median": 0.2876310688899345
    }
  },
  "tokens_per_second": {
    "mean": 12.52852796405034,
    "std": 0.02939627465638606
  },
  "compression_ratio": {
    "mean": 1277.092391959954,
    "std": 2.9849525741232696
  }
}