{
  "language": "NatureLM",
  "dataset": "naturelm",
  "num_samples": 100,
  "num_failed": 0,
  "metrics": {
    "mse": {
      "mean": 0.13804127619938167,
      "std": 0.16359234956047913,
      "min": 0.006174224548146309,
      "max": 0.7602035467723477,
      "median": 0.07916516924061726
    },
    "snr_db": {
      "mean": -3.3819130126345276,
      "std": 3.0359735945513626,
      "min": -13.418117006277146,
      "max": -0.05521097330117007,
      "median": -2.709551095628772
    },
    "sdr_db": {
      "mean": NaN,
      "std": NaN,
      "min": NaN,
      "max": NaN,
      "median": NaN
    },
    "pesq": {
      "mean": 1.163322462592014,
      "std": 0.31158864976611494,
      "min": 1.0143412351608276,
      "max": 2.7591545581817627,
      "median": 1.058633267879486
    },
    "stoi": {
      "mean": 0.12489566182477184,
      "std": 0.15426278688774928,
      "min": -0.02937805966003749,
      "max": 0.6000717242728817,
      "median": 0.0535726677107613
    },
    "estoi": {
      "mean": 0.027857435850925462,
      "std": 0.059327439896098094,
      "min": -0.11517649648006499,
      "max": 0.23113826338593046,
      "median": 0.005187960084565989
    }
  },
  "tokens_per_second": {
    "mean": 12.577171860252424,
    "std": 0.14674464870686854
  },
  "compression_ratio": {
    "mean": 1272.313829668446,
    "std": 14.379235003204654
  }
}