{
  "language": "be_by",
  "dataset": "fleurs",
  "num_samples": 100,
  "num_failed": 0,
  "metrics": {
    "mse": {
      "mean": 0.03141731582442917,
      "std": 0.011614800957225283,
      "min": 0.009694984373636655,
      "max": 0.06626608022594864,
      "median": 0.030293987986882463
    },
    "snr_db": {
      "mean": -4.610894853527554,
      "std": 2.4086500632555703,
      "min": -15.984022126094912,
      "max": -1.008665772707351,
      "median": -4.198142746490943
    },
    "sdr_db": {
      "mean": -4.7143378696919775,
      "std": 2.492485567916079,
      "min": -15.852979735100037,
      "max": -1.1491133944434158,
      "median": -4.278321869653863
    },
    "pesq": {
      "mean": 1.064566330909729,
      "std": 0.019844261834071043,
      "min": 1.0344244241714478,
      "max": 1.1346989870071411,
      "median": 1.0603541135787964
    },
    "stoi": {
      "mean": 0.5217149719011903,
      "std": 0.08785313755494975,
      "min": 0.2957236408239314,
      "max": 0.7154829884342467,
      "median": 0.5369388363177023
    },
    "estoi": {
      "mean": 0.305750522846585,
      "std": 0.07548787436036397,
      "min": 0.14947264518315484,
      "max": 0.5270411290338941,
      "median": 0.29727206028270137
    }
  },
  "tokens_per_second": {
    "mean": 12.530940783982674,
    "std": 0.026168614796022453
  },
  "compression_ratio": {
    "mean": 1276.8450486745546,
    "std": 2.6633214640848326
  }
}