{
  "language": "sweden",
  "dataset": "eurospeech",
  "num_samples": 100,
  "num_failed": 0,
  "metrics": {
    "mse": {
      "mean": 0.02951315719859106,
      "std": 0.008265769321899891,
      "min": 0.014013031055139177,
      "max": 0.05049819486657617,
      "median": 0.029236452715965932
    },
    "snr_db": {
      "mean": -4.03586418459228,
      "std": 1.5946826103377891,
      "min": -8.993311933247448,
      "max": -0.807850275664521,
      "median": -4.079184378611643
    },
    "sdr_db": {
      "mean": -4.263440159928543,
      "std": 1.7948079144040956,
      "min": -10.113300529161124,
      "max": -0.8210797958798356,
      "median": -4.267540282858667
    },
    "pesq": {
      "mean": 1.0612483894824982,
      "std": 0.017853311136454237,
      "min": 1.0317462682724,
      "max": 1.1277711391448975,
      "median": 1.0606509447097778
    },
    "stoi": {
      "mean": 0.6151517357708123,
      "std": 0.07392191683911313,
      "min": 0.46224306529336634,
      "max": 0.772513387050459,
      "median": 0.6152763241095912
    },
    "estoi": {
      "mean": 0.36163034439190306,
      "std": 0.12123192113501725,
      "min": 0.16160160870695514,
      "max": 0.581320719234642,
      "median": 0.34418148268995197
    }
  },
  "tokens_per_second": {
    "mean": 12.53220494149276,
    "std": 0.02094777763958501
  },
  "compression_ratio": {
    "mean": 1276.7142544149926,
    "std": 2.133312220472014
  }
}