{
  "language": "cmn_hans_cn",
  "dataset": "fleurs",
  "num_samples": 100,
  "num_failed": 0,
  "metrics": {
    "mse": {
      "mean": 0.03724886021012399,
      "std": 0.011920278153002306,
      "min": 0.01857429701004078,
      "max": 0.0805161600902792,
      "median": 0.036160768855294505
    },
    "snr_db": {
      "mean": -4.188203863981876,
      "std": 1.2737422274651342,
      "min": -7.538770318781052,
      "max": -1.9664518015568193,
      "median": -4.057556291408122
    },
    "sdr_db": {
      "mean": -4.286894436071517,
      "std": 1.3773038442508552,
      "min": -8.455178892395674,
      "max": -2.0266479270787503,
      "median": -4.120973149918279
    },
    "pesq": {
      "mean": 1.074268229007721,
      "std": 0.035711480224985166,
      "min": 1.0226911306381226,
      "max": 1.1982396841049194,
      "median": 1.0695764422416687
    },
    "stoi": {
      "mean": 0.5623226805412138,
      "std": 0.07638656037940592,
      "min": 0.39532753106974344,
      "max": 0.7323758959979856,
      "median": 0.5627575843209124
    },
    "estoi": {
      "mean": 0.35474951960436174,
      "std": 0.10102743983959497,
      "min": 0.18908343136409195,
      "max": 0.599780705414383,
      "median": 0.3439675938662379
    }
  },
  "tokens_per_second": {
    "mean": 12.530960780937106,
    "std": 0.028929219062556945
  },
  "compression_ratio": {
    "mean": 1276.844246111046,
    "std": 2.9441385822539505
  }
}