{
  "language": "greece",
  "dataset": "eurospeech",
  "num_samples": 100,
  "num_failed": 0,
  "metrics": {
    "mse": {
      "mean": 0.05736106631073461,
      "std": 0.00908491413801065,
      "min": 0.023228559557200212,
      "max": 0.0763372676384106,
      "median": 0.058173913157508514
    },
    "snr_db": {
      "mean": -1.74941104764261,
      "std": 0.5740933978636669,
      "min": -3.2605698418087976,
      "max": -0.39472402986926397,
      "median": -1.6806135567882508
    },
    "sdr_db": {
      "mean": -1.7306220083860384,
      "std": 0.5826122035218866,
      "min": -3.2749272088330605,
      "max": -0.40661006295843705,
      "median": -1.6175651240557523
    },
    "pesq": {
      "mean": 1.0349258601665496,
      "std": 0.006851030776882646,
      "min": 1.0228933095932007,
      "max": 1.0577301979064941,
      "median": 1.0335137248039246
    },
    "stoi": {
      "mean": 0.43753351959519987,
      "std": 0.053514510362904784,
      "min": 0.29316018410729566,
      "max": 0.5579992690775979,
      "median": 0.42602445096776664
    },
    "estoi": {
      "mean": 0.1712930336840601,
      "std": 0.033628633286063477,
      "min": 0.07250219936860976,
      "max": 0.25414080413981094,
      "median": 0.1642369237457018
    }
  },
  "tokens_per_second": {
    "mean": 12.527968011146525,
    "std": 0.022493578651074344
  },
  "compression_ratio": {
    "mean": 1277.1465827725817,
    "std": 2.2910817858227692
  }
}