{
  "language": "bosnia-herzegovina",
  "dataset": "eurospeech",
  "num_samples": 100,
  "num_failed": 0,
  "metrics": {
    "mse": {
      "mean": 0.027871237131030773,
      "std": 0.010678064248743074,
      "min": 0.006749120187026208,
      "max": 0.04888989046863192,
      "median": 0.02741491314795065
    },
    "snr_db": {
      "mean": -4.81128417746429,
      "std": 1.5093434581561798,
      "min": -9.386947579502795,
      "max": -1.5233593712879863,
      "median": -4.584438951501014
    },
    "sdr_db": {
      "mean": -5.016573995459569,
      "std": 1.5966549228277342,
      "min": -10.269235296105085,
      "max": -2.167725595472764,
      "median": -4.8562038577046565
    },
    "pesq": {
      "mean": 1.0479307973384857,
      "std": 0.021961301941780458,
      "min": 1.0281410217285156,
      "max": 1.1972968578338623,
      "median": 1.0432321429252625
    },
    "stoi": {
      "mean": 0.5685146522974348,
      "std": 0.062368079829516185,
      "min": 0.27462909649818484,
      "max": 0.6762469335440305,
      "median": 0.5765909033627439
    },
    "estoi": {
      "mean": 0.2863414170783471,
      "std": 0.06652656447201465,
      "min": 0.0993574992645351,
      "max": 0.4436694596576011,
      "median": 0.27564432872649014
    }
  },
  "tokens_per_second": {
    "mean": 12.529939477844941,
    "std": 0.019994104427232012
  },
  "compression_ratio": {
    "mean": 1276.9447733896054,
    "std": 2.0369594218146285
  }
}