{
  "language": "croatia",
  "dataset": "eurospeech",
  "num_samples": 100,
  "num_failed": 0,
  "metrics": {
    "mse": {
      "mean": 0.031862325416959277,
      "std": 0.008291097354655332,
      "min": 0.00920129208861674,
      "max": 0.05569290519699535,
      "median": 0.03186793925467446
    },
    "snr_db": {
      "mean": -2.11586205085981,
      "std": 1.0755317317757422,
      "min": -6.083616900297233,
      "max": -0.3161259384023811,
      "median": -1.9189815377543913
    },
    "sdr_db": {
      "mean": -2.110988059901678,
      "std": 1.097133050743556,
      "min": -6.180613662327641,
      "max": -0.2952809014223439,
      "median": -1.9332851560917255
    },
    "pesq": {
      "mean": 1.0279187071323395,
      "std": 0.005103340477420934,
      "min": 1.0204572677612305,
      "max": 1.0447685718536377,
      "median": 1.027108371257782
    },
    "stoi": {
      "mean": 0.466448532173508,
      "std": 0.06956486939760358,
      "min": 0.19592329039012554,
      "max": 0.6230779116470853,
      "median": 0.47806050862148897
    },
    "estoi": {
      "mean": 0.18686485630593133,
      "std": 0.06121075432393635,
      "min": 0.0696187582097881,
      "max": 0.4126337249190596,
      "median": 0.1789429150850091
    }
  },
  "tokens_per_second": {
    "mean": 12.535765762805175,
    "std": 0.02185413151001293
  },
  "compression_ratio": {
    "mean": 1276.3519122343662,
    "std": 2.2239626595859523
  }
}