{
  "language": "ga_ie",
  "dataset": "fleurs",
  "num_samples": 100,
  "num_failed": 0,
  "metrics": {
    "mse": {
      "mean": 0.029316649521580942,
      "std": 0.011835080634423931,
      "min": 0.006656588548889206,
      "max": 0.060312469957597696,
      "median": 0.029750547042146233
    },
    "snr_db": {
      "mean": -4.300768388312364,
      "std": 1.9907973396198755,
      "min": -10.548422228225892,
      "max": -1.1170374998032104,
      "median": -3.817212077065645
    },
    "sdr_db": {
      "mean": -5.918085698877618,
      "std": 5.277883550124566,
      "min": -24.087848691963483,
      "max": -1.133848971201544,
      "median": -3.937184493984227
    },
    "pesq": {
      "mean": 1.0710016357898713,
      "std": 0.023777242518184926,
      "min": 1.0325180292129517,
      "max": 1.142574429512024,
      "median": 1.0669745206832886
    },
    "stoi": {
      "mean": 0.582528948798962,
      "std": 0.05017963842626867,
      "min": 0.3663008233962524,
      "max": 0.6633697567825765,
      "median": 0.5921501408103009
    },
    "estoi": {
      "mean": 0.3579165790205041,
      "std": 0.06832207139473795,
      "min": 0.23044147480254185,
      "max": 0.5932103846870946,
      "median": 0.34655416410831064
    }
  },
  "tokens_per_second": {
    "mean": 12.521656429329857,
    "std": 0.02213468113745242
  },
  "compression_ratio": {
    "mean": 1277.7902023615445,
    "std": 2.254512106096485
  }
}