{
  "language": "iceland",
  "dataset": "eurospeech",
  "num_samples": 100,
  "num_failed": 0,
  "metrics": {
    "mse": {
      "mean": 0.020072564884872496,
      "std": 0.005813011451687437,
      "min": 0.009661382480058062,
      "max": 0.03630305046466763,
      "median": 0.019487635153273137
    },
    "snr_db": {
      "mean": -3.521524013232359,
      "std": 1.1781252658396786,
      "min": -7.347182795847932,
      "max": -1.2597860102442917,
      "median": -3.4089356999181426
    },
    "sdr_db": {
      "mean": -3.558315121636418,
      "std": 1.2252453618539965,
      "min": -7.3698280381138215,
      "max": -1.302394091814029,
      "median": -3.415451593150469
    },
    "pesq": {
      "mean": 1.0414994370937347,
      "std": 0.010274455448498466,
      "min": 1.024312138557434,
      "max": 1.0805928707122803,
      "median": 1.038893461227417
    },
    "stoi": {
      "mean": 0.5127934350826587,
      "std": 0.057196654642657295,
      "min": 0.28086923163145716,
      "max": 0.6367979380156354,
      "median": 0.523395798750917
    },
    "estoi": {
      "mean": 0.20108910371637076,
      "std": 0.06368828099047025,
      "min": 0.06152840683691813,
      "max": 0.4000285718307369,
      "median": 0.18619396415488854
    }
  },
  "tokens_per_second": {
    "mean": 12.531208953865425,
    "std": 0.021747978297864384
  },
  "compression_ratio": {
    "mean": 1276.8160056060829,
    "std": 2.2145487355414253
  }
}