{
  "language": "ast_es",
  "dataset": "fleurs",
  "num_samples": 100,
  "num_failed": 0,
  "metrics": {
    "mse": {
      "mean": 0.03686685009499362,
      "std": 0.015096682581575638,
      "min": 0.014301597083146884,
      "max": 0.08373053149146394,
      "median": 0.03468983267314027
    },
    "snr_db": {
      "mean": -4.160379721029714,
      "std": 1.8264625611489589,
      "min": -9.83322652617103,
      "max": -0.8074055521927077,
      "median": -3.9031468382057155
    },
    "sdr_db": {
      "mean": -4.4741435817876285,
      "std": 2.176721937419298,
      "min": -11.251226423335975,
      "max": -0.8276147071400645,
      "median": -4.064605713268574
    },
    "pesq": {
      "mean": 1.0890232241153717,
      "std": 0.03667167124662573,
      "min": 1.0393648147583008,
      "max": 1.2486037015914917,
      "median": 1.0844733119010925
    },
    "stoi": {
      "mean": 0.5995789739320408,
      "std": 0.062289715201488446,
      "min": 0.470370925704409,
      "max": 0.714682185381833,
      "median": 0.605394501154295
    },
    "estoi": {
      "mean": 0.38345570817729957,
      "std": 0.09417491823654253,
      "min": 0.14701409198413154,
      "max": 0.5599742519883526,
      "median": 0.39785980302437784
    }
  },
  "tokens_per_second": {
    "mean": 12.534933256478782,
    "std": 0.03073095781466213
  },
  "compression_ratio": {
    "mean": 1276.44046197901,
    "std": 3.123799254450379
  }
}