{
  "language": "ja_jp",
  "dataset": "fleurs",
  "num_samples": 100,
  "num_failed": 0,
  "metrics": {
    "mse": {
      "mean": 0.036932100234734484,
      "std": 0.014554520380504159,
      "min": 0.010690648213343569,
      "max": 0.07145674934712415,
      "median": 0.035082887191472435
    },
    "snr_db": {
      "mean": -3.885259049493901,
      "std": 1.9603440177347524,
      "min": -13.042335940322014,
      "max": -0.8185290671436853,
      "median": -3.7225597192020885
    },
    "sdr_db": {
      "mean": -4.1103866695364975,
      "std": 2.2229934680396193,
      "min": -13.444570401770797,
      "max": -0.8611764824884738,
      "median": -3.9833201921690193
    },
    "pesq": {
      "mean": 1.0634000992774963,
      "std": 0.0204728301776419,
      "min": 1.0261214971542358,
      "max": 1.1664167642593384,
      "median": 1.0578755736351013
    },
    "stoi": {
      "mean": 0.5406989291654584,
      "std": 0.08609880668416056,
      "min": 0.21072487082350297,
      "max": 0.7128318182828745,
      "median": 0.5535714220570804
    },
    "estoi": {
      "mean": 0.33932895482814646,
      "std": 0.09902615263521551,
      "min": 0.1419983120107895,
      "max": 0.546892265710479,
      "median": 0.335961432501684
    }
  },
  "tokens_per_second": {
    "mean": 12.53043159853854,
    "std": 0.02719986996825312
  },
  "compression_ratio": {
    "mean": 1276.8973790864932,
    "std": 2.767192429741103
  }
}