{
  "language": "te_in",
  "dataset": "fleurs",
  "num_samples": 100,
  "num_failed": 0,
  "metrics": {
    "mse": {
      "mean": 0.04367940757982689,
      "std": 0.017167249754239076,
      "min": 0.012619336196390177,
      "max": 0.08838919190741507,
      "median": 0.039639726181578794
    },
    "snr_db": {
      "mean": -3.632276782715039,
      "std": 2.0727491509419953,
      "min": -12.654601095948658,
      "max": -0.5175733736985582,
      "median": -3.382295610082739
    },
    "sdr_db": {
      "mean": -3.654285319131927,
      "std": 2.100683689362931,
      "min": -12.577624724399218,
      "max": -0.535786670434932,
      "median": -3.4076535605473857
    },
    "pesq": {
      "mean": 1.0512735736370087,
      "std": 0.0283068649897761,
      "min": 1.0179944038391113,
      "max": 1.151892066001892,
      "median": 1.0411190390586853
    },
    "stoi": {
      "mean": 0.5344994316303595,
      "std": 0.10427316364954081,
      "min": 0.20295707544219094,
      "max": 0.7157683279282426,
      "median": 0.5556148194489319
    },
    "estoi": {
      "mean": 0.3311853302202419,
      "std": 0.12195890357247803,
      "min": 0.04722981330656834,
      "max": 0.5647709327153636,
      "median": 0.35239474534778314
    }
  },
  "tokens_per_second": {
    "mean": 12.528741064004189,
    "std": 0.030610253713539905
  },
  "compression_ratio": {
    "mean": 1277.0712631257477,
    "std": 3.1093121663934085
  }
}