{
  "language": "fa_ir",
  "dataset": "fleurs",
  "num_samples": 100,
  "num_failed": 0,
  "metrics": {
    "mse": {
      "mean": 0.029791415671218787,
      "std": 0.011523778173341279,
      "min": 0.009020233431281695,
      "max": 0.06236797494889256,
      "median": 0.02976494910584359
    },
    "snr_db": {
      "mean": -3.886443435794348,
      "std": 1.5420388204428046,
      "min": -7.80930653093249,
      "max": -0.699166150764189,
      "median": -3.803322598852499
    },
    "sdr_db": {
      "mean": -3.9729303870724983,
      "std": 1.620019598101243,
      "min": -8.171409500366027,
      "max": -0.7005666253957658,
      "median": -3.987629666831272
    },
    "pesq": {
      "mean": 1.0752827835083008,
      "std": 0.02997095240384539,
      "min": 1.0316672325134277,
      "max": 1.1846929788589478,
      "median": 1.0725108981132507
    },
    "stoi": {
      "mean": 0.568202941227641,
      "std": 0.08526557106892459,
      "min": 0.2967993711294718,
      "max": 0.7572411045924107,
      "median": 0.5771792440907557
    },
    "estoi": {
      "mean": 0.3545409919650075,
      "std": 0.08632167927734322,
      "min": 0.1733968891584257,
      "max": 0.5187433142454859,
      "median": 0.3475793593115188
    }
  },
  "tokens_per_second": {
    "mean": 12.52636459436276,
    "std": 0.02446193963272776
  },
  "compression_ratio": {
    "mean": 1277.3108133370945,
    "std": 2.4915581658064263
  }
}