{
  "language": "hu_hu",
  "dataset": "fleurs",
  "num_samples": 100,
  "num_failed": 0,
  "metrics": {
    "mse": {
      "mean": 0.029102329434885,
      "std": 0.00805087516496206,
      "min": 0.01127255660360295,
      "max": 0.05318567098763198,
      "median": 0.029442371216324266
    },
    "snr_db": {
      "mean": -4.216334653310851,
      "std": 1.7266459232439775,
      "min": -10.960923360897958,
      "max": -0.8392856190850113,
      "median": -3.9636743506808862
    },
    "sdr_db": {
      "mean": -4.283925540827037,
      "std": 1.770982372733201,
      "min": -12.04966109024953,
      "max": -0.8418997628090321,
      "median": -4.001799927707219
    },
    "pesq": {
      "mean": 1.0528478109836579,
      "std": 0.023205561742718213,
      "min": 1.018147349357605,
      "max": 1.1141424179077148,
      "median": 1.050190508365631
    },
    "stoi": {
      "mean": 0.5150574510609942,
      "std": 0.099443764575807,
      "min": 0.2766547404263676,
      "max": 0.680312314267118,
      "median": 0.5363247634126929
    },
    "estoi": {
      "mean": 0.28562065255213553,
      "std": 0.09561570844234014,
      "min": 0.07837568238016455,
      "max": 0.44615006241637506,
      "median": 0.28287138969729747
    }
  },
  "tokens_per_second": {
    "mean": 12.529254078053222,
    "std": 0.030656110165501668
  },
  "compression_ratio": {
    "mean": 1277.0190048079778,
    "std": 3.1176207538957605
  }
}