{
  "language": "blues",
  "dataset": "gtzan",
  "num_samples": 25,
  "num_failed": 0,
  "metrics": {
    "mse": {
      "mean": 0.03223976864804081,
      "std": 0.01220414534399199,
      "min": 0.016411711101348692,
      "max": 0.0696458150839136,
      "median": 0.032078144547373
    },
    "snr_db": {
      "mean": -1.5377571124807232,
      "std": 1.2231892210333597,
      "min": -4.936972228507699,
      "max": -0.321151306846322,
      "median": -1.0721806245659966
    },
    "sdr_db": {
      "mean": -1.4004162721087092,
      "std": 1.0596306566645244,
      "min": -4.2305401072375535,
      "max": -0.3088325473951112,
      "median": -0.999802268995857
    },
    "pesq": {
      "mean": 1.052342176437378,
      "std": 0.014168811944455878,
      "min": 1.030588984489441,
      "max": 1.083397388458252,
      "median": 1.0548738241195679
    },
    "stoi": {
      "mean": 0.295602285170647,
      "std": 0.059938426180749134,
      "min": 0.19089622025571856,
      "max": 0.40373839100454906,
      "median": 0.29211507941074755
    },
    "estoi": {
      "mean": 0.0989723378879022,
      "std": 0.03262928462796569,
      "min": 0.034632090816991465,
      "max": 0.17720841628901796,
      "median": 0.0999049101155091
    }
  },
  "tokens_per_second": {
    "mean": 12.527765437583296,
    "std": 0.0
  },
  "compression_ratio": {
    "mean": 1760.0904255319151,
    "std": 2.2737367544323206e-13
  }
}