{
  "language": "denmark",
  "dataset": "eurospeech",
  "num_samples": 100,
  "num_failed": 0,
  "metrics": {
    "mse": {
      "mean": 0.023700652767385234,
      "std": 0.006482059805030335,
      "min": 0.012111655914056578,
      "max": 0.04994050846744265,
      "median": 0.022757257184070206
    },
    "snr_db": {
      "mean": -3.3073552248577465,
      "std": 0.8635154606282737,
      "min": -5.534021574493966,
      "max": -1.772755145765169,
      "median": -3.198646378065506
    },
    "sdr_db": {
      "mean": -3.3485165587083583,
      "std": 0.8757614033863494,
      "min": -5.951139926542874,
      "max": -1.7463340521086905,
      "median": -3.238391326522015
    },
    "pesq": {
      "mean": 1.0723602724075318,
      "std": 0.01944039147355471,
      "min": 1.028112769126892,
      "max": 1.1523411273956299,
      "median": 1.0706839561462402
    },
    "stoi": {
      "mean": 0.5482190500946384,
      "std": 0.04099505732688984,
      "min": 0.26733559882375735,
      "max": 0.639861209283355,
      "median": 0.5509129129561745
    },
    "estoi": {
      "mean": 0.225095213260969,
      "std": 0.035695473504050744,
      "min": 0.07974486835812457,
      "max": 0.2979434938171824,
      "median": 0.22501798396716804
    }
  },
  "tokens_per_second": {
    "mean": 12.529124650005553,
    "std": 0.019711598250642885
  },
  "compression_ratio": {
    "mean": 1277.027727292726,
    "std": 2.0077938590744275
  }
}