{
  "language": "finland",
  "dataset": "eurospeech",
  "num_samples": 100,
  "num_failed": 0,
  "metrics": {
    "mse": {
      "mean": 0.04339042143531937,
      "std": 0.02102503427675651,
      "min": 0.008159020330280832,
      "max": 0.1249816913116779,
      "median": 0.040501250881145694
    },
    "snr_db": {
      "mean": -2.3709904122289203,
      "std": 1.484875172821043,
      "min": -8.153160702989993,
      "max": -0.41401231345751033,
      "median": -2.0603733453837787
    },
    "sdr_db": {
      "mean": -2.45937712724426,
      "std": 1.6896164610193116,
      "min": -9.746308147549705,
      "max": -0.28119186456019973,
      "median": -2.104244617870589
    },
    "pesq": {
      "mean": 1.049732608795166,
      "std": 0.022717256596247685,
      "min": 1.0228304862976074,
      "max": 1.1820026636123657,
      "median": 1.0439817905426025
    },
    "stoi": {
      "mean": 0.5169093086738763,
      "std": 0.12606132334050546,
      "min": 0.0073225965471219985,
      "max": 0.6937266924335151,
      "median": 0.5566347099619136
    },
    "estoi": {
      "mean": 0.22784593359876698,
      "std": 0.07916947591187415,
      "min": -0.016046681078970164,
      "max": 0.4475010580819221,
      "median": 0.23386186447793564
    }
  },
  "tokens_per_second": {
    "mean": 12.525893902683316,
    "std": 0.021194377733401614
  },
  "compression_ratio": {
    "mean": 1277.3576000745925,
    "std": 2.159742170129213
  }
}