{
  "language": "pop",
  "dataset": "gtzan",
  "num_samples": 25,
  "num_failed": 0,
  "metrics": {
    "mse": {
      "mean": 0.05141337994918551,
      "std": 0.015129003666822773,
      "min": 0.023130289160682337,
      "max": 0.08945714399738604,
      "median": 0.05349505602829368
    },
    "snr_db": {
      "mean": -0.9112784976152406,
      "std": 0.5766409526199964,
      "min": -2.3981077390533705,
      "max": -0.17230242809014085,
      "median": -0.7876814244247289
    },
    "sdr_db": {
      "mean": -0.9065146386787987,
      "std": 0.521509452749895,
      "min": -1.989667449389376,
      "max": -0.15923945469533587,
      "median": -0.7386491320727828
    },
    "pesq": {
      "mean": 1.030857090950012,
      "std": 0.007448029769829525,
      "min": 1.0210435390472412,
      "max": 1.0530927181243896,
      "median": 1.0299639701843262
    },
    "stoi": {
      "mean": 0.2274642035071696,
      "std": 0.05211264019728511,
      "min": 0.1086712346648946,
      "max": 0.3309921353260109,
      "median": 0.229816656200781
    },
    "estoi": {
      "mean": 0.11966207423591378,
      "std": 0.0385716145104676,
      "min": 0.033392369911395,
      "max": 0.18733819568446272,
      "median": 0.11823189564124263
    }
  },
  "tokens_per_second": {
    "mean": 12.533257546439629,
    "std": 0.0
  },
  "compression_ratio": {
    "mean": 1759.31914893617,
    "std": 2.2737367544323206e-13
  }
}