{
  "language": "vi_vn",
  "dataset": "fleurs",
  "num_samples": 100,
  "num_failed": 0,
  "metrics": {
    "mse": {
      "mean": 0.026906415029774425,
      "std": 0.012747705188455433,
      "min": 0.007641292614353889,
      "max": 0.06658514219757322,
      "median": 0.025315544491236422
    },
    "snr_db": {
      "mean": -5.266054538190312,
      "std": 2.480628608823397,
      "min": -16.982721431135005,
      "max": -1.192268689209571,
      "median": -4.906575338858026
    },
    "sdr_db": {
      "mean": -6.059334974307875,
      "std": 3.3994103700078395,
      "min": -17.037444588997715,
      "max": -1.204740361912287,
      "median": -5.061202686060508
    },
    "pesq": {
      "mean": 1.0752581429481507,
      "std": 0.028065468020208987,
      "min": 1.0272941589355469,
      "max": 1.171024203300476,
      "median": 1.071884572505951
    },
    "stoi": {
      "mean": 0.5458448915608072,
      "std": 0.09462699122516292,
      "min": 0.3614442459162182,
      "max": 0.7229092789563792,
      "median": 0.5352141036516813
    },
    "estoi": {
      "mean": 0.34275575333877234,
      "std": 0.12012100282277857,
      "min": 0.08936355274448585,
      "max": 0.5769957756244497,
      "median": 0.34157144116946403
    }
  },
  "tokens_per_second": {
    "mean": 12.537628808764348,
    "std": 0.033082866766077974
  },
  "compression_ratio": {
    "mean": 1276.167240175587,
    "std": 3.359930439216878
  }
}