{
  "language": "bn_in",
  "dataset": "fleurs",
  "num_samples": 100,
  "num_failed": 0,
  "metrics": {
    "mse": {
      "mean": 0.03401618616602063,
      "std": 0.013138358691243848,
      "min": 0.0099822190834464,
      "max": 0.0630121943915751,
      "median": 0.031017820891701277
    },
    "snr_db": {
      "mean": -3.6832420863758415,
      "std": 2.096180576612182,
      "min": -15.479122505987053,
      "max": -1.037147074755374,
      "median": -3.191687304801853
    },
    "sdr_db": {
      "mean": -3.6913136916729785,
      "std": 2.09346127401471,
      "min": -15.480271090823168,
      "max": -1.0920080338664833,
      "median": -3.202572803193288
    },
    "pesq": {
      "mean": 1.0526484298706054,
      "std": 0.02475441324519784,
      "min": 1.0190608501434326,
      "max": 1.1282883882522583,
      "median": 1.0462613105773926
    },
    "stoi": {
      "mean": 0.530873228909615,
      "std": 0.1098803490297608,
      "min": 0.2732404923255651,
      "max": 0.7412441117917117,
      "median": 0.559249730362607
    },
    "estoi": {
      "mean": 0.311816039711191,
      "std": 0.11068580893439538,
      "min": 0.12972307549403325,
      "max": 0.4960279942708757,
      "median": 0.3200787121252715
    }
  },
  "tokens_per_second": {
    "mean": 12.531320037988039,
    "std": 0.02598664019801938
  },
  "compression_ratio": {
    "mean": 1276.8063235956115,
    "std": 2.642433047202914
  }
}