{
  "language": "kea_cv",
  "dataset": "fleurs",
  "num_samples": 100,
  "num_failed": 0,
  "metrics": {
    "mse": {
      "mean": 0.034305267020062286,
      "std": 0.012167671816428471,
      "min": 0.013801551643443063,
      "max": 0.0638244684786355,
      "median": 0.0317897393352593
    },
    "snr_db": {
      "mean": -4.455215641567659,
      "std": 2.0597968335804073,
      "min": -11.588452001929523,
      "max": -0.5663225219130292,
      "median": -4.18042990154532
    },
    "sdr_db": {
      "mean": -4.489415649809697,
      "std": 2.045421645215006,
      "min": -11.351975224384029,
      "max": -0.5776831402495449,
      "median": -4.1587452939067
    },
    "pesq": {
      "mean": 1.0606041479110717,
      "std": 0.026546062286637948,
      "min": 1.016591191291809,
      "max": 1.1715853214263916,
      "median": 1.0571820139884949
    },
    "stoi": {
      "mean": 0.5112843710591847,
      "std": 0.0776711461636352,
      "min": 0.23916438132736237,
      "max": 0.6690242119585496,
      "median": 0.5274093960005413
    },
    "estoi": {
      "mean": 0.2816874822758682,
      "std": 0.07268912961080957,
      "min": 0.11647639501022533,
      "max": 0.4539227587651743,
      "median": 0.2909842982845382
    }
  },
  "tokens_per_second": {
    "mean": 12.527689908007336,
    "std": 0.0250078623957398
  },
  "compression_ratio": {
    "mean": 1277.1759031080926,
    "std": 2.546092124336371
  }
}