{
  "language": "hy_am",
  "dataset": "fleurs",
  "num_samples": 100,
  "num_failed": 0,
  "metrics": {
    "mse": {
      "mean": 0.03578684866717646,
      "std": 0.01721006035210448,
      "min": 0.00971405950821717,
      "max": 0.09746704358292868,
      "median": 0.033036638564844206
    },
    "snr_db": {
      "mean": -3.4667095724564296,
      "std": 1.6901786144719164,
      "min": -7.941054667804002,
      "max": -0.5236928095078268,
      "median": -3.2879038074677656
    },
    "sdr_db": {
      "mean": -3.5075739319360224,
      "std": 1.764579176443568,
      "min": -8.703615999556654,
      "max": -0.5094357434749885,
      "median": -3.1209581614712594
    },
    "pesq": {
      "mean": 1.0654390907287599,
      "std": 0.025702600746783842,
      "min": 1.0324532985687256,
      "max": 1.1495068073272705,
      "median": 1.060450553894043
    },
    "stoi": {
      "mean": 0.5227729367483052,
      "std": 0.09378093038561643,
      "min": 0.2556173669708881,
      "max": 0.7400801384983187,
      "median": 0.5293066642756432
    },
    "estoi": {
      "mean": 0.3017140078447104,
      "std": 0.0949059568203012,
      "min": 0.12680173377987008,
      "max": 0.5614623200520521,
      "median": 0.28515956550417887
    }
  },
  "tokens_per_second": {
    "mean": 12.526938851584596,
    "std": 0.02882787895819164
  },
  "compression_ratio": {
    "mean": 1277.2541415726423,
    "std": 2.932222617633732
  }
}