{
  "language": "germany",
  "dataset": "eurospeech",
  "num_samples": 100,
  "num_failed": 0,
  "metrics": {
    "mse": {
      "mean": 0.029334967548299548,
      "std": 0.0074342324530151434,
      "min": 0.01096217091832191,
      "max": 0.046925873926960036,
      "median": 0.0284247995067609
    },
    "snr_db": {
      "mean": -2.2603548605808275,
      "std": 0.9441518171663696,
      "min": -6.024813219059666,
      "max": -0.6415024166943261,
      "median": -2.0665764692235236
    },
    "sdr_db": {
      "mean": -2.276742375166877,
      "std": 0.9572581812667148,
      "min": -5.974731403718712,
      "max": -0.6861534396343679,
      "median": -2.0914981967623083
    },
    "pesq": {
      "mean": 1.0497140312194824,
      "std": 0.021837813865992765,
      "min": 1.0298765897750854,
      "max": 1.165946364402771,
      "median": 1.0446215867996216
    },
    "stoi": {
      "mean": 0.5662887548033125,
      "std": 0.06912004452085994,
      "min": 0.2893755280270446,
      "max": 0.6839461357863285,
      "median": 0.5618961567149607
    },
    "estoi": {
      "mean": 0.30999544677427804,
      "std": 0.09523858663367271,
      "min": 0.08701672149804623,
      "max": 0.4718801586186036,
      "median": 0.28808364909797046
    }
  },
  "tokens_per_second": {
    "mean": 12.530664316995026,
    "std": 0.022980705563346786
  },
  "compression_ratio": {
    "mean": 1276.8719508080162,
    "std": 2.340722219628387
  }
}