{
  "language": "pl_pl",
  "dataset": "fleurs",
  "num_samples": 100,
  "num_failed": 0,
  "metrics": {
    "mse": {
      "mean": 0.029153408638842387,
      "std": 0.00925185045793148,
      "min": 0.008856047979054598,
      "max": 0.05410546778076452,
      "median": 0.028852034386935135
    },
    "snr_db": {
      "mean": -5.879398759685355,
      "std": 3.614835404913504,
      "min": -16.31605785696802,
      "max": -1.2428231084382215,
      "median": -4.47550712878847
    },
    "sdr_db": {
      "mean": -6.364955854847268,
      "std": 4.310929518885575,
      "min": -19.065648084624986,
      "max": -1.2469835706639902,
      "median": -4.519182404994466
    },
    "pesq": {
      "mean": 1.0875977337360383,
      "std": 0.03566690324946482,
      "min": 1.02853524684906,
      "max": 1.2021839618682861,
      "median": 1.0784577131271362
    },
    "stoi": {
      "mean": 0.5486555932542743,
      "std": 0.08723122587848432,
      "min": 0.3155425316574609,
      "max": 0.6966129556546367,
      "median": 0.5650049621802089
    },
    "estoi": {
      "mean": 0.34381352845040875,
      "std": 0.08331642635006599,
      "min": 0.11370836284930948,
      "max": 0.5390862957266027,
      "median": 0.34606536409148386
    }
  },
  "tokens_per_second": {
    "mean": 12.531330889212752,
    "std": 0.027328876221891087
  },
  "compression_ratio": {
    "mean": 1276.8058048415064,
    "std": 2.781745101925855
  }
}