{
  "language": "es_419",
  "dataset": "fleurs",
  "num_samples": 100,
  "metrics": {
    "mse": {
      "mean": 0.05076137309300952,
      "std": 0.0640113901937825,
      "min": 0.004205037057902501,
      "max": 0.21344064423596282,
      "median": 0.02547161630205623
    },
    "snr_db": {
      "mean": -2.494036643104576,
      "std": 1.8647503216747223,
      "min": -7.578354080013934,
      "max": 1.8719976453406697,
      "median": -2.565419240918664
    },
    "sdr_db": {
      "mean": -2.4873066476583774,
      "std": 1.883704062685493,
      "min": -7.600065024604506,
      "max": 1.986300174881072,
      "median": -2.505149332841328
    },
    "pesq": {
      "mean": 1.9563280713558198,
      "std": 0.47715488750495855,
      "min": 1.0275503396987915,
      "max": 3.619318962097168,
      "median": 2.085178017616272
    },
    "stoi": {
      "mean": 0.7405539993037672,
      "std": 0.2667622649881246,
      "min": 0.08773886971308878,
      "max": 0.9153252415653794,
      "median": 0.8657279606615021
    },
    "estoi": {
      "mean": 0.6423060392068188,
      "std": 0.23971977825702454,
      "min": 0.08588912970179416,
      "max": 0.8444218947194344,
      "median": 0.7576861065406711
    }
  },
  "tokens_per_second": {
    "mean": 50.0,
    "std": 2.5618982671915017e-15
  },
  "compression_ratio": {
    "mean": 320.0,
    "std": 0.0
  }
}