{
  "language": "pl_pl",
  "dataset": "fleurs",
  "num_samples": 100,
  "metrics": {
    "mse": {
      "mean": 0.014561281272574278,
      "std": 0.009011049515016911,
      "min": 0.002172398593493899,
      "max": 0.041901246155806815,
      "median": 0.012658536148603237
    },
    "snr_db": {
      "mean": -2.2835781485721927,
      "std": 3.325237828467533,
      "min": -11.95718484898537,
      "max": 2.944277496048021,
      "median": -1.7535725589869018
    },
    "sdr_db": {
      "mean": -2.506190604177282,
      "std": 3.7500709331595363,
      "min": -12.936585371426185,
      "max": 2.9586646841146758,
      "median": -1.7994527865963597
    },
    "pesq": {
      "mean": 1.7023293781280517,
      "std": 0.35377088688365543,
      "min": 1.0579267740249634,
      "max": 2.409163236618042,
      "median": 1.7446888089179993
    },
    "stoi": {
      "mean": 0.7493407957463495,
      "std": 0.09389204617259783,
      "min": 0.5515258718252883,
      "max": 0.8987630091922114,
      "median": 0.7698374768123372
    },
    "estoi": {
      "mean": 0.6098839594154355,
      "std": 0.11816639320858077,
      "min": 0.3708915503350599,
      "max": 0.8093008818510692,
      "median": 0.6158177641213424
    }
  },
  "tokens_per_second": {
    "mean": 50.0,
    "std": 2.461392238570962e-15
  },
  "compression_ratio": {
    "mean": 320.0,
    "std": 0.0
  }
}