{
  "language": "ru_ru",
  "dataset": "fleurs",
  "num_samples": 100,
  "metrics": {
    "mse": {
      "mean": 0.022724380203823204,
      "std": 0.020196992160755246,
      "min": 0.003997546229234901,
      "max": 0.11190255802343713,
      "median": 0.015406193603859107
    },
    "snr_db": {
      "mean": -1.197677150459826,
      "std": 2.883918908236854,
      "min": -12.042009566300447,
      "max": 3.9340707376943858,
      "median": -1.0819607569975984
    },
    "sdr_db": {
      "mean": -1.476055733339659,
      "std": 3.618687382392038,
      "min": -17.003590899374206,
      "max": 3.9703973109823836,
      "median": -1.0229144522874658
    },
    "pesq": {
      "mean": 1.8262848103046416,
      "std": 0.3648227667994419,
      "min": 1.0426602363586426,
      "max": 2.548261880874634,
      "median": 1.9016987085342407
    },
    "stoi": {
      "mean": 0.8033786396808366,
      "std": 0.08026248824628232,
      "min": 0.47107349757360467,
      "max": 0.8989768855400226,
      "median": 0.8210995846996061
    },
    "estoi": {
      "mean": 0.6592186240531412,
      "std": 0.10622781002131794,
      "min": 0.28692521706965535,
      "max": 0.8413288089440067,
      "median": 0.6665520781168894
    }
  },
  "tokens_per_second": {
    "mean": 50.0,
    "std": 2.658607475875344e-15
  },
  "compression_ratio": {
    "mean": 320.0,
    "std": 0.0
  }
}