{
  "language": "te_in",
  "dataset": "fleurs",
  "num_samples": 100,
  "metrics": {
    "mse": {
      "mean": 0.033296157843866324,
      "std": 0.018630559115840217,
      "min": 0.005295033371370572,
      "max": 0.10326667771273385,
      "median": 0.029313207760772467
    },
    "snr_db": {
      "mean": -2.040023800933053,
      "std": 2.0781622664758044,
      "min": -7.684402329381372,
      "max": 2.6104368814572836,
      "median": -2.209099906425293
    },
    "sdr_db": {
      "mean": -1.979688893489467,
      "std": 2.108539591709011,
      "min": -7.631028306267999,
      "max": 2.7313628954721985,
      "median": -2.1252724735415587
    },
    "pesq": {
      "mean": 1.7284273755550386,
      "std": 0.3239161767412123,
      "min": 1.0928070545196533,
      "max": 2.629922389984131,
      "median": 1.6910136342048645
    },
    "stoi": {
      "mean": 0.7217268536051502,
      "std": 0.11556132223844968,
      "min": 0.25938636070689647,
      "max": 0.8898673120749856,
      "median": 0.7501682387519972
    },
    "estoi": {
      "mean": 0.5933525090689801,
      "std": 0.12916146872948495,
      "min": 0.1950308964130799,
      "max": 0.8125534735105048,
      "median": 0.607896230064888
    }
  },
  "tokens_per_second": {
    "mean": 50.0,
    "std": 2.7519201823675253e-15
  },
  "compression_ratio": {
    "mean": 320.0,
    "std": 0.0
  }
}