{
  "language": "sweden",
  "num_samples": 100,
  "metrics": {
    "mse": {
      "mean": 0.019462363347358416,
      "std": 0.010232151423631212,
      "min": 0.0056125597375831756,
      "max": 0.05286560671476315,
      "median": 0.01647806611979427
    },
    "snr_db": {
      "mean": -1.7861191907337426,
      "std": 1.7412736257215995,
      "min": -6.629630228319828,
      "max": 1.5590947750408208,
      "median": -1.7932670312752643
    },
    "sdr_db": {
      "mean": -1.75801334480834,
      "std": 1.7848601786128102,
      "min": -6.4856847606147285,
      "max": 1.7323376789335239,
      "median": -1.737720316199421
    },
    "pesq": {
      "mean": 2.041479467153549,
      "std": 0.1586530823911593,
      "min": 1.6070510149002075,
      "max": 2.3766839504241943,
      "median": 2.035802483558655
    },
    "stoi": {
      "mean": 0.8647378391496271,
      "std": 0.022502071710300244,
      "min": 0.7733842299322519,
      "max": 0.9002872547455767,
      "median": 0.8716607926316552
    },
    "estoi": {
      "mean": 0.7410807833840711,
      "std": 0.04537581685806635,
      "min": 0.5852098837577177,
      "max": 0.8225350980752184,
      "median": 0.7484416314602582
    }
  },
  "tokens_per_second": {
    "mean": 49.96906324066909,
    "std": 0.01948606347099498
  },
  "compression_ratio": {
    "mean": 320.1981665345529,
    "std": 0.12486419139029131
  }
}