{
  "language": "he_il",
  "dataset": "fleurs",
  "num_samples": 100,
  "metrics": {
    "mse": {
      "mean": 0.024817277849219003,
      "std": 0.016837849028903788,
      "min": 0.0020094585523981498,
      "max": 0.08076492774840621,
      "median": 0.02023995667596168
    },
    "snr_db": {
      "mean": -1.3934614854101595,
      "std": 2.3363836473740047,
      "min": -9.106838303870115,
      "max": 2.8559331836445905,
      "median": -0.7999945027963856
    },
    "sdr_db": {
      "mean": -1.437901676359902,
      "std": 2.4152829192855534,
      "min": -9.293380041743797,
      "max": 2.8845510521680864,
      "median": -0.7799147575571794
    },
    "pesq": {
      "mean": 1.7522947919368743,
      "std": 0.3269917158988691,
      "min": 1.0224920511245728,
      "max": 2.478534698486328,
      "median": 1.708251178264618
    },
    "stoi": {
      "mean": 0.761631359868639,
      "std": 0.08323912946415825,
      "min": 0.5905691817904475,
      "max": 0.9151417986819728,
      "median": 0.7533865048047528
    },
    "estoi": {
      "mean": 0.5979202044384089,
      "std": 0.10717124684845974,
      "min": 0.39529550090728094,
      "max": 0.7927016745260486,
      "median": 0.5900469439640794
    }
  },
  "tokens_per_second": {
    "mean": 50.0,
    "std": 2.461392238570962e-15
  },
  "compression_ratio": {
    "mean": 320.0,
    "std": 0.0
  }
}