{
  "language": "pop",
  "dataset": "gtzan",
  "num_samples": 25,
  "num_failed": 0,
  "metrics": {
    "mse": {
      "mean": 0.05437150583314941,
      "std": 0.015098538269891567,
      "min": 0.026108818402835115,
      "max": 0.09745319619217484,
      "median": 0.05382581167166943
    },
    "snr_db": {
      "mean": -1.1913316982829343,
      "std": 0.7392249993377622,
      "min": -3.520171671095242,
      "max": -0.2929161626431458,
      "median": -1.2216542343305437
    },
    "sdr_db": {
      "mean": -1.2146669393834195,
      "std": 0.7582313811424922,
      "min": -3.6123673275569415,
      "max": -0.2904479871358356,
      "median": -1.2335899930031866
    },
    "pesq": {
      "mean": 1.10650794506073,
      "std": 0.04350239041736541,
      "min": 1.0433260202407837,
      "max": 1.2654774188995361,
      "median": 1.1042850017547607
    },
    "stoi": {
      "mean": 0.4999751195135522,
      "std": 0.07038448372748395,
      "min": 0.36008405385886266,
      "max": 0.6085941031355939,
      "median": 0.5061599877529455
    },
    "estoi": {
      "mean": 0.33550608975390583,
      "std": 0.041614552450375215,
      "min": 0.27361346821079185,
      "max": 0.44386259866564604,
      "median": 0.33709262316528465
    }
  },
  "tokens_per_second": {
    "mean": 49.99969765866873,
    "std": 0.0
  },
  "compression_ratio": {
    "mean": 441.00266666666664,
    "std": 0.0
  }
}