{
  "language": "malta",
  "dataset": "eurospeech",
  "num_samples": 100,
  "num_failed": 0,
  "metrics": {
    "mse": {
      "mean": 0.015760245177242043,
      "std": 0.0055852177379850905,
      "min": 0.005196722384865127,
      "max": 0.03346777037381887,
      "median": 0.016152938574865335
    },
    "snr_db": {
      "mean": -1.4476041214609838,
      "std": 0.8559429825013327,
      "min": -4.236816435452441,
      "max": 0.2784793074447144,
      "median": -1.462390415729577
    },
    "sdr_db": {
      "mean": -1.5432073435904368,
      "std": 0.9478572001972164,
      "min": -5.106454827561118,
      "max": -0.01598972273414523,
      "median": -1.5229215133713772
    },
    "pesq": {
      "mean": 1.6087435293197632,
      "std": 0.07972705816686874,
      "min": 1.3855626583099365,
      "max": 1.813696026802063,
      "median": 1.6188440322875977
    },
    "stoi": {
      "mean": 0.702936112703135,
      "std": 0.08219412678490937,
      "min": 0.5064540903204108,
      "max": 0.8088827633185708,
      "median": 0.7360323133783033
    },
    "estoi": {
      "mean": 0.4991000884451806,
      "std": 0.08896721863728592,
      "min": 0.3312838417014837,
      "max": 0.6374323191109194,
      "median": 0.5208383552420691
    }
  },
  "tokens_per_second": {
    "mean": 49.9688423546291,
    "std": 0.019224937876793368
  },
  "compression_ratio": {
    "mean": 320.19958066822306,
    "std": 0.12319566435588267
  }
}