{
  "language": "metal",
  "dataset": "gtzan",
  "num_samples": 25,
  "num_failed": 0,
  "metrics": {
    "mse": {
      "mean": 0.047452044506734466,
      "std": 0.02137943487650358,
      "min": 0.02110179883439945,
      "max": 0.11792078210806813,
      "median": 0.04320284747596363
    },
    "snr_db": {
      "mean": -1.7756257941650244,
      "std": 0.7269000084621612,
      "min": -3.031190798396927,
      "max": -0.48970448111893117,
      "median": -1.5902209426197647
    },
    "sdr_db": {
      "mean": -1.777213707899544,
      "std": 0.7264084184119978,
      "min": -3.0203097987125576,
      "max": -0.4927717733808061,
      "median": -1.5858721587639573
    },
    "pesq": {
      "mean": 1.1935071277618408,
      "std": 0.0629115600697789,
      "min": 1.0888742208480835,
      "max": 1.3867617845535278,
      "median": 1.1771537065505981
    },
    "stoi": {
      "mean": 0.4205297533075405,
      "std": 0.06236931070102351,
      "min": 0.2804396585349538,
      "max": 0.5226465654594593,
      "median": 0.4185362818561701
    },
    "estoi": {
      "mean": 0.29782406936780165,
      "std": 0.03024444635546029,
      "min": 0.23516961033388206,
      "max": 0.3526734985154927,
      "median": 0.30149162628359966
    }
  },
  "tokens_per_second": {
    "mean": 49.99969765866873,
    "std": 0.0
  },
  "compression_ratio": {
    "mean": 441.00266666666664,
    "std": 0.0
  }
}