{
  "language": "nl_nl",
  "dataset": "fleurs",
  "num_samples": 100,
  "metrics": {
    "mse": {
      "mean": 0.0173236534686033,
      "std": 0.011992954670808744,
      "min": 0.004727650141332426,
      "max": 0.054603228896377955,
      "median": 0.011937637865439775
    },
    "snr_db": {
      "mean": -0.7121768295323128,
      "std": 2.261845874471533,
      "min": -6.297648197414496,
      "max": 3.2453463900447366,
      "median": -0.2160685051888963
    },
    "sdr_db": {
      "mean": -0.6348651745611777,
      "std": 2.2972661649746797,
      "min": -6.124716452935621,
      "max": 3.1024133914805745,
      "median": -0.11228861196071216
    },
    "pesq": {
      "mean": 1.7877420783042908,
      "std": 0.24316402668768927,
      "min": 1.0901168584823608,
      "max": 2.210444927215576,
      "median": 1.8243545293807983
    },
    "stoi": {
      "mean": 0.798957373793974,
      "std": 0.07873453564817366,
      "min": 0.5325741160267291,
      "max": 0.8982069483723277,
      "median": 0.8325410632305308
    },
    "estoi": {
      "mean": 0.6572511071453139,
      "std": 0.10613657470635608,
      "min": 0.33270602803605315,
      "max": 0.7982681942385739,
      "median": 0.6876793920963236
    }
  },
  "tokens_per_second": {
    "mean": 50.0,
    "std": 2.3566036520288944e-15
  },
  "compression_ratio": {
    "mean": 320.0,
    "std": 0.0
  }
}