{
  "language": "ukraine",
  "num_samples": 100,
  "metrics": {
    "mse": {
      "mean": 0.0370751542478427,
      "std": 0.018922411480163395,
      "min": 0.00337356296577947,
      "max": 0.11348785457150379,
      "median": 0.032766277135037894
    },
    "snr_db": {
      "mean": -1.963554261769539,
      "std": 1.7297581154750516,
      "min": -5.575525960008006,
      "max": 1.7422685248984169,
      "median": -2.41856400131838
    },
    "sdr_db": {
      "mean": -1.9318273786091382,
      "std": 1.6571285643337164,
      "min": -5.3667885071662775,
      "max": 1.2289520020897264,
      "median": -2.4205056366930764
    },
    "pesq": {
      "mean": 1.7032306706905365,
      "std": 0.18818278182576587,
      "min": 1.3057143688201904,
      "max": 2.1866509914398193,
      "median": 1.6452277898788452
    },
    "stoi": {
      "mean": 0.7598963541361505,
      "std": 0.0787104560707313,
      "min": 0.38043767975842346,
      "max": 0.854969912008686,
      "median": 0.7568483537158345
    },
    "estoi": {
      "mean": 0.6283618567504434,
      "std": 0.0836110245531776,
      "min": 0.289479389946701,
      "max": 0.7708072858351468,
      "median": 0.6278080071086012
    }
  },
  "tokens_per_second": {
    "mean": 49.974550037723354,
    "std": 0.019263608342475386
  },
  "compression_ratio": {
    "mean": 320.1630102859634,
    "std": 0.12343296111165554
  }
}