{
  "language": "pop",
  "dataset": "gtzan",
  "num_samples": 25,
  "metrics": {
    "mse": {
      "mean": 0.054399411570921964,
      "std": 0.015026119102050772,
      "min": 0.02614640387274109,
      "max": 0.09722531860493644,
      "median": 0.05388451965207316
    },
    "snr_db": {
      "mean": -1.1950088369125549,
      "std": 0.7437460114630685,
      "min": -3.521618558639391,
      "max": -0.2871002321775296,
      "median": -1.237400835623899
    },
    "sdr_db": {
      "mean": -1.2177521144949346,
      "std": 0.7617865539125198,
      "min": -3.6128006788266003,
      "max": -0.2849538379512862,
      "median": -1.2490768081901926
    },
    "pesq": null,
    "stoi": null,
    "estoi": null
  },
  "tokens_per_second": {
    "mean": 49.99969765866873,
    "std": 0.0
  },
  "compression_ratio": {
    "mean": 441.00266666666664,
    "std": 0.0
  }
}