{
  "language": "slovakia",
  "dataset": "eurospeech",
  "num_samples": 100,
  "num_failed": 0,
  "metrics": {
    "mse": {
      "mean": 0.04433698735419592,
      "std": 0.012473814788738073,
      "min": 0.01139630196107094,
      "max": 0.08456318438772177,
      "median": 0.044044974235232216
    },
    "snr_db": {
      "mean": -0.05526524789471291,
      "std": 0.7992692582260135,
      "min": -2.855750537918982,
      "max": 1.4949272101543511,
      "median": 0.10805882227396593
    },
    "sdr_db": {
      "mean": -0.042002503092358034,
      "std": 0.7875784414368974,
      "min": -2.8791093635147584,
      "max": 1.5613568484266631,
      "median": 0.11488368666309182
    },
    "pesq": {
      "mean": 1.8137157845497132,
      "std": 0.10195191613599842,
      "min": 1.540837049484253,
      "max": 2.0775091648101807,
      "median": 1.81587815284729
    },
    "stoi": {
      "mean": 0.8300638132601282,
      "std": 0.05025703301331809,
      "min": 0.5413046169349844,
      "max": 0.8855424234311354,
      "median": 0.8419275841945366
    },
    "estoi": {
      "mean": 0.6868825327309139,
      "std": 0.05979999231813641,
      "min": 0.40273853833185247,
      "max": 0.764668242227027,
      "median": 0.6971378075922823
    }
  },
  "tokens_per_second": {
    "mean": 49.96529367223483,
    "std": 0.021406341034021507
  },
  "compression_ratio": {
    "mean": 320.22233356642187,
    "std": 0.13720490106328698
  }
}