{
  "language": "af_za",
  "dataset": "fleurs",
  "num_samples": 100,
  "metrics": {
    "mse": {
      "mean": 0.024774894922377007,
      "std": 0.01236893115290842,
      "min": 0.002091908787969623,
      "max": 0.06611656379037718,
      "median": 0.02274967013661764
    },
    "snr_db": {
      "mean": -1.9425556521791676,
      "std": 2.1153961827393597,
      "min": -9.954253309638212,
      "max": 1.9452165955110454,
      "median": -1.6715303922442841
    },
    "sdr_db": {
      "mean": -1.9273657712598422,
      "std": 2.223386699177579,
      "min": -10.016858637445182,
      "max": 1.9564975461742014,
      "median": -1.4513771544211802
    },
    "pesq": {
      "mean": 1.821221148967743,
      "std": 0.42501225460129277,
      "min": 1.0887913703918457,
      "max": 2.699197292327881,
      "median": 1.6931350827217102
    },
    "stoi": {
      "mean": 0.7452057729032642,
      "std": 0.1016465552351571,
      "min": 0.5285171686960982,
      "max": 0.8903348081917647,
      "median": 0.7291678563075472
    },
    "estoi": {
      "mean": 0.6109464167137626,
      "std": 0.13828213979976406,
      "min": 0.3232484569555853,
      "max": 0.8155815863601548,
      "median": 0.5617002592608715
    }
  },
  "tokens_per_second": {
    "mean": 49.999401293206674,
    "std": 0.005957057378701561
  },
  "compression_ratio": {
    "mean": 320.00383631713555,
    "std": 0.038170873546287266
  }
}