{
  "language": "th_th",
  "dataset": "fleurs",
  "num_samples": 100,
  "metrics": {
    "mse": {
      "mean": 0.030208912122428367,
      "std": 0.017766605081055636,
      "min": 0.0034257098177321306,
      "max": 0.07569275411515343,
      "median": 0.029762648157455426
    },
    "snr_db": {
      "mean": -4.16136095234952,
      "std": 5.82046286639875,
      "min": -22.96520195581389,
      "max": 1.5845795524085098,
      "median": -1.7371218687146344
    },
    "sdr_db": {
      "mean": -4.22451715781256,
      "std": 6.023482968627876,
      "min": -24.432202037716554,
      "max": 2.0908809764655403,
      "median": -1.8985126824211025
    },
    "pesq": {
      "mean": 1.6686458480358124,
      "std": 0.3831755110240902,
      "min": 1.0301454067230225,
      "max": 2.5672695636749268,
      "median": 1.6714696884155273
    },
    "stoi": {
      "mean": 0.770866699673399,
      "std": 0.09570754236275507,
      "min": 0.47900035811080804,
      "max": 0.8841320963697507,
      "median": 0.805849031067044
    },
    "estoi": {
      "mean": 0.6509407782534753,
      "std": 0.12424128345577488,
      "min": 0.37128943026796984,
      "max": 0.8350100090998233,
      "median": 0.7037268313461584
    }
  },
  "tokens_per_second": {
    "mean": 50.0,
    "std": 2.2469334198890887e-15
  },
  "compression_ratio": {
    "mean": 320.0,
    "std": 0.0
  }
}