{
  "language": "bn_in",
  "dataset": "fleurs",
  "num_samples": 100,
  "metrics": {
    "mse": {
      "mean": 0.020356605113098718,
      "std": 0.011938765059851048,
      "min": 0.0015018785138563287,
      "max": 0.05956764266837464,
      "median": 0.018370801022475118
    },
    "snr_db": {
      "mean": -1.0194426274821482,
      "std": 2.1874526127858074,
      "min": -7.130568572624845,
      "max": 2.8461460581197477,
      "median": -0.7431985240074611
    },
    "sdr_db": {
      "mean": -0.9530152363071059,
      "std": 2.2408871338063165,
      "min": -7.192579632664984,
      "max": 2.850789940083954,
      "median": -0.6820488581206485
    },
    "pesq": {
      "mean": 1.6725808596611023,
      "std": 0.31606715549574177,
      "min": 1.1275891065597534,
      "max": 2.3442001342773438,
      "median": 1.6622473001480103
    },
    "stoi": {
      "mean": 0.7475252712894519,
      "std": 0.07836292779965796,
      "min": 0.6129038351183839,
      "max": 0.90469977465273,
      "median": 0.7510370132638724
    },
    "estoi": {
      "mean": 0.5862099540554098,
      "std": 0.10040788764887451,
      "min": 0.3823268880170653,
      "max": 0.8047330690402993,
      "median": 0.5969342429513057
    }
  },
  "tokens_per_second": {
    "mean": 50.0,
    "std": 2.2469334198890887e-15
  },
  "compression_ratio": {
    "mean": 320.0,
    "std": 0.0
  }
}