{
  "language": "cy_gb",
  "dataset": "fleurs",
  "num_samples": 100,
  "metrics": {
    "mse": {
      "mean": 0.01700416008671876,
      "std": 0.011715126543116527,
      "min": 0.0013389214587179114,
      "max": 0.06834494212143223,
      "median": 0.014514882410275789
    },
    "snr_db": {
      "mean": -1.7883444222251952,
      "std": 1.5905652967077015,
      "min": -7.656427517127657,
      "max": 1.8206757631440496,
      "median": -1.5370978099252235
    },
    "sdr_db": {
      "mean": -1.7503726283089105,
      "std": 1.577824677551075,
      "min": -7.686369933447972,
      "max": 1.8277304626800084,
      "median": -1.4233990738255213
    },
    "pesq": {
      "mean": 1.5816570203355018,
      "std": 0.4165156422535459,
      "min": 1.0452553033828735,
      "max": 2.387913227081299,
      "median": 1.6707638502120972
    },
    "stoi": {
      "mean": 0.7365439692500948,
      "std": 0.14774278279332023,
      "min": 0.3549212690177499,
      "max": 0.900596613815391,
      "median": 0.8056570015396378
    },
    "estoi": {
      "mean": 0.5714204277509612,
      "std": 0.21731632134796292,
      "min": 0.03961504094186553,
      "max": 0.8143382424527831,
      "median": 0.6580634025133312
    }
  },
  "tokens_per_second": {
    "mean": 50.0,
    "std": 2.461392238570962e-15
  },
  "compression_ratio": {
    "mean": 320.0,
    "std": 0.0
  }
}