{
  "language": "yo_ng",
  "dataset": "fleurs",
  "num_samples": 100,
  "metrics": {
    "mse": {
      "mean": 0.011886452765997552,
      "std": 0.008070577702314704,
      "min": 0.001647767603614419,
      "max": 0.040328346306826975,
      "median": 0.010215717044609413
    },
    "snr_db": {
      "mean": -1.210340034162377,
      "std": 2.2827029406509802,
      "min": -7.630170656185377,
      "max": 3.5522698831997763,
      "median": -0.5125100866644678
    },
    "sdr_db": {
      "mean": -1.193057878852968,
      "std": 2.3161079993979574,
      "min": -7.58883037542099,
      "max": 2.8740319158878997,
      "median": -0.6198480661354366
    },
    "pesq": {
      "mean": 1.8934431612491607,
      "std": 0.2741354122458116,
      "min": 1.3808197975158691,
      "max": 2.507668972015381,
      "median": 1.8955859541893005
    },
    "stoi": {
      "mean": 0.8093498946421562,
      "std": 0.05981710663457827,
      "min": 0.5712592504335329,
      "max": 0.8956408578265223,
      "median": 0.8228143908073242
    },
    "estoi": {
      "mean": 0.6655821099091531,
      "std": 0.0900733978487536,
      "min": 0.43441276797141726,
      "max": 0.8559954836725309,
      "median": 0.6601496902791533
    }
  },
  "tokens_per_second": {
    "mean": 50.0,
    "std": 2.3566036520288944e-15
  },
  "compression_ratio": {
    "mean": 320.0,
    "std": 0.0
  }
}