{
  "language": "greece",
  "num_samples": 100,
  "metrics": {
    "mse": {
      "mean": 0.061726164483936204,
      "std": 0.010561537866721697,
      "min": 0.02968992330259601,
      "max": 0.09258488893929266,
      "median": 0.062298749172710347
    },
    "snr_db": {
      "mean": -2.0604221864303733,
      "std": 0.4479107104931103,
      "min": -3.331404232555376,
      "max": -0.6364725158172715,
      "median": -2.0758120899810866
    },
    "sdr_db": {
      "mean": -2.049706384975148,
      "std": 0.4497045434062262,
      "min": -3.3522997809058204,
      "max": -0.6926232415050801,
      "median": -2.0677574837869077
    },
    "pesq": {
      "mean": 1.5307917165756226,
      "std": 0.06264277179057397,
      "min": 1.269338607788086,
      "max": 1.7073919773101807,
      "median": 1.5231112241744995
    },
    "stoi": {
      "mean": 0.695756566015128,
      "std": 0.03936897178057168,
      "min": 0.5472655719878204,
      "max": 0.7646445410059021,
      "median": 0.6927578134863551
    },
    "estoi": {
      "mean": 0.5040608652048565,
      "std": 0.03338982814139776,
      "min": 0.3921426129190377,
      "max": 0.5845781050999066,
      "median": 0.5074267106022058
    }
  },
  "tokens_per_second": {
    "mean": 49.970999800915095,
    "std": 0.022235346188678815
  },
  "compression_ratio": {
    "mean": 320.1857723874432,
    "std": 0.14248615840010148
  }
}