{
  "language": "jazz",
  "dataset": "gtzan",
  "num_samples": 25,
  "metrics": {
    "mse": {
      "mean": 0.030467751025062845,
      "std": 0.016152190838642794,
      "min": 0.012483616983993648,
      "max": 0.0834631547141586,
      "median": 0.024242693752178055
    },
    "snr_db": {
      "mean": -2.8694503016805193,
      "std": 0.6412205179544461,
      "min": -4.134555693315013,
      "max": -1.7709627974902795,
      "median": -2.93567598993831
    },
    "sdr_db": {
      "mean": -2.8595903484569787,
      "std": 0.6781344698495224,
      "min": -4.199703079161165,
      "max": -1.5752348829263787,
      "median": -2.766920210322044
    },
    "pesq": null,
    "stoi": null,
    "estoi": null
  },
  "tokens_per_second": {
    "mean": 49.97778764993337,
    "std": 0.0
  },
  "compression_ratio": {
    "mean": 441.1960000000001,
    "std": 5.684341886080802e-14
  }
}