{
  "language": "ko_kr",
  "dataset": "fleurs",
  "num_samples": 100,
  "metrics": {
    "mse": {
      "mean": 0.025203364533754963,
      "std": 0.01647927753434686,
      "min": 0.004141320296193076,
      "max": 0.08554630463556652,
      "median": 0.020768207782699534
    },
    "snr_db": {
      "mean": -2.3437541722415314,
      "std": 3.2352933164642192,
      "min": -12.515553048423273,
      "max": 3.262328220875516,
      "median": -1.9910855284076843
    },
    "sdr_db": {
      "mean": -2.800267436659133,
      "std": 4.0462985726638525,
      "min": -17.959374175600995,
      "max": 2.9132340667739194,
      "median": -1.8903564514819688
    },
    "pesq": {
      "mean": 1.7990501511096955,
      "std": 0.38710142264741804,
      "min": 1.0676194429397583,
      "max": 2.6142072677612305,
      "median": 1.7539632320404053
    },
    "stoi": {
      "mean": 0.748873752512411,
      "std": 0.1194833774333511,
      "min": 0.4358778976974563,
      "max": 0.9095922579347435,
      "median": 0.7696691213648597
    },
    "estoi": {
      "mean": 0.6272674678382198,
      "std": 0.1465654827110857,
      "min": 0.3264479818023916,
      "max": 0.8348565803126203,
      "median": 0.6155840669959374
    }
  },
  "tokens_per_second": {
    "mean": 50.0,
    "std": 2.929642751054232e-15
  },
  "compression_ratio": {
    "mean": 320.0,
    "std": 0.0
  }
}