{
  "language": "disco",
  "dataset": "gtzan",
  "num_samples": 25,
  "num_failed": 0,
  "metrics": {
    "mse": {
      "mean": 0.053968050387753055,
      "std": 0.021559326034680193,
      "min": 0.0252609703293899,
      "max": 0.0948494285162882,
      "median": 0.0540778290485547
    },
    "snr_db": {
      "mean": -1.324889218869826,
      "std": 0.7384780495369089,
      "min": -2.7463656501656857,
      "max": -0.30282795735368523,
      "median": -1.497869761786743
    },
    "sdr_db": {
      "mean": -1.325818988988912,
      "std": 0.7380241440716909,
      "min": -2.739187489421094,
      "max": -0.3072111547192608,
      "median": -1.4875841646686603
    },
    "pesq": {
      "mean": 1.1103251695632934,
      "std": 0.028900836680493185,
      "min": 1.0717614889144897,
      "max": 1.1913436651229858,
      "median": 1.1061315536499023
    },
    "stoi": {
      "mean": 0.5360041707374328,
      "std": 0.06477068111009605,
      "min": 0.4106555309732106,
      "max": 0.7000776986631138,
      "median": 0.5278214618081364
    },
    "estoi": {
      "mean": 0.36985903162649514,
      "std": 0.0438494803840509,
      "min": 0.3034013509697262,
      "max": 0.4994368879082945,
      "median": 0.3557781659854312
    }
  },
  "tokens_per_second": {
    "mean": 49.98028606062634,
    "std": 0.005554595478791819
  },
  "compression_ratio": {
    "mean": 441.17395097577867,
    "std": 0.04901637896446259
  }
}