{
  "language": "estonia",
  "num_samples": 100,
  "metrics": {
    "mse": {
      "mean": 0.0162610891421185,
      "std": 0.01032463716499128,
      "min": 0.004497817723323395,
      "max": 0.05307664228556636,
      "median": 0.012475358300869899
    },
    "snr_db": {
      "mean": -1.6121488613408743,
      "std": 1.8964228422401646,
      "min": -6.015777532527795,
      "max": 2.044163849082817,
      "median": -1.8840373496188354
    },
    "sdr_db": {
      "mean": -1.5112851421331077,
      "std": 1.9693997051997727,
      "min": -6.056030078517708,
      "max": 2.128385465106564,
      "median": -1.863385713538702
    },
    "pesq": {
      "mean": 1.923666467666626,
      "std": 0.22353802157859198,
      "min": 1.4694037437438965,
      "max": 2.54425048828125,
      "median": 1.968206524848938
    },
    "stoi": {
      "mean": 0.8370342721220884,
      "std": 0.05061464418280541,
      "min": 0.4178347666816037,
      "max": 0.8818356522095664,
      "median": 0.8512182606463827
    },
    "estoi": {
      "mean": 0.6891063249229474,
      "std": 0.05789651662448811,
      "min": 0.278263550075019,
      "max": 0.7744813706263112,
      "median": 0.6975703467272114
    }
  },
  "tokens_per_second": {
    "mean": 49.96913879808037,
    "std": 0.020740529330048545
  },
  "compression_ratio": {
    "mean": 320.1976888510111,
    "std": 0.13292915780945935
  }
}