{
  "language": "ro_ro",
  "dataset": "fleurs",
  "num_samples": 100,
  "metrics": {
    "mse": {
      "mean": 0.020902823802211944,
      "std": 0.01893555144001729,
      "min": 0.0006641809144817025,
      "max": 0.08753090798421623,
      "median": 0.014398790719309244
    },
    "snr_db": {
      "mean": -1.1036259576134306,
      "std": 3.5723478939286673,
      "min": -16.142092193593598,
      "max": 3.463841084818129,
      "median": 0.04998661166610391
    },
    "sdr_db": {
      "mean": -1.0102178785875955,
      "std": 3.551978019613021,
      "min": -15.650198359195885,
      "max": 3.772247233375851,
      "median": 0.14731583047576943
    },
    "pesq": {
      "mean": 1.8065993726253509,
      "std": 0.31731246947903663,
      "min": 1.1869670152664185,
      "max": 2.4246020317077637,
      "median": 1.7931637167930603
    },
    "stoi": {
      "mean": 0.7728345155659126,
      "std": 0.09501847135359597,
      "min": 0.5416063392406127,
      "max": 0.9074037608868968,
      "median": 0.7883131261234793
    },
    "estoi": {
      "mean": 0.6418335052294101,
      "std": 0.104975419120457,
      "min": 0.43548766594331384,
      "max": 0.8134561777401558,
      "median": 0.6427130991146144
    }
  },
  "tokens_per_second": {
    "mean": 50.0,
    "std": 1.879919374704706e-15
  },
  "compression_ratio": {
    "mean": 320.0,
    "std": 0.0
  }
}