{
  "language": "blues",
  "dataset": "gtzan",
  "num_samples": 25,
  "metrics": {
    "mse": {
      "mean": 0.03613866082069899,
      "std": 0.014183752022785925,
      "min": 0.016192962441246482,
      "max": 0.07404062705568147,
      "median": 0.03305353202081891
    },
    "snr_db": {
      "mean": -2.0207341335885927,
      "std": 0.8225377233095067,
      "min": -3.428322857613159,
      "max": -0.49019674154592685,
      "median": -1.8409281484536693
    },
    "sdr_db": {
      "mean": -2.08312755062436,
      "std": 0.8210982044165904,
      "min": -3.497181969582954,
      "max": -0.5201234689717195,
      "median": -1.8373576492465835
    },
    "pesq": null,
    "stoi": null,
    "estoi": null
  },
  "tokens_per_second": {
    "mean": 49.97778764993337,
    "std": 0.0
  },
  "compression_ratio": {
    "mean": 441.1960000000001,
    "std": 5.684341886080802e-14
  }
}