{
  "language": "bulgaria",
  "num_samples": 100,
  "metrics": {
    "mse": {
      "mean": 0.028688992645090717,
      "std": 0.01405357441081328,
      "min": 0.005120338820498881,
      "max": 0.08023999515236829,
      "median": 0.024828367713469864
    },
    "snr_db": {
      "mean": -2.201892713607389,
      "std": 1.2526323203118197,
      "min": -4.286564833020698,
      "max": 1.5487425000465385,
      "median": -2.403796833946627
    },
    "sdr_db": {
      "mean": -2.149332633747288,
      "std": 1.2450048967954646,
      "min": -4.194339845857206,
      "max": 1.6823108387912447,
      "median": -2.3199451743359347
    },
    "pesq": {
      "mean": 1.9704700076580048,
      "std": 0.10151973885060088,
      "min": 1.625826358795166,
      "max": 2.2502920627593994,
      "median": 1.9724453687667847
    },
    "stoi": {
      "mean": 0.775335811220761,
      "std": 0.05838080294444101,
      "min": 0.44660474201770756,
      "max": 0.8378066311586767,
      "median": 0.7921412839049513
    },
    "estoi": {
      "mean": 0.5855369617658931,
      "std": 0.055065983459878357,
      "min": 0.3235055333613633,
      "max": 0.6721078326970256,
      "median": 0.6016293041381384
    }
  },
  "tokens_per_second": {
    "mean": 49.97160209892131,
    "std": 0.020614178532766383
  },
  "compression_ratio": {
    "mean": 320.1819043445442,
    "std": 0.13210231540233838
  }
}