{
  "language": "ast_es",
  "dataset": "fleurs",
  "num_samples": 100,
  "metrics": {
    "mse": {
      "mean": 0.020795217783307042,
      "std": 0.01720987996817292,
      "min": 0.0034752765399613844,
      "max": 0.14230772882805576,
      "median": 0.016415365201954357
    },
    "snr_db": {
      "mean": -1.0762802846295274,
      "std": 2.3805482743443265,
      "min": -5.709412134387587,
      "max": 5.922274253382844,
      "median": -1.2931531967096057
    },
    "sdr_db": {
      "mean": -1.2209695647782708,
      "std": 2.544900471380012,
      "min": -7.264125877269268,
      "max": 6.023711694244979,
      "median": -1.1559825741118637
    },
    "pesq": {
      "mean": 1.9391906833648682,
      "std": 0.3773042874197369,
      "min": 1.0680862665176392,
      "max": 2.703028440475464,
      "median": 2.034798741340637
    },
    "stoi": {
      "mean": 0.836761978768482,
      "std": 0.06640239938697927,
      "min": 0.643755614705632,
      "max": 0.9097135936878397,
      "median": 0.8677607921478911
    },
    "estoi": {
      "mean": 0.7106558335086265,
      "std": 0.11943830573581217,
      "min": 0.4306741218064227,
      "max": 0.850601086095671,
      "median": 0.760934778050882
    }
  },
  "tokens_per_second": {
    "mean": 50.0,
    "std": 2.842170943040401e-15
  },
  "compression_ratio": {
    "mean": 320.0,
    "std": 0.0
  }
}