{
  "language": "country",
  "dataset": "gtzan",
  "num_samples": 25,
  "num_failed": 0,
  "metrics": {
    "mse": {
      "mean": 0.06318165915203292,
      "std": 0.0333065706722914,
      "min": 0.011345127151023633,
      "max": 0.12518220651173123,
      "median": 0.05586602159550484
    },
    "snr_db": {
      "mean": -1.9165725497290855,
      "std": 1.094719422272376,
      "min": -4.668141995344435,
      "max": -0.4290134409954211,
      "median": -1.7768061593081366
    },
    "sdr_db": {
      "mean": -1.9207609249262927,
      "std": 1.0851529343993445,
      "min": -4.6898184696967915,
      "max": -0.4286169002275846,
      "median": -1.7684299563999666
    },
    "pesq": {
      "mean": 1.1515241909027099,
      "std": 0.07105658926390623,
      "min": 1.0574220418930054,
      "max": 1.3592449426651,
      "median": 1.1454949378967285
    },
    "stoi": {
      "mean": 0.46632319733142297,
      "std": 0.08527734283265587,
      "min": 0.2775662474645697,
      "max": 0.5908416529219352,
      "median": 0.48813319620483187
    },
    "estoi": {
      "mean": 0.3518936945174271,
      "std": 0.04813961225976994,
      "min": 0.25312596037519036,
      "max": 0.4635369809394161,
      "median": 0.3456059280407052
    }
  },
  "tokens_per_second": {
    "mean": 49.98101323794331,
    "std": 0.007341375954850052
  },
  "compression_ratio": {
    "mean": 441.1675363729667,
    "std": 0.06478459703264774
  }
}