{
  "language": "iceland",
  "num_samples": 100,
  "metrics": {
    "mse": {
      "mean": 0.017423059305624235,
      "std": 0.006822067309729236,
      "min": 0.007150900770917511,
      "max": 0.04282787037337481,
      "median": 0.016296524866171478
    },
    "snr_db": {
      "mean": -2.7850408032457694,
      "std": 0.9384305682153665,
      "min": -4.831759646407346,
      "max": -0.7853664996917966,
      "median": -2.902125731197064
    },
    "sdr_db": {
      "mean": -2.75127728795325,
      "std": 0.9237957828701262,
      "min": -4.782997360576541,
      "max": -0.7236607155757921,
      "median": -2.793719260032992
    },
    "pesq": {
      "mean": 1.8334806609153746,
      "std": 0.149468969800692,
      "min": 1.4547191858291626,
      "max": 2.2028610706329346,
      "median": 1.853951096534729
    },
    "stoi": {
      "mean": 0.7952367224132061,
      "std": 0.0456578884082198,
      "min": 0.6635833317331673,
      "max": 0.8612373889253484,
      "median": 0.8098270301528623
    },
    "estoi": {
      "mean": 0.593393624971996,
      "std": 0.04029687321930742,
      "min": 0.48053570724407585,
      "max": 0.6691582918666115,
      "median": 0.5959031029055484
    }
  },
  "tokens_per_second": {
    "mean": 49.971081065977614,
    "std": 0.020328968237287512
  },
  "compression_ratio": {
    "mean": 320.1852412858194,
    "std": 0.13027830518437356
  }
}