{
  "language": "slovenia",
  "dataset": "eurospeech",
  "num_samples": 100,
  "num_failed": 0,
  "metrics": {
    "mse": {
      "mean": 0.04717310773747558,
      "std": 0.020918905234329217,
      "min": 0.01455663007285642,
      "max": 0.09571231261331452,
      "median": 0.04463645592880798
    },
    "snr_db": {
      "mean": -3.1017169155437836,
      "std": 1.5288966024168102,
      "min": -8.119044161318117,
      "max": 0.06746408642074894,
      "median": -3.4738290089827397
    },
    "sdr_db": {
      "mean": -3.07033846986649,
      "std": 1.5382091660643078,
      "min": -8.232126977760261,
      "max": -0.0657620136357991,
      "median": -3.458829889946564
    },
    "pesq": {
      "mean": 1.5924823117256164,
      "std": 0.10924961468983237,
      "min": 1.3529553413391113,
      "max": 1.83633553981781,
      "median": 1.602194905281067
    },
    "stoi": {
      "mean": 0.7805932763780349,
      "std": 0.04195998276828294,
      "min": 0.583926745539573,
      "max": 0.8317374800753692,
      "median": 0.7930965703480467
    },
    "estoi": {
      "mean": 0.6331999330960687,
      "std": 0.06154205720854496,
      "min": 0.43376224138440317,
      "max": 0.7327749182946733,
      "median": 0.6495893515054767
    }
  },
  "tokens_per_second": {
    "mean": 49.96536336379366,
    "std": 0.02223958202851839
  },
  "compression_ratio": {
    "mean": 320.2218915894788,
    "std": 0.14255259138104573
  }
}