{
  "language": "am_et",
  "dataset": "fleurs",
  "num_samples": 100,
  "metrics": {
    "mse": {
      "mean": 0.01732643513539897,
      "std": 0.010017103693848768,
      "min": 0.004142045845771183,
      "max": 0.05455823304715153,
      "median": 0.015417903015662385
    },
    "snr_db": {
      "mean": -2.2778532452859626,
      "std": 2.8411195051704095,
      "min": -13.887873789630854,
      "max": 2.4872493424472117,
      "median": -2.230235641740212
    },
    "sdr_db": {
      "mean": -2.3779142211962654,
      "std": 2.7900786893647456,
      "min": -14.267991581238714,
      "max": 2.0790599215494145,
      "median": -2.1014910362563315
    },
    "pesq": {
      "mean": 1.4518837082386016,
      "std": 0.29297072846135996,
      "min": 1.0376821756362915,
      "max": 2.150388240814209,
      "median": 1.393047571182251
    },
    "stoi": {
      "mean": 0.6964465506982209,
      "std": 0.12582620388475957,
      "min": 0.4580349173140553,
      "max": 0.8801684210636684,
      "median": 0.7201307304631158
    },
    "estoi": {
      "mean": 0.533495465141112,
      "std": 0.15754459464468898,
      "min": 0.265717544761754,
      "max": 0.7821407994056951,
      "median": 0.493997328956415
    }
  },
  "tokens_per_second": {
    "mean": 50.0,
    "std": 2.7519201823675253e-15
  },
  "compression_ratio": {
    "mean": 320.0,
    "std": 0.0
  }
}