{
  "language": "Watkins",
  "dataset": "naturelm",
  "num_samples": 100,
  "num_failed": 0,
  "metrics": {
    "mse": {
      "mean": 0.059982494251791495,
      "std": 0.042637175300673666,
      "min": 0.004373551880531879,
      "max": 0.18767241313695687,
      "median": 0.05067641572309814
    },
    "snr_db": {
      "mean": -2.5462263429200744,
      "std": 1.7141615894996978,
      "min": -6.412178124139246,
      "max": 6.316793232741952,
      "median": -2.699679096880569
    },
    "sdr_db": {
      "mean": -2.5540236701506878,
      "std": 1.7197593825652666,
      "min": -6.412178090272514,
      "max": 6.316793251001593,
      "median": -2.7848910123098642
    },
    "pesq": {
      "mean": 1.2794253134433133,
      "std": 0.27814047805013514,
      "min": 1.0358891487121582,
      "max": 3.402235984802246,
      "median": 1.2444403171539307
    },
    "stoi": {
      "mean": 0.31605626877602,
      "std": 0.14009332704214494,
      "min": -0.04009905441139048,
      "max": 0.7144742663629082,
      "median": 0.3213669594640407
    },
    "estoi": {
      "mean": 0.17948476465546492,
      "std": 0.08861415160796164,
      "min": 1e-05,
      "max": 0.41762177775681103,
      "median": 0.18096304147037526
    }
  },
  "tokens_per_second": {
    "mean": 49.64600213431339,
    "std": 0.3890821030840856
  },
  "compression_ratio": {
    "mean": 322.3020055711997,
    "std": 2.586147877261848
  }
}