{
  "language": "reggae",
  "dataset": "gtzan",
  "num_samples": 25,
  "num_failed": 0,
  "metrics": {
    "mse": {
      "mean": 0.03503934146663761,
      "std": 0.01012572385369098,
      "min": 0.018609528673034347,
      "max": 0.05394162246426183,
      "median": 0.035238430061996416
    },
    "snr_db": {
      "mean": -2.237596813109075,
      "std": 0.7294690647512865,
      "min": -3.480437939438052,
      "max": -0.7930500011318226,
      "median": -2.4458323597395593
    },
    "sdr_db": {
      "mean": -2.2494592439005,
      "std": 0.7286981417506967,
      "min": -3.398631599768689,
      "max": -0.7946794709950222,
      "median": -2.4771151517291057
    },
    "pesq": {
      "mean": 1.0801476526260376,
      "std": 0.04649346382069434,
      "min": 1.0462204217910767,
      "max": 1.2922827005386353,
      "median": 1.0662295818328857
    },
    "stoi": {
      "mean": 0.636756485203775,
      "std": 0.049886210576248244,
      "min": 0.5026168951226525,
      "max": 0.7038906072622013,
      "median": 0.6506583751219132
    },
    "estoi": {
      "mean": 0.4167763183060477,
      "std": 0.0462175929089221,
      "min": 0.29998511270368333,
      "max": 0.5038419514814567,
      "median": 0.4296569575488884
    }
  },
  "tokens_per_second": {
    "mean": 49.97778764993337,
    "std": 0.0
  },
  "compression_ratio": {
    "mean": 441.1960000000001,
    "std": 5.684341886080802e-14
  }
}