{
  "language": "croatia",
  "dataset": "eurospeech",
  "num_samples": 100,
  "metrics": {
    "mse": {
      "mean": 0.03478048049546802,
      "std": 0.012673502685277,
      "min": 0.013109000853729826,
      "max": 0.07846632859095186,
      "median": 0.03233457342043596
    },
    "snr_db": {
      "mean": -2.3827158486894064,
      "std": 1.2794722800196736,
      "min": -6.219479419677487,
      "max": 0.40435514001682515,
      "median": -2.3081258829500984
    },
    "sdr_db": {
      "mean": -2.35798541794311,
      "std": 1.271793261170522,
      "min": -6.302717714499318,
      "max": 0.3585742255293262,
      "median": -2.21698481910387
    },
    "pesq": {
      "mean": 1.5337669467926025,
      "std": 0.10814619826578833,
      "min": 1.1679331064224243,
      "max": 1.7542126178741455,
      "median": 1.5342413783073425
    },
    "stoi": {
      "mean": 0.7073659073717118,
      "std": 0.06266651802811506,
      "min": 0.48849803194722624,
      "max": 0.81375504582874,
      "median": 0.7135726327753413
    },
    "estoi": {
      "mean": 0.4931217975037947,
      "std": 0.06910067441926593,
      "min": 0.347392165082007,
      "max": 0.6233388636680397,
      "median": 0.5043786474597574
    }
  },
  "tokens_per_second": {
    "mean": 49.96609827885459,
    "std": 0.02228051414280619
  },
  "compression_ratio": {
    "mean": 320.2171819083092,
    "std": 0.14280679368430985
  }
}