{
  "language": "classical",
  "dataset": "gtzan",
  "num_samples": 25,
  "metrics": {
    "mse": {
      "mean": 0.03038273470660397,
      "std": 0.011575184828154152,
      "min": 0.007809535090253625,
      "max": 0.051578313110044724,
      "median": 0.031129935797994203
    },
    "snr_db": {
      "mean": -2.4834568848398844,
      "std": 0.6850965297794732,
      "min": -3.8143596007158354,
      "max": -1.22633481861851,
      "median": -2.3876677347250013
    },
    "sdr_db": {
      "mean": -2.52867429992094,
      "std": 0.7164717312067223,
      "min": -4.082097918120499,
      "max": -1.1949385537564163,
      "median": -2.331584280180006
    },
    "pesq": null,
    "stoi": null,
    "estoi": null
  },
  "tokens_per_second": {
    "mean": 49.97778764993337,
    "std": 0.0
  },
  "compression_ratio": {
    "mean": 441.1960000000001,
    "std": 5.684341886080802e-14
  }
}