{
  "language": "hiphop",
  "dataset": "gtzan",
  "num_samples": 25,
  "metrics": {
    "mse": {
      "mean": 0.0615246751378698,
      "std": 0.02088511022165406,
      "min": 0.025219666087424628,
      "max": 0.1010848664351721,
      "median": 0.059668001590393135
    },
    "snr_db": {
      "mean": -0.7974037489846552,
      "std": 0.3892589239127824,
      "min": -1.5502959379391172,
      "max": -0.12729148377843708,
      "median": -0.6869943293637659
    },
    "sdr_db": {
      "mean": -0.8242173336256502,
      "std": 0.42162917255362353,
      "min": -1.7070505054343912,
      "max": -0.12708291989564555,
      "median": -0.7132267502942053
    },
    "pesq": null,
    "stoi": null,
    "estoi": null
  },
  "tokens_per_second": {
    "mean": 49.9842121075001,
    "std": 0.0097062135357357
  },
  "compression_ratio": {
    "mean": 441.13930982620246,
    "std": 0.08564710649507062
  }
}