{
  "language": "latvia",
  "dataset": "eurospeech",
  "num_samples": 100,
  "num_failed": 0,
  "metrics": {
    "mse": {
      "mean": 0.015915557675702043,
      "std": 0.013100635272334364,
      "min": 0.0034529315114066616,
      "max": 0.11500493939025076,
      "median": 0.013288979063727214
    },
    "snr_db": {
      "mean": -2.6374816978529414,
      "std": 1.299931232184233,
      "min": -5.773396446002659,
      "max": 0.33348151981169927,
      "median": -2.554890340085134
    },
    "sdr_db": {
      "mean": -2.6005564993574644,
      "std": 1.267165961769921,
      "min": -5.55864462311265,
      "max": 0.30318007457858387,
      "median": -2.4542667314582927
    },
    "pesq": {
      "mean": 1.4884233736991883,
      "std": 0.11792386680296496,
      "min": 1.0760040283203125,
      "max": 1.7750284671783447,
      "median": 1.4839894771575928
    },
    "stoi": {
      "mean": 0.7524854646502664,
      "std": 0.09426957116320805,
      "min": 0.14307493808146615,
      "max": 0.8566706059650555,
      "median": 0.7770339005064126
    },
    "estoi": {
      "mean": 0.5777542721065859,
      "std": 0.10204512718504428,
      "min": 0.11800353533845971,
      "max": 0.6995991137450519,
      "median": 0.609691903442671
    }
  },
  "tokens_per_second": {
    "mean": 49.96778404882133,
    "std": 0.03746720835616007
  },
  "compression_ratio": {
    "mean": 320.2064957268418,
    "std": 0.24099860711128743
  }
}