{
  "language": "metal",
  "dataset": "gtzan",
  "num_samples": 25,
  "metrics": {
    "mse": {
      "mean": 0.047435096343606965,
      "std": 0.021385454186586578,
      "min": 0.02113425497254854,
      "max": 0.11796659519342793,
      "median": 0.043192999976729395
    },
    "snr_db": {
      "mean": -1.773832183079298,
      "std": 0.7255707327768643,
      "min": -3.0607974446084567,
      "max": -0.48857306472883083,
      "median": -1.5963419989565286
    },
    "sdr_db": {
      "mean": -1.7755027428850394,
      "std": 0.7250816121460187,
      "min": -3.0493995675482686,
      "max": -0.49160798504835135,
      "median": -1.5918481804095603
    },
    "pesq": null,
    "stoi": null,
    "estoi": null
  },
  "tokens_per_second": {
    "mean": 49.99969765866873,
    "std": 0.0
  },
  "compression_ratio": {
    "mean": 441.00266666666664,
    "std": 0.0
  }
}