{
  "language": "ukraine",
  "dataset": "eurospeech",
  "num_samples": 100,
  "num_failed": 0,
  "metrics": {
    "mse": {
      "mean": 0.03710917598786514,
      "std": 0.018883120961733127,
      "min": 0.003373013688814871,
      "max": 0.11126342283865727,
      "median": 0.03232165890953269
    },
    "snr_db": {
      "mean": -1.9727947374457417,
      "std": 1.7221238386207738,
      "min": -5.576228938737198,
      "max": 1.7429756922825,
      "median": -2.4306211979771772
    },
    "sdr_db": {
      "mean": -1.93825754889643,
      "std": 1.6505757704396578,
      "min": -5.393661729653794,
      "max": 1.2244571883148654,
      "median": -2.4250616119191255
    },
    "pesq": {
      "mean": 1.7035199522972106,
      "std": 0.1888968429438106,
      "min": 1.3045108318328857,
      "max": 2.1841132640838623,
      "median": 1.6464690566062927
    },
    "stoi": {
      "mean": 0.7598730707164029,
      "std": 0.07864256012367692,
      "min": 0.380823169036827,
      "max": 0.8550854828816129,
      "median": 0.7566987669820091
    },
    "estoi": {
      "mean": 0.6283197045264646,
      "std": 0.08352649654865352,
      "min": 0.2900869883611772,
      "max": 0.7707492779900479,
      "median": 0.6279495919602309
    }
  },
  "tokens_per_second": {
    "mean": 49.974550037723354,
    "std": 0.019263608342475386
  },
  "compression_ratio": {
    "mean": 320.1630102859634,
    "std": 0.12343296111165554
  }
}