{
  "language": "norway",
  "dataset": "eurospeech",
  "num_samples": 100,
  "num_failed": 0,
  "metrics": {
    "mse": {
      "mean": 0.022750941688629293,
      "std": 0.010276016238891574,
      "min": 0.008513848315700876,
      "max": 0.06649344841458485,
      "median": 0.021069151408629895
    },
    "snr_db": {
      "mean": -2.479444259844369,
      "std": 1.6778127554243354,
      "min": -6.318842104171585,
      "max": 0.9519835721699459,
      "median": -2.5940173165319784
    },
    "sdr_db": {
      "mean": -2.450895156174618,
      "std": 1.6958737468371408,
      "min": -6.387196089489546,
      "max": 1.1418831235767053,
      "median": -2.540631464536566
    },
    "pesq": {
      "mean": 1.7453951334953308,
      "std": 0.12355941417108952,
      "min": 1.3760864734649658,
      "max": 1.989434003829956,
      "median": 1.7474406957626343
    },
    "stoi": {
      "mean": 0.82606992233682,
      "std": 0.03565191936855752,
      "min": 0.6536897395549518,
      "max": 0.8669481338575545,
      "median": 0.8365897925807988
    },
    "estoi": {
      "mean": 0.6780618153854584,
      "std": 0.04669819817459582,
      "min": 0.5247607449437233,
      "max": 0.7539634276987125,
      "median": 0.6847347462238436
    }
  },
  "tokens_per_second": {
    "mean": 49.97265354990226,
    "std": 0.02086149657062417
  },
  "compression_ratio": {
    "mean": 320.1751688647984,
    "std": 0.13368946404608636
  }
}