{
  "language": "country",
  "dataset": "gtzan",
  "num_samples": 25,
  "metrics": {
    "mse": {
      "mean": 0.06348606207587656,
      "std": 0.033147369303955586,
      "min": 0.011318337223394228,
      "max": 0.12515902430592643,
      "median": 0.05574964289205122
    },
    "snr_db": {
      "mean": -1.9492736434532603,
      "std": 1.1099645608435647,
      "min": -4.676088323058078,
      "max": -0.4314998470486089,
      "median": -2.0919021277568044
    },
    "sdr_db": {
      "mean": -1.9538901008459866,
      "std": 1.101197175217043,
      "min": -4.698707758359321,
      "max": -0.43109894215833544,
      "median": -2.085191446671838
    },
    "pesq": null,
    "stoi": null,
    "estoi": null
  },
  "tokens_per_second": {
    "mean": 49.98101323794331,
    "std": 0.007341375954850052
  },
  "compression_ratio": {
    "mean": 441.1675363729667,
    "std": 0.06478459703264774
  }
}