{
  "language": "id_id",
  "dataset": "fleurs",
  "num_samples": 100,
  "metrics": {
    "mse": {
      "mean": 0.024983625864082364,
      "std": 0.01773751198620058,
      "min": 0.00564011386349516,
      "max": 0.08696597220422655,
      "median": 0.01954685491652929
    },
    "snr_db": {
      "mean": -1.0692879972569065,
      "std": 2.0726771411294513,
      "min": -5.954582096844872,
      "max": 2.6805944164593325,
      "median": -0.9247042429647645
    },
    "sdr_db": {
      "mean": -1.056969941866274,
      "std": 2.087536333938417,
      "min": -5.9679115574581125,
      "max": 2.75214495065614,
      "median": -0.9785523380717631
    },
    "pesq": {
      "mean": 1.7792452788352966,
      "std": 0.2870136590332089,
      "min": 1.0491118431091309,
      "max": 2.5514214038848877,
      "median": 1.7657268047332764
    },
    "stoi": {
      "mean": 0.7577447083463638,
      "std": 0.09483793385146598,
      "min": 0.5032079107155937,
      "max": 0.8949843429676201,
      "median": 0.7731350685229934
    },
    "estoi": {
      "mean": 0.605454550621416,
      "std": 0.11693216442252244,
      "min": 0.2964036134929538,
      "max": 0.8073372938917845,
      "median": 0.6191909075582502
    }
  },
  "tokens_per_second": {
    "mean": 50.0,
    "std": 2.3566036520288944e-15
  },
  "compression_ratio": {
    "mean": 320.0,
    "std": 0.0
  }
}