{
  "language": "classical",
  "dataset": "gtzan",
  "num_samples": 25,
  "num_failed": 0,
  "metrics": {
    "mse": {
      "mean": 0.030353965264038517,
      "std": 0.011661600175278302,
      "min": 0.007808162673214201,
      "max": 0.05227335073477119,
      "median": 0.030918939061642524
    },
    "snr_db": {
      "mean": -2.4751451627251377,
      "std": 0.6669031934480844,
      "min": -3.7897180929130494,
      "max": -1.2261249301595472,
      "median": -2.3869044555912637
    },
    "sdr_db": {
      "mean": -2.521152094816272,
      "std": 0.7001263524362417,
      "min": -4.054615087775885,
      "max": -1.1924648975216217,
      "median": -2.3370738314633823
    },
    "pesq": {
      "mean": 1.1178346920013427,
      "std": 0.03029675127946654,
      "min": 1.0646989345550537,
      "max": 1.1829752922058105,
      "median": 1.114540934562683
    },
    "stoi": {
      "mean": 0.4007870155185849,
      "std": 0.04942112023933408,
      "min": 0.2913965723644756,
      "max": 0.48631666033681914,
      "median": 0.40592493747612823
    },
    "estoi": {
      "mean": 0.2882035293816872,
      "std": 0.02506417827866339,
      "min": 0.24505635762860306,
      "max": 0.33632632237814897,
      "median": 0.28277099737062267
    }
  },
  "tokens_per_second": {
    "mean": 49.97778764993337,
    "std": 0.0
  },
  "compression_ratio": {
    "mean": 441.1960000000001,
    "std": 5.684341886080802e-14
  }
}