{
  "language": "Animal Sound Archive",
  "dataset": "naturelm",
  "num_samples": 100,
  "num_failed": 0,
  "metrics": {
    "mse": {
      "mean": 0.02108898868091827,
      "std": 0.01684220290018646,
      "min": 0.000941646149563826,
      "max": 0.10504097712744447,
      "median": 0.017655295074261564
    },
    "snr_db": {
      "mean": -2.1314547965448263,
      "std": 1.2325464662744585,
      "min": -6.114390969511266,
      "max": -0.2021170131614593,
      "median": -1.9019477894897516
    },
    "sdr_db": {
      "mean": -2.310986827185812,
      "std": 1.3163255340204187,
      "min": -7.224068087425039,
      "max": -0.28931585231031703,
      "median": -2.127497273123108
    },
    "pesq": {
      "mean": 1.2250146059074787,
      "std": 0.15297105192033536,
      "min": 1.0240691900253296,
      "max": 1.767913579940796,
      "median": 1.1820800304412842
    },
    "stoi": {
      "mean": 0.3217259215076547,
      "std": 0.1060782395950668,
      "min": 0.14982926880842168,
      "max": 0.6717873871918553,
      "median": 0.28796241393215594
    },
    "estoi": {
      "mean": 0.2179483302693214,
      "std": 0.05396876421150112,
      "min": 0.12266298389749548,
      "max": 0.4327668106571964,
      "median": 0.20951961052027893
    }
  },
  "tokens_per_second": {
    "mean": 49.96156801820948,
    "std": 0.05161426208670276
  },
  "compression_ratio": {
    "mean": 320.2464969040871,
    "std": 0.33203410045751286
  }
}