{
  "language": "hy_am",
  "dataset": "fleurs",
  "num_samples": 100,
  "metrics": {
    "mse": {
      "mean": 0.030045060539361113,
      "std": 0.031961896070652925,
      "min": 0.004154711511253501,
      "max": 0.1847480578257049,
      "median": 0.019010101437935287
    },
    "snr_db": {
      "mean": -1.693022590612533,
      "std": 1.624328461522641,
      "min": -5.379086822604757,
      "max": 2.9047156756217234,
      "median": -1.7287516162287624
    },
    "sdr_db": {
      "mean": -1.5664573712080498,
      "std": 1.641110727789687,
      "min": -5.381952403428506,
      "max": 3.026106025536206,
      "median": -1.3430609210512243
    },
    "pesq": {
      "mean": 1.6393595910072327,
      "std": 0.4179178743402636,
      "min": 1.0450236797332764,
      "max": 2.5663950443267822,
      "median": 1.6647164821624756
    },
    "stoi": {
      "mean": 0.7190130871035616,
      "std": 0.1616198831220349,
      "min": 0.34981063185644223,
      "max": 0.8957428868152414,
      "median": 0.7617615393207134
    },
    "estoi": {
      "mean": 0.5740803210566073,
      "std": 0.16566382579378286,
      "min": 0.20106153752424583,
      "max": 0.7937877228606274,
      "median": 0.6079741098054093
    }
  },
  "tokens_per_second": {
    "mean": 50.0,
    "std": 2.1316282072803005e-15
  },
  "compression_ratio": {
    "mean": 320.0,
    "std": 0.0
  }
}