{
  "language": "cs_cz",
  "dataset": "fleurs",
  "num_samples": 100,
  "metrics": {
    "mse": {
      "mean": 0.022829226505242724,
      "std": 0.014242019472569917,
      "min": 0.0024922239956861204,
      "max": 0.08478870259810543,
      "median": 0.018385352041069697
    },
    "snr_db": {
      "mean": -2.2425947945772533,
      "std": 2.4157907196603188,
      "min": -9.04996116432743,
      "max": 2.416453358644467,
      "median": -2.1815895526926647
    },
    "sdr_db": {
      "mean": -2.169307649209985,
      "std": 2.4296418033191505,
      "min": -9.146211585938556,
      "max": 2.7558375033541718,
      "median": -2.140229079131587
    },
    "pesq": {
      "mean": 1.650043215751648,
      "std": 0.3187433416439805,
      "min": 1.1616932153701782,
      "max": 2.571445941925049,
      "median": 1.6130739450454712
    },
    "stoi": {
      "mean": 0.7879369334829608,
      "std": 0.08167755242198821,
      "min": 0.5328029051080494,
      "max": 0.899875365761916,
      "median": 0.8179620526820728
    },
    "estoi": {
      "mean": 0.6636816969302392,
      "std": 0.09944505960570671,
      "min": 0.3791670829232668,
      "max": 0.8308020654439345,
      "median": 0.6864935056327197
    }
  },
  "tokens_per_second": {
    "mean": 50.0,
    "std": 2.1316282072803005e-15
  },
  "compression_ratio": {
    "mean": 320.0,
    "std": 0.0
  }
}