{
  "language": "gl_es",
  "dataset": "fleurs",
  "num_samples": 100,
  "metrics": {
    "mse": {
      "mean": 0.014271288066652137,
      "std": 0.009372889636621045,
      "min": 0.0036485207357063575,
      "max": 0.05394787393929351,
      "median": 0.01085155887767109
    },
    "snr_db": {
      "mean": -0.07560243128705929,
      "std": 2.3841582464735804,
      "min": -5.19818294078203,
      "max": 4.322070014415138,
      "median": 0.611042718108064
    },
    "sdr_db": {
      "mean": -0.06606482628303623,
      "std": 2.415673700102664,
      "min": -5.22327338329592,
      "max": 4.2578540730663015,
      "median": 0.5650517313349501
    },
    "pesq": {
      "mean": 2.0672858357429504,
      "std": 0.18684778750353542,
      "min": 1.5619803667068481,
      "max": 2.7250330448150635,
      "median": 2.057069778442383
    },
    "stoi": {
      "mean": 0.8396063985273091,
      "std": 0.06672104749324627,
      "min": 0.5841806626912489,
      "max": 0.9019033233771728,
      "median": 0.8694251057052627
    },
    "estoi": {
      "mean": 0.7217803691820709,
      "std": 0.074606213668119,
      "min": 0.4742617718695419,
      "max": 0.8162243538239249,
      "median": 0.7482440581247649
    }
  },
  "tokens_per_second": {
    "mean": 50.0,
    "std": 2.2469334198890887e-15
  },
  "compression_ratio": {
    "mean": 320.0,
    "std": 0.0
  }
}