{
  "language": "lithuania",
  "dataset": "eurospeech",
  "num_samples": 100,
  "num_failed": 0,
  "metrics": {
    "mse": {
      "mean": 0.027310353923008374,
      "std": 0.01651795910751513,
      "min": 0.004565959268356694,
      "max": 0.06697870260539343,
      "median": 0.023339287857423036
    },
    "snr_db": {
      "mean": -1.4900821733888225,
      "std": 1.2962574513520109,
      "min": -4.462330209770641,
      "max": 0.9701551228090679,
      "median": -1.1047396597387982
    },
    "sdr_db": {
      "mean": -1.550277122951963,
      "std": 1.296244494465341,
      "min": -5.317140231759656,
      "max": 0.9379131960804749,
      "median": -1.3179031357218678
    },
    "pesq": {
      "mean": 1.8956186378002167,
      "std": 0.18720698344467435,
      "min": 1.2468034029006958,
      "max": 2.482696294784546,
      "median": 1.8811194896697998
    },
    "stoi": {
      "mean": 0.8333134960137173,
      "std": 0.07740129893109593,
      "min": 0.4285423152545411,
      "max": 0.8955763115906845,
      "median": 0.8529290516820294
    },
    "estoi": {
      "mean": 0.7139602045614132,
      "std": 0.09467004726049008,
      "min": 0.2524603888368506,
      "max": 0.7969270902317679,
      "median": 0.7439985304803904
    }
  },
  "tokens_per_second": {
    "mean": 49.97085249284283,
    "std": 0.02176407773207601
  },
  "compression_ratio": {
    "mean": 320.1867136036632,
    "std": 0.13948016506916178
  }
}