{
  "language": "denmark",
  "num_samples": 100,
  "metrics": {
    "mse": {
      "mean": 0.012563748303814015,
      "std": 0.00797319654561493,
      "min": 0.005554694747335591,
      "max": 0.07364494877282216,
      "median": 0.011674102280494925
    },
    "snr_db": {
      "mean": -0.2909875134584695,
      "std": 1.203206164410541,
      "min": -4.900616050858328,
      "max": 1.649734482492605,
      "median": -0.014788241397607798
    },
    "sdr_db": {
      "mean": -0.26860411791223465,
      "std": 1.2103144065118183,
      "min": -4.83752156951857,
      "max": 1.5095243036587878,
      "median": -0.03421228978012383
    },
    "pesq": {
      "mean": 1.9258192014694213,
      "std": 0.16241713378270248,
      "min": 1.5291410684585571,
      "max": 2.4419846534729004,
      "median": 1.9205318689346313
    },
    "stoi": {
      "mean": 0.8641087175553261,
      "std": 0.03772541160391943,
      "min": 0.5779723388063992,
      "max": 0.9098269381554261,
      "median": 0.8657086772249085
    },
    "estoi": {
      "mean": 0.7190182898803767,
      "std": 0.06665743372247261,
      "min": 0.36998143760782787,
      "max": 0.8121152072295057,
      "median": 0.7120019220799736
    }
  },
  "tokens_per_second": {
    "mean": 49.971236670965524,
    "std": 0.02036713950867973
  },
  "compression_ratio": {
    "mean": 320.18424446492475,
    "std": 0.13052747562339548
  }
}