{
  "language": "hu_hu",
  "dataset": "fleurs",
  "num_samples": 100,
  "metrics": {
    "mse": {
      "mean": 0.015408535477182787,
      "std": 0.008677681768561984,
      "min": 0.00624104086998065,
      "max": 0.059411112975664475,
      "median": 0.013630427253064736
    },
    "snr_db": {
      "mean": -1.1259863481490355,
      "std": 1.7328641762201544,
      "min": -9.15743024098608,
      "max": 2.2536815953596783,
      "median": -0.7973869617901802
    },
    "sdr_db": {
      "mean": -1.1088935473626536,
      "std": 1.773810082117105,
      "min": -10.066383539567711,
      "max": 2.2542537958864393,
      "median": -0.7601282768631776
    },
    "pesq": {
      "mean": 1.7753236639499663,
      "std": 0.20823944719867846,
      "min": 1.1487998962402344,
      "max": 2.2380564212799072,
      "median": 1.7931082248687744
    },
    "stoi": {
      "mean": 0.731785412936602,
      "std": 0.1214598174900215,
      "min": 0.4879225525116562,
      "max": 0.8950358655233531,
      "median": 0.744741057140515
    },
    "estoi": {
      "mean": 0.5737054958854537,
      "std": 0.14878849462074345,
      "min": 0.2963580966339889,
      "max": 0.8082486322380837,
      "median": 0.5717214427333878
    }
  },
  "tokens_per_second": {
    "mean": 50.0,
    "std": 3.014577520672848e-15
  },
  "compression_ratio": {
    "mean": 320.0,
    "std": 0.0
  }
}