{
  "language": "finland",
  "dataset": "eurospeech",
  "num_samples": 100,
  "num_failed": 0,
  "metrics": {
    "mse": {
      "mean": 0.03647740307345075,
      "std": 0.021176487495206675,
      "min": 0.005437555046521434,
      "max": 0.08436203852825908,
      "median": 0.034056952353119445
    },
    "snr_db": {
      "mean": -1.3119919453915379,
      "std": 2.1074826815643655,
      "min": -10.805055655205656,
      "max": 1.5910347014755712,
      "median": -0.7735519820672769
    },
    "sdr_db": {
      "mean": -1.3401299110922127,
      "std": 2.083791471119075,
      "min": -10.846481178159628,
      "max": 1.6902217638475063,
      "median": -0.782509532399692
    },
    "pesq": {
      "mean": 1.7950697183609008,
      "std": 0.19450263059281064,
      "min": 1.1401969194412231,
      "max": 2.2053749561309814,
      "median": 1.8110759258270264
    },
    "stoi": {
      "mean": 0.7758018893656928,
      "std": 0.13012884396456978,
      "min": 0.14118977514615702,
      "max": 0.872695210801549,
      "median": 0.8188745234081765
    },
    "estoi": {
      "mean": 0.6061556570772004,
      "std": 0.11977881991463986,
      "min": 0.12487597181260822,
      "max": 0.7525643280740505,
      "median": 0.6313339018647876
    }
  },
  "tokens_per_second": {
    "mean": 49.9728930644371,
    "std": 0.0265291495572904
  },
  "compression_ratio": {
    "mean": 320.1736687978816,
    "std": 0.17011052950623337
  }
}