{
  "language": "uk",
  "num_samples": 100,
  "metrics": {
    "mse": {
      "mean": 0.012255999801278368,
      "std": 0.005568797236251514,
      "min": 0.004339945705655677,
      "max": 0.03414228975728454,
      "median": 0.011264361302503006
    },
    "snr_db": {
      "mean": -2.9726284148359805,
      "std": 1.452187513147073,
      "min": -7.478413865507085,
      "max": 0.3897932091277683,
      "median": -2.8725236564429486
    },
    "sdr_db": {
      "mean": -3.0124216496918192,
      "std": 1.4829133657603235,
      "min": -7.571682304718548,
      "max": 0.3727317417714808,
      "median": -2.898914580735987
    },
    "pesq": {
      "mean": 1.9493370831012726,
      "std": 0.08419082892768835,
      "min": 1.7822824716567993,
      "max": 2.1434030532836914,
      "median": 1.9356153011322021
    },
    "stoi": {
      "mean": 0.838621305522338,
      "std": 0.01707915547270741,
      "min": 0.7831305155053934,
      "max": 0.8737965251859726,
      "median": 0.8406481887700255
    },
    "estoi": {
      "mean": 0.6780888799204255,
      "std": 0.03678799746830004,
      "min": 0.5885261935278391,
      "max": 0.768575118119832,
      "median": 0.6791622318035427
    }
  },
  "tokens_per_second": {
    "mean": 49.97257841245743,
    "std": 0.022473752561225337
  },
  "compression_ratio": {
    "mean": 320.175659227184,
    "std": 0.1440120419810037
  }
}