{
  "language": "sweden",
  "dataset": "eurospeech",
  "num_samples": 100,
  "num_failed": 0,
  "metrics": {
    "mse": {
      "mean": 0.019576827677203715,
      "std": 0.010216616852792335,
      "min": 0.00562150197134331,
      "max": 0.052932125919289294,
      "median": 0.016483124347118967
    },
    "snr_db": {
      "mean": -1.8173353262746614,
      "std": 1.765687855286459,
      "min": -7.191292294351235,
      "max": 1.4674607379275644,
      "median": -1.802223046874638
    },
    "sdr_db": {
      "mean": -1.7919328091091749,
      "std": 1.8074292851777245,
      "min": -7.074274592188655,
      "max": 1.624367687824059,
      "median": -1.7603142429615883
    },
    "pesq": {
      "mean": 2.042268122434616,
      "std": 0.1598097459017119,
      "min": 1.5974516868591309,
      "max": 2.3723459243774414,
      "median": 2.0388705730438232
    },
    "stoi": {
      "mean": 0.8647423152378712,
      "std": 0.02250972562338038,
      "min": 0.7729993824678414,
      "max": 0.899627082749506,
      "median": 0.8716196540638541
    },
    "estoi": {
      "mean": 0.741175118578197,
      "std": 0.04541284583505889,
      "min": 0.5844749862084934,
      "max": 0.8222146647162374,
      "median": 0.7488369961891959
    }
  },
  "tokens_per_second": {
    "mean": 49.96906324066909,
    "std": 0.01948606347099498
  },
  "compression_ratio": {
    "mean": 320.1981665345529,
    "std": 0.12486419139029131
  }
}