{
  "language": "lithuania",
  "num_samples": 100,
  "metrics": {
    "mse": {
      "mean": 0.027299202023530516,
      "std": 0.016356040741317374,
      "min": 0.004533423213471938,
      "max": 0.06659933424075941,
      "median": 0.023331679487174645
    },
    "snr_db": {
      "mean": -1.5019548595626306,
      "std": 1.2863743307322042,
      "min": -4.4627610501101085,
      "max": 0.9646931108746741,
      "median": -1.1270735869056006
    },
    "sdr_db": {
      "mean": -1.564031938253092,
      "std": 1.287670715505194,
      "min": -5.3007549467160615,
      "max": 0.9331513960037204,
      "median": -1.3517287101982953
    },
    "pesq": {
      "mean": 1.8982371520996093,
      "std": 0.186943210165109,
      "min": 1.2465293407440186,
      "max": 2.4825961589813232,
      "median": 1.882394552230835
    },
    "stoi": {
      "mean": 0.8333355200065417,
      "std": 0.07756009484155615,
      "min": 0.4290554445415814,
      "max": 0.8955689548555024,
      "median": 0.8527051561739236
    },
    "estoi": {
      "mean": 0.7139593803777754,
      "std": 0.09491257201832275,
      "min": 0.2513726077403693,
      "max": 0.7967554892206519,
      "median": 0.7442295241022858
    }
  },
  "tokens_per_second": {
    "mean": 49.97085249284283,
    "std": 0.02176407773207601
  },
  "compression_ratio": {
    "mean": 320.1867136036632,
    "std": 0.13948016506916178
  }
}