{
  "language": "kea_cv",
  "dataset": "fleurs",
  "num_samples": 100,
  "metrics": {
    "mse": {
      "mean": 0.02279418618729816,
      "std": 0.014583316309635642,
      "min": 0.0032834722429638677,
      "max": 0.07196138579270135,
      "median": 0.019811045335456176
    },
    "snr_db": {
      "mean": -2.106033094931742,
      "std": 1.8091736977720445,
      "min": -6.915182506236675,
      "max": 1.5867510546830723,
      "median": -2.0640894282936144
    },
    "sdr_db": {
      "mean": -2.07869193442806,
      "std": 1.758923150750431,
      "min": -6.693668960914936,
      "max": 1.3958749540332624,
      "median": -2.038812031527809
    },
    "pesq": {
      "mean": 1.5354228186607362,
      "std": 0.2878628207538644,
      "min": 1.0431753396987915,
      "max": 2.2229630947113037,
      "median": 1.5585704445838928
    },
    "stoi": {
      "mean": 0.6922818034189732,
      "std": 0.09752567122443562,
      "min": 0.29218627572667905,
      "max": 0.8463456492249563,
      "median": 0.703730939905019
    },
    "estoi": {
      "mean": 0.5256478668863863,
      "std": 0.1044670741340454,
      "min": 0.23440210851272522,
      "max": 0.7319156299846893,
      "median": 0.5346984769213161
    }
  },
  "tokens_per_second": {
    "mean": 50.0,
    "std": 2.2469334198890887e-15
  },
  "compression_ratio": {
    "mean": 320.0,
    "std": 0.0
  }
}