{
  "language": "ga_ie",
  "dataset": "fleurs",
  "num_samples": 100,
  "metrics": {
    "mse": {
      "mean": 0.01802811246330478,
      "std": 0.010578840830328975,
      "min": 0.0032065964507588794,
      "max": 0.052118714690729574,
      "median": 0.014098841886621645
    },
    "snr_db": {
      "mean": -1.904764475666792,
      "std": 2.702290089368136,
      "min": -9.277847819638406,
      "max": 3.5470598788955066,
      "median": -2.0897420609416226
    },
    "sdr_db": {
      "mean": -3.000939898807837,
      "std": 4.918416570974271,
      "min": -20.168445907705983,
      "max": 3.608741439689065,
      "median": -2.055063986626971
    },
    "pesq": {
      "mean": 1.8293699133396149,
      "std": 0.36300697554453987,
      "min": 1.1418977975845337,
      "max": 2.5832364559173584,
      "median": 1.7834142446517944
    },
    "stoi": {
      "mean": 0.81772002934144,
      "std": 0.05802686994905896,
      "min": 0.6444096691390241,
      "max": 0.8938775775484993,
      "median": 0.8161309126599503
    },
    "estoi": {
      "mean": 0.6898857889422731,
      "std": 0.08814560865978474,
      "min": 0.3923818201836976,
      "max": 0.8110567992805424,
      "median": 0.7123315153175181
    }
  },
  "tokens_per_second": {
    "mean": 50.0,
    "std": 2.842170943040401e-15
  },
  "compression_ratio": {
    "mean": 320.0,
    "std": 0.0
  }
}