{
  "language": "slovenia",
  "num_samples": 100,
  "metrics": {
    "mse": {
      "mean": 0.04727872293372165,
      "std": 0.02114042154352339,
      "min": 0.014569173239541024,
      "max": 0.09572380013225114,
      "median": 0.04492510530022219
    },
    "snr_db": {
      "mean": -3.100987988840669,
      "std": 1.512045416147454,
      "min": -6.99362014087381,
      "max": 0.27148469812859627,
      "median": -3.4777742965343466
    },
    "sdr_db": {
      "mean": -3.0694655397439767,
      "std": 1.5197924649541368,
      "min": -7.048665395261466,
      "max": 0.24028396787447337,
      "median": -3.4638656586089906
    },
    "pesq": {
      "mean": 1.5925935530662536,
      "std": 0.10831449838889444,
      "min": 1.3499846458435059,
      "max": 1.8310149908065796,
      "median": 1.6061394214630127
    },
    "stoi": {
      "mean": 0.7805825315799271,
      "std": 0.04186461496415373,
      "min": 0.5836348178001548,
      "max": 0.8315872362645967,
      "median": 0.7933457867710341
    },
    "estoi": {
      "mean": 0.6331384836664888,
      "std": 0.06138992425927647,
      "min": 0.43449344635082443,
      "max": 0.7331341475475974,
      "median": 0.6502578040572817
    }
  },
  "tokens_per_second": {
    "mean": 49.96536336379366,
    "std": 0.02223958202851839
  },
  "compression_ratio": {
    "mean": 320.2218915894788,
    "std": 0.14255259138104573
  }
}