{
  "language": "en_us",
  "dataset": "fleurs",
  "num_samples": 100,
  "metrics": {
    "mse": {
      "mean": 0.017182816314962695,
      "std": 0.013412979801927525,
      "min": 0.0034132288549482658,
      "max": 0.07982921800403973,
      "median": 0.014027867540562042
    },
    "snr_db": {
      "mean": -1.5716308673231483,
      "std": 2.5424180641055836,
      "min": -9.371030925964538,
      "max": 3.419389729497741,
      "median": -1.126267487280014
    },
    "sdr_db": {
      "mean": -1.6174620153522523,
      "std": 2.7511366438459293,
      "min": -10.244216199622686,
      "max": 3.183711278917114,
      "median": -1.1772127052170616
    },
    "pesq": {
      "mean": 1.8152137172222138,
      "std": 0.32315888847146,
      "min": 1.0878193378448486,
      "max": 2.4670870304107666,
      "median": 1.8454448580741882
    },
    "stoi": {
      "mean": 0.8080519866601389,
      "std": 0.08531054004547638,
      "min": 0.5288538842718962,
      "max": 0.9013326068497958,
      "median": 0.8391031696122948
    },
    "estoi": {
      "mean": 0.6686168907451914,
      "std": 0.10868844879070795,
      "min": 0.37375809242578634,
      "max": 0.8074967699209045,
      "median": 0.7078993891604086
    }
  },
  "tokens_per_second": {
    "mean": 50.0,
    "std": 2.461392238570962e-15
  },
  "compression_ratio": {
    "mean": 320.0,
    "std": 0.0
  }
}