{
  "language": "blues",
  "dataset": "gtzan",
  "num_samples": 25,
  "num_failed": 0,
  "metrics": {
    "mse": {
      "mean": 0.036149119799563596,
      "std": 0.014191466510230748,
      "min": 0.01628872289291769,
      "max": 0.07431267294134111,
      "median": 0.03303628723045959
    },
    "snr_db": {
      "mean": -2.022676938763665,
      "std": 0.8228134628194548,
      "min": -3.411594496736031,
      "max": -0.4867460594248101,
      "median": -1.875664124113571
    },
    "sdr_db": {
      "mean": -2.083996507199333,
      "std": 0.8188085232530699,
      "min": -3.509966075130974,
      "max": -0.5136448470919591,
      "median": -1.8447700433746332
    },
    "pesq": {
      "mean": 1.1972140169143677,
      "std": 0.08493036453053102,
      "min": 1.0780786275863647,
      "max": 1.3972086906433105,
      "median": 1.1738357543945312
    },
    "stoi": {
      "mean": 0.6312183564599705,
      "std": 0.04878103477914481,
      "min": 0.5174651665341131,
      "max": 0.6999230676888493,
      "median": 0.636184282149071
    },
    "estoi": {
      "mean": 0.4222220844454898,
      "std": 0.045712808336859194,
      "min": 0.30770502233645997,
      "max": 0.5120526574569098,
      "median": 0.4152674687167612
    }
  },
  "tokens_per_second": {
    "mean": 49.97778764993337,
    "std": 0.0
  },
  "compression_ratio": {
    "mean": 441.1960000000001,
    "std": 5.684341886080802e-14
  }
}