{
  "language": "italy",
  "dataset": "eurospeech",
  "num_samples": 100,
  "num_failed": 0,
  "metrics": {
    "mse": {
      "mean": 0.0362429857392593,
      "std": 0.012996438644027282,
      "min": 0.013801132006982313,
      "max": 0.08708175328535457,
      "median": 0.03457129572811746
    },
    "snr_db": {
      "mean": -2.9851374024085016,
      "std": 0.9690454525826588,
      "min": -5.149631656435998,
      "max": -1.193335451792197,
      "median": -3.0155486607846624
    },
    "sdr_db": {
      "mean": -2.9985251839452576,
      "std": 0.9621649855836348,
      "min": -5.181964109989492,
      "max": -1.2898607782185905,
      "median": -3.088821060907896
    },
    "pesq": {
      "mean": 1.8402736258506776,
      "std": 0.15620183495351367,
      "min": 1.5411291122436523,
      "max": 2.2259182929992676,
      "median": 1.830465853214264
    },
    "stoi": {
      "mean": 0.8498556366298554,
      "std": 0.018171482909684324,
      "min": 0.8099348247681097,
      "max": 0.8848818510368264,
      "median": 0.8514894726636261
    },
    "estoi": {
      "mean": 0.7108335056780798,
      "std": 0.039618721283082574,
      "min": 0.6398001926761766,
      "max": 0.7881991433713538,
      "median": 0.7145276642768252
    }
  },
  "tokens_per_second": {
    "mean": 49.96160104945586,
    "std": 0.022321761897964296
  },
  "compression_ratio": {
    "mean": 320.24600609259375,
    "std": 0.143092653016181
  }
}