{
  "language": "portugal",
  "num_samples": 100,
  "metrics": {
    "mse": {
      "mean": 0.01787821134188277,
      "std": 0.010696255718757765,
      "min": 0.00262093652596683,
      "max": 0.060570439296702375,
      "median": 0.013969346060199263
    },
    "snr_db": {
      "mean": -2.3632620467120287,
      "std": 1.659075114867733,
      "min": -5.915737121150557,
      "max": 0.4996023740841174,
      "median": -1.7826603274693267
    },
    "sdr_db": {
      "mean": -2.337813957842252,
      "std": 1.660407274871096,
      "min": -5.880412870918939,
      "max": 0.5486096927269469,
      "median": -1.809134380585486
    },
    "pesq": {
      "mean": 1.8454722988605499,
      "std": 0.11945603069693589,
      "min": 1.5129334926605225,
      "max": 2.0864479541778564,
      "median": 1.8574260473251343
    },
    "stoi": {
      "mean": 0.7982978521362176,
      "std": 0.04197469060362366,
      "min": 0.5432670506039506,
      "max": 0.8541734201813476,
      "median": 0.8010735480222699
    },
    "estoi": {
      "mean": 0.5919398647524762,
      "std": 0.044189397359811255,
      "min": 0.34450971779882317,
      "max": 0.6829408866477492,
      "median": 0.5913479426020356
    }
  },
  "tokens_per_second": {
    "mean": 49.9677010527946,
    "std": 0.020542896109530615
  },
  "compression_ratio": {
    "mean": 320.2069010118451,
    "std": 0.13166604919544517
  }
}