{
  "language": "italy",
  "num_samples": 100,
  "metrics": {
    "mse": {
      "mean": 0.03636053673090687,
      "std": 0.013057392557894463,
      "min": 0.013884511660964901,
      "max": 0.0871416496775044,
      "median": 0.03487559412890874
    },
    "snr_db": {
      "mean": -2.997658779056621,
      "std": 0.9828223540717791,
      "min": -5.150647768448227,
      "max": -1.2194944483326247,
      "median": -2.994456498045161
    },
    "sdr_db": {
      "mean": -3.010408625490338,
      "std": 0.9744865422416241,
      "min": -5.258019158232172,
      "max": -1.2935542909746516,
      "median": -3.066094875941538
    },
    "pesq": {
      "mean": 1.8370195460319518,
      "std": 0.15492497801004654,
      "min": 1.5390689373016357,
      "max": 2.216890335083008,
      "median": 1.830572485923767
    },
    "stoi": {
      "mean": 0.8498702371787984,
      "std": 0.01817273256085626,
      "min": 0.8099238446122488,
      "max": 0.884887728320241,
      "median": 0.8511819820980266
    },
    "estoi": {
      "mean": 0.7108414404525295,
      "std": 0.03960908426995153,
      "min": 0.6389198383627005,
      "max": 0.7891586756134767,
      "median": 0.7142884663223771
    }
  },
  "tokens_per_second": {
    "mean": 49.96160104945586,
    "std": 0.022321761897964296
  },
  "compression_ratio": {
    "mean": 320.24600609259375,
    "std": 0.143092653016181
  }
}