{
  "language": "ta_in",
  "dataset": "fleurs",
  "num_samples": 100,
  "metrics": {
    "mse": {
      "mean": 0.03901346671614337,
      "std": 0.03159756478834603,
      "min": 0.004340494340557034,
      "max": 0.232329564445599,
      "median": 0.03147843041783367
    },
    "snr_db": {
      "mean": -2.2902162693246164,
      "std": 2.587240435730678,
      "min": -14.322145884506707,
      "max": 1.6976844529998694,
      "median": -1.993913288205864
    },
    "sdr_db": {
      "mean": -2.252230694732217,
      "std": 2.5844634315831594,
      "min": -13.972138227564281,
      "max": 1.7292181217739857,
      "median": -1.9529452224775334
    },
    "pesq": {
      "mean": 1.9138107931613921,
      "std": 0.3361858199607615,
      "min": 1.0468099117279053,
      "max": 2.4765992164611816,
      "median": 2.0118552446365356
    },
    "stoi": {
      "mean": 0.7927536846421891,
      "std": 0.09947970334710396,
      "min": 0.4050877625713068,
      "max": 0.8886640414100994,
      "median": 0.8351214280721296
    },
    "estoi": {
      "mean": 0.6732827948782866,
      "std": 0.11941318812631353,
      "min": 0.31707734815023797,
      "max": 0.8171830383537924,
      "median": 0.7172747332394203
    }
  },
  "tokens_per_second": {
    "mean": 50.0,
    "std": 2.461392238570962e-15
  },
  "compression_ratio": {
    "mean": 320.0,
    "std": 0.0
  }
}