{
  "language": "ar_eg",
  "dataset": "fleurs",
  "num_samples": 100,
  "metrics": {
    "mse": {
      "mean": 0.025158268848698914,
      "std": 0.018933607361159028,
      "min": 0.004887498596007709,
      "max": 0.14476536901827056,
      "median": 0.019572787653356384
    },
    "snr_db": {
      "mean": -1.9936343586671845,
      "std": 2.0139951485365333,
      "min": -7.522195270944241,
      "max": 2.7888390636045286,
      "median": -2.226475296293633
    },
    "sdr_db": {
      "mean": -1.99262171450926,
      "std": 1.997536824771249,
      "min": -7.4028423734936935,
      "max": 2.8803199437255906,
      "median": -2.231413857797045
    },
    "pesq": {
      "mean": 1.8684953153133392,
      "std": 0.37916749310986886,
      "min": 1.104203701019287,
      "max": 2.5248937606811523,
      "median": 1.9066290855407715
    },
    "stoi": {
      "mean": 0.806435776514599,
      "std": 0.06136822432854123,
      "min": 0.6325984083446705,
      "max": 0.9023883415472527,
      "median": 0.8198102932434925
    },
    "estoi": {
      "mean": 0.6910098516992004,
      "std": 0.08698659659067678,
      "min": 0.4622400063983293,
      "max": 0.829397002215867,
      "median": 0.7024245708477703
    }
  },
  "tokens_per_second": {
    "mean": 50.0,
    "std": 2.5618982671915017e-15
  },
  "compression_ratio": {
    "mean": 320.0,
    "std": 0.0
  }
}