{
  "language": "rock",
  "dataset": "gtzan",
  "num_samples": 25,
  "metrics": {
    "mse": {
      "mean": 0.0484808927246701,
      "std": 0.023607544324086998,
      "min": 0.017320943197754776,
      "max": 0.13161380148059565,
      "median": 0.04224927030985344
    },
    "snr_db": {
      "mean": -1.5628530690010363,
      "std": 0.7377650605726943,
      "min": -3.113094702763664,
      "max": -0.14629747945657381,
      "median": -1.48796342695082
    },
    "sdr_db": {
      "mean": -1.5527130366010493,
      "std": 0.7663524395937715,
      "min": -3.1009511064039494,
      "max": -0.09538213594816168,
      "median": -1.546823491791852
    },
    "pesq": null,
    "stoi": null,
    "estoi": null
  },
  "tokens_per_second": {
    "mean": 49.97867614393603,
    "std": 0.004352713892105821
  },
  "compression_ratio": {
    "mean": 441.18816000000004,
    "std": 0.038407999166845404
  }
}