{
  "language": "disco",
  "dataset": "gtzan",
  "num_samples": 25,
  "metrics": {
    "mse": {
      "mean": 0.053667174036868215,
      "std": 0.0213174169721286,
      "min": 0.025225021227373787,
      "max": 0.09494132809374828,
      "median": 0.053986064727236
    },
    "snr_db": {
      "mean": -1.3034633578162507,
      "std": 0.7403185732632263,
      "min": -2.741083723937791,
      "max": -0.2960599900831362,
      "median": -1.4983469118766382
    },
    "sdr_db": {
      "mean": -1.3047524944222346,
      "std": 0.7406054475105351,
      "min": -2.7339149600736805,
      "max": -0.30072403041996615,
      "median": -1.4878720220950317
    },
    "pesq": null,
    "stoi": null,
    "estoi": null
  },
  "tokens_per_second": {
    "mean": 49.98028606062634,
    "std": 0.005554595478791819
  },
  "compression_ratio": {
    "mean": 441.17395097577867,
    "std": 0.04901637896446259
  }
}