{
  "language": "reggae",
  "dataset": "gtzan",
  "num_samples": 25,
  "metrics": {
    "mse": {
      "mean": 0.034828592346774497,
      "std": 0.009916485207787989,
      "min": 0.01858766395096076,
      "max": 0.05390991770938548,
      "median": 0.03513080969690247
    },
    "snr_db": {
      "mean": -2.216867073338635,
      "std": 0.702681573535547,
      "min": -3.4273986869510913,
      "max": -0.8979769761902611,
      "median": -2.3275381310796277
    },
    "sdr_db": {
      "mean": -2.2291411743650533,
      "std": 0.7042909667858096,
      "min": -3.440290806180069,
      "max": -0.9020967219399506,
      "median": -2.3410661407305757
    },
    "pesq": null,
    "stoi": null,
    "estoi": null
  },
  "tokens_per_second": {
    "mean": 49.97778764993337,
    "std": 0.0
  },
  "compression_ratio": {
    "mean": 441.1960000000001,
    "std": 5.684341886080802e-14
  }
}