{
  "language": "fa_ir",
  "dataset": "fleurs",
  "num_samples": 100,
  "metrics": {
    "mse": {
      "mean": 0.018722743534382483,
      "std": 0.00896275423416685,
      "min": 0.003189968371625561,
      "max": 0.05705168410891748,
      "median": 0.017916354276216923
    },
    "snr_db": {
      "mean": -1.7396332631377425,
      "std": 1.84595126876296,
      "min": -5.736408927601393,
      "max": 1.834251793987389,
      "median": -1.7887200263486536
    },
    "sdr_db": {
      "mean": -1.7080525875172268,
      "std": 1.8437139368173063,
      "min": -5.785352443791656,
      "max": 1.9876923051631004,
      "median": -1.7562352833866446
    },
    "pesq": {
      "mean": 1.7945095717906951,
      "std": 0.34076335199196933,
      "min": 1.0459003448486328,
      "max": 2.3206419944763184,
      "median": 1.8509474992752075
    },
    "stoi": {
      "mean": 0.7906679956801028,
      "std": 0.0704957947248913,
      "min": 0.5708040255293625,
      "max": 0.9024997551401904,
      "median": 0.8110134707384663
    },
    "estoi": {
      "mean": 0.6477557412138093,
      "std": 0.08056169594725814,
      "min": 0.41530947281384367,
      "max": 0.7790938654659622,
      "median": 0.6691766926235643
    }
  },
  "tokens_per_second": {
    "mean": 50.0,
    "std": 2.5618982671915017e-15
  },
  "compression_ratio": {
    "mean": 320.0,
    "std": 0.0
  }
}