{
  "language": "latvia",
  "num_samples": 100,
  "metrics": {
    "mse": {
      "mean": 0.015912474546751057,
      "std": 0.013094535067530687,
      "min": 0.003440018050629558,
      "max": 0.1147528564973485,
      "median": 0.013347395836525075
    },
    "snr_db": {
      "mean": -2.6384337432279694,
      "std": 1.3115377662698149,
      "min": -5.82536419461767,
      "max": 0.3285899426119834,
      "median": -2.575479666649624
    },
    "sdr_db": {
      "mean": -2.5999397982747676,
      "std": 1.2755923118761219,
      "min": -5.615857726607358,
      "max": 0.2742002716396293,
      "median": -2.4629856017753577
    },
    "pesq": {
      "mean": 1.488437888622284,
      "std": 0.11786656724824232,
      "min": 1.0783554315567017,
      "max": 1.783287763595581,
      "median": 1.4845163822174072
    },
    "stoi": {
      "mean": 0.7525766043593353,
      "std": 0.09440851445065694,
      "min": 0.1424799022196219,
      "max": 0.8565740130054474,
      "median": 0.7771805108113764
    },
    "estoi": {
      "mean": 0.5778752398892757,
      "std": 0.10218565419678327,
      "min": 0.11766024161342364,
      "max": 0.6991221814484945,
      "median": 0.6105285078660767
    }
  },
  "tokens_per_second": {
    "mean": 49.96778404882133,
    "std": 0.03746720835616007
  },
  "compression_ratio": {
    "mean": 320.2064957268418,
    "std": 0.24099860711128743
  }
}