{
  "language": "tr_tr",
  "dataset": "fleurs",
  "num_samples": 100,
  "metrics": {
    "mse": {
      "mean": 0.022162906104165925,
      "std": 0.02164754606704943,
      "min": 0.0036472136902731063,
      "max": 0.16075784584120145,
      "median": 0.017246819043570023
    },
    "snr_db": {
      "mean": -2.332488841618896,
      "std": 2.524582874465114,
      "min": -7.641013624110706,
      "max": 1.591033095480836,
      "median": -2.173136248149088
    },
    "sdr_db": {
      "mean": -4.523718522709801,
      "std": 7.23807858511537,
      "min": -26.082890699391697,
      "max": 1.85518536119943,
      "median": -2.268174803103356
    },
    "pesq": {
      "mean": 1.7732596963342995,
      "std": 0.3994082315404584,
      "min": 1.069159984588623,
      "max": 2.7400224208831787,
      "median": 1.7586756944656372
    },
    "stoi": {
      "mean": 0.687364649513087,
      "std": 0.2382681433573714,
      "min": 1e-05,
      "max": 0.8813053867176817,
      "median": 0.7765883681528951
    },
    "estoi": {
      "mean": 0.5461800535113727,
      "std": 0.22684318389275815,
      "min": -0.05679546143829774,
      "max": 0.7934088168854759,
      "median": 0.6163051477298768
    }
  },
  "tokens_per_second": {
    "mean": 50.0,
    "std": 2.3566036520288944e-15
  },
  "compression_ratio": {
    "mean": 320.0,
    "std": 0.0
  }
}