{
  "language": "ja_jp",
  "dataset": "fleurs",
  "num_samples": 100,
  "metrics": {
    "mse": {
      "mean": 0.03565754840352997,
      "std": 0.029833079425042264,
      "min": 0.008396185322392126,
      "max": 0.14285437791479108,
      "median": 0.025499168259686168
    },
    "snr_db": {
      "mean": -3.0433134311085417,
      "std": 2.0660176043021736,
      "min": -11.237061131366294,
      "max": 2.1045677136243963,
      "median": -3.147074329163645
    },
    "sdr_db": {
      "mean": -2.980953934155908,
      "std": 2.0568109236986896,
      "min": -11.114647838312793,
      "max": 2.192147047004033,
      "median": -3.0502867692350657
    },
    "pesq": {
      "mean": 1.6879440796375276,
      "std": 0.22707282274097895,
      "min": 1.184010624885559,
      "max": 2.453641176223755,
      "median": 1.663374423980713
    },
    "stoi": {
      "mean": 0.7801132063516512,
      "std": 0.07448524978276272,
      "min": 0.602027546718722,
      "max": 0.882202346842026,
      "median": 0.7947893540747932
    },
    "estoi": {
      "mean": 0.645350834851895,
      "std": 0.1113528535772929,
      "min": 0.40340660016413654,
      "max": 0.8114638277510559,
      "median": 0.6514329764216149
    }
  },
  "tokens_per_second": {
    "mean": 50.0,
    "std": 1.7404671430534634e-15
  },
  "compression_ratio": {
    "mean": 320.0,
    "std": 0.0
  }
}