{
  "language": "france",
  "num_samples": 100,
  "metrics": {
    "mse": {
      "mean": 0.026289901077227666,
      "std": 0.0139767653739818,
      "min": 0.007592796563382456,
      "max": 0.07422233478620592,
      "median": 0.024014867246421837
    },
    "snr_db": {
      "mean": -1.7988114207988062,
      "std": 1.607099286066005,
      "min": -5.6839682075971325,
      "max": 1.666210067107521,
      "median": -1.5839309120881073
    },
    "sdr_db": {
      "mean": -1.7722916653515717,
      "std": 1.617424167996336,
      "min": -5.557989623680085,
      "max": 1.5173333849370028,
      "median": -1.6569814761021457
    },
    "pesq": {
      "mean": 1.9702632486820222,
      "std": 0.16364384248057123,
      "min": 1.6287989616394043,
      "max": 2.4910454750061035,
      "median": 1.9642765522003174
    },
    "stoi": {
      "mean": 0.861649272153131,
      "std": 0.020534778112963715,
      "min": 0.7625858557036422,
      "max": 0.8979648983693208,
      "median": 0.8588892335397142
    },
    "estoi": {
      "mean": 0.7421215163377215,
      "std": 0.033725538750958316,
      "min": 0.6122624536110655,
      "max": 0.809136522184225,
      "median": 0.7391986611080985
    }
  },
  "tokens_per_second": {
    "mean": 49.970877366214964,
    "std": 0.021997721583826207
  },
  "compression_ratio": {
    "mean": 320.18655553991977,
    "std": 0.14097807341047527
  }
}