{
  "language": "oc_fr",
  "dataset": "fleurs",
  "num_samples": 100,
  "metrics": {
    "mse": {
      "mean": 0.015330220333797223,
      "std": 0.009671752889886196,
      "min": 0.003142084103713146,
      "max": 0.053903538084127484,
      "median": 0.012817848591382124
    },
    "snr_db": {
      "mean": -1.7404692460419056,
      "std": 2.078073421468973,
      "min": -7.481542037291574,
      "max": 1.6203649920942285,
      "median": -1.3216504327327918
    },
    "sdr_db": {
      "mean": -1.7035997752160141,
      "std": 2.070251655844803,
      "min": -7.675396536989798,
      "max": 1.6517866668089674,
      "median": -1.3494046370092012
    },
    "pesq": {
      "mean": 1.7489199805259705,
      "std": 0.22675079206184698,
      "min": 1.2812864780426025,
      "max": 2.4262940883636475,
      "median": 1.7193641066551208
    },
    "stoi": {
      "mean": 0.8219129938286858,
      "std": 0.06510961047154704,
      "min": 0.5996586945017515,
      "max": 0.9034172468199146,
      "median": 0.8427376542378706
    },
    "estoi": {
      "mean": 0.6586702415794704,
      "std": 0.06308569840645784,
      "min": 0.4633421112658211,
      "max": 0.7760961502805509,
      "median": 0.6581264768005524
    }
  },
  "tokens_per_second": {
    "mean": 50.0,
    "std": 2.658607475875344e-15
  },
  "compression_ratio": {
    "mean": 320.0,
    "std": 0.0
  }
}