{
  "language": "yue_hant_hk",
  "dataset": "fleurs",
  "num_samples": 100,
  "metrics": {
    "mse": {
      "mean": 0.01870189709355652,
      "std": 0.015966450820733512,
      "min": 0.004593377817823004,
      "max": 0.07742777585601422,
      "median": 0.01380773214077343
    },
    "snr_db": {
      "mean": -2.138621304031653,
      "std": 1.8494295476375249,
      "min": -8.841881034451895,
      "max": 1.3864120585586457,
      "median": -1.7846156008587544
    },
    "sdr_db": {
      "mean": -2.1789444133791402,
      "std": 2.025163586653625,
      "min": -10.770414243125295,
      "max": 1.1145745420345263,
      "median": -1.6753065982382058
    },
    "pesq": {
      "mean": 1.5263620436191558,
      "std": 0.36767185900750593,
      "min": 1.0246716737747192,
      "max": 2.456789255142212,
      "median": 1.5087870359420776
    },
    "stoi": {
      "mean": 0.6763227302464481,
      "std": 0.11955940868048019,
      "min": 0.37105520802829783,
      "max": 0.8972191751805326,
      "median": 0.6913428100194086
    },
    "estoi": {
      "mean": 0.5197205506727645,
      "std": 0.12605227864121257,
      "min": 0.2965392560389152,
      "max": 0.8332760995007774,
      "median": 0.5245716785643606
    }
  },
  "tokens_per_second": {
    "mean": 50.0,
    "std": 2.5618982671915017e-15
  },
  "compression_ratio": {
    "mean": 320.0,
    "std": 0.0
  }
}