{
  "language": "france",
  "dataset": "eurospeech",
  "num_samples": 100,
  "num_failed": 0,
  "metrics": {
    "mse": {
      "mean": 0.026751532543007325,
      "std": 0.014634365842330068,
      "min": 0.007593411804952735,
      "max": 0.07513706882717647,
      "median": 0.02389917906871465
    },
    "snr_db": {
      "mean": -1.842532554747432,
      "std": 1.6559251405024538,
      "min": -5.8353644252935535,
      "max": 1.7920498395408415,
      "median": -1.5843779839073302
    },
    "sdr_db": {
      "mean": -1.8201960102830748,
      "std": 1.6603711046694551,
      "min": -5.811058794613351,
      "max": 1.6414686312039295,
      "median": -1.596332725072155
    },
    "pesq": {
      "mean": 1.9704706180095672,
      "std": 0.16444449201105799,
      "min": 1.6296961307525635,
      "max": 2.4927711486816406,
      "median": 1.9611143469810486
    },
    "stoi": {
      "mean": 0.861610965551696,
      "std": 0.0206306160458684,
      "min": 0.761004619032697,
      "max": 0.8980333902000665,
      "median": 0.8589781374901857
    },
    "estoi": {
      "mean": 0.7420761135617717,
      "std": 0.03394129003697355,
      "min": 0.6107640146299599,
      "max": 0.8095487012151223,
      "median": 0.7395144171805936
    }
  },
  "tokens_per_second": {
    "mean": 49.970877366214964,
    "std": 0.021997721583826207
  },
  "compression_ratio": {
    "mean": 320.18655553991977,
    "std": 0.14097807341047527
  }
}