{
  "language": "lb_lu",
  "dataset": "fleurs",
  "num_samples": 100,
  "metrics": {
    "mse": {
      "mean": 0.015560907846669659,
      "std": 0.009423544894766739,
      "min": 0.0015199465729154478,
      "max": 0.04579435740048808,
      "median": 0.012355443421030747
    },
    "snr_db": {
      "mean": -1.2072027352622863,
      "std": 2.292278787671843,
      "min": -14.028382183975829,
      "max": 3.58758576076027,
      "median": -1.327810431759802
    },
    "sdr_db": {
      "mean": -1.1515447879066627,
      "std": 2.3826914706173357,
      "min": -16.20085043281031,
      "max": 3.650477912021324,
      "median": -1.3495554792768352
    },
    "pesq": {
      "mean": 1.6969748425483704,
      "std": 0.33232772839360053,
      "min": 1.0539355278015137,
      "max": 2.3367576599121094,
      "median": 1.7986509203910828
    },
    "stoi": {
      "mean": 0.8027523585388778,
      "std": 0.1318346216114806,
      "min": 0.2098139537539631,
      "max": 0.9109304028041411,
      "median": 0.8457178018137161
    },
    "estoi": {
      "mean": 0.66463642278658,
      "std": 0.13493637710817022,
      "min": 0.25666756124466106,
      "max": 0.8062593811344453,
      "median": 0.7015141467848458
    }
  },
  "tokens_per_second": {
    "mean": 50.0,
    "std": 2.3566036520288944e-15
  },
  "compression_ratio": {
    "mean": 320.0,
    "std": 0.0
  }
}