{
  "language": "norway",
  "num_samples": 100,
  "metrics": {
    "mse": {
      "mean": 0.02267350237684874,
      "std": 0.010114618936047443,
      "min": 0.008337892329890661,
      "max": 0.06666781626762229,
      "median": 0.021136079867733373
    },
    "snr_db": {
      "mean": -2.47611823711977,
      "std": 1.6832179119774453,
      "min": -6.962699693338854,
      "max": 0.9409347424024833,
      "median": -2.566913940610232
    },
    "sdr_db": {
      "mean": -2.447000081135842,
      "std": 1.7022681006339977,
      "min": -7.028066228576963,
      "max": 1.1270169731736186,
      "median": -2.520302249422128
    },
    "pesq": {
      "mean": 1.7455346500873565,
      "std": 0.12440509580671584,
      "min": 1.3524831533432007,
      "max": 1.993927240371704,
      "median": 1.7526009678840637
    },
    "stoi": {
      "mean": 0.8261119150642365,
      "std": 0.03560337937650049,
      "min": 0.6543691460651548,
      "max": 0.8670157161355665,
      "median": 0.8365474672892053
    },
    "estoi": {
      "mean": 0.6780685157284038,
      "std": 0.04673567927252003,
      "min": 0.5251840287089153,
      "max": 0.7540970607547614,
      "median": 0.6845871964854373
    }
  },
  "tokens_per_second": {
    "mean": 49.97265354990226,
    "std": 0.02086149657062417
  },
  "compression_ratio": {
    "mean": 320.1751688647984,
    "std": 0.13368946404608636
  }
}