{
  "language": "cmn_hans_cn",
  "dataset": "fleurs",
  "num_samples": 100,
  "metrics": {
    "mse": {
      "mean": 0.018817404967593085,
      "std": 0.01474728593682223,
      "min": 0.00433276796918621,
      "max": 0.08868923784351046,
      "median": 0.01533569174640352
    },
    "snr_db": {
      "mean": -0.518810741350048,
      "std": 2.1677692195772935,
      "min": -6.110854106837133,
      "max": 3.280944587790887,
      "median": -0.1405493325201628
    },
    "sdr_db": {
      "mean": -0.5076923254326202,
      "std": 2.166013491044602,
      "min": -6.125319076415103,
      "max": 2.887758547064898,
      "median": -0.10724637427369388
    },
    "pesq": {
      "mean": 1.9113037288188934,
      "std": 0.2652296716651377,
      "min": 1.302589774131775,
      "max": 2.540295362472534,
      "median": 1.9296536445617676
    },
    "stoi": {
      "mean": 0.8033184532429613,
      "std": 0.08330312045931837,
      "min": 0.5964133462300389,
      "max": 0.9003972001238756,
      "median": 0.8387133622552014
    },
    "estoi": {
      "mean": 0.6702745421133655,
      "std": 0.11096172789091205,
      "min": 0.39785758521542985,
      "max": 0.8219553105454538,
      "median": 0.6986614605585306
    }
  },
  "tokens_per_second": {
    "mean": 50.0,
    "std": 2.1316282072803005e-15
  },
  "compression_ratio": {
    "mean": 320.0,
    "std": 0.0
  }
}