{
  "language": "portugal",
  "dataset": "eurospeech",
  "num_samples": 100,
  "num_failed": 0,
  "metrics": {
    "mse": {
      "mean": 0.017838075139464487,
      "std": 0.0106533658436472,
      "min": 0.0026297893712992374,
      "max": 0.06059480748425606,
      "median": 0.01390569927945911
    },
    "snr_db": {
      "mean": -2.359293781373312,
      "std": 1.6511318429115969,
      "min": -5.90131740044026,
      "max": 0.4992623611958287,
      "median": -1.787497247398886
    },
    "sdr_db": {
      "mean": -2.335236561238337,
      "std": 1.6514099554030144,
      "min": -5.867520531015656,
      "max": 0.5500101098449878,
      "median": -1.8327115658354738
    },
    "pesq": {
      "mean": 1.8455259716510772,
      "std": 0.11840580391018093,
      "min": 1.5329539775848389,
      "max": 2.07950496673584,
      "median": 1.8555496335029602
    },
    "stoi": {
      "mean": 0.7983195982460362,
      "std": 0.04198260553874117,
      "min": 0.5434691820063423,
      "max": 0.8541753832062169,
      "median": 0.800917690532323
    },
    "estoi": {
      "mean": 0.5919657818812093,
      "std": 0.04423554985226401,
      "min": 0.34433776113085207,
      "max": 0.682965125177774,
      "median": 0.5915197061006854
    }
  },
  "tokens_per_second": {
    "mean": 49.9677010527946,
    "std": 0.020542896109530615
  },
  "compression_ratio": {
    "mean": 320.2069010118451,
    "std": 0.13166604919544517
  }
}