{
  "language": "hi_in",
  "dataset": "fleurs",
  "num_samples": 100,
  "metrics": {
    "mse": {
      "mean": 0.022141969054531443,
      "std": 0.016182296389296923,
      "min": 0.0027434974732053483,
      "max": 0.09862124095114923,
      "median": 0.01702108244697275
    },
    "snr_db": {
      "mean": -1.2003804496886035,
      "std": 2.1524784725417,
      "min": -6.615605916966871,
      "max": 2.719261581896966,
      "median": -0.9829247840825917
    },
    "sdr_db": {
      "mean": -1.1632798411797478,
      "std": 2.1811477942144935,
      "min": -6.606261382799999,
      "max": 2.8617661081645953,
      "median": -0.8631536955210876
    },
    "pesq": {
      "mean": 1.828665816783905,
      "std": 0.28676735652524593,
      "min": 1.2720935344696045,
      "max": 2.4896650314331055,
      "median": 1.8012605905532837
    },
    "stoi": {
      "mean": 0.766722305943714,
      "std": 0.07364111448064296,
      "min": 0.6127826619372736,
      "max": 0.8926924013468847,
      "median": 0.7591817231307947
    },
    "estoi": {
      "mean": 0.6036730650658536,
      "std": 0.10245019894574409,
      "min": 0.42324849773503054,
      "max": 0.7961203039650366,
      "median": 0.6014787172888401
    }
  },
  "tokens_per_second": {
    "mean": 50.0,
    "std": 2.5618982671915017e-15
  },
  "compression_ratio": {
    "mean": 320.0,
    "std": 0.0
  }
}