{
  "language": "jazz",
  "dataset": "gtzan",
  "num_samples": 25,
  "num_failed": 0,
  "metrics": {
    "mse": {
      "mean": 0.02981924436669383,
      "std": 0.014732555487590327,
      "min": 0.012302065707162337,
      "max": 0.07224453568756785,
      "median": 0.023755814449814106
    },
    "snr_db": {
      "mean": -2.812708576551241,
      "std": 0.6418774222433863,
      "min": -4.155626005970509,
      "max": -1.775296337586831,
      "median": -2.7859089915334896
    },
    "sdr_db": {
      "mean": -2.8033733568354724,
      "std": 0.6737399100580246,
      "min": -4.221210915582197,
      "max": -1.5808470400818289,
      "median": -2.7409791768147604
    },
    "pesq": {
      "mean": 1.1115755081176757,
      "std": 0.05743502178244423,
      "min": 1.0393937826156616,
      "max": 1.226362705230713,
      "median": 1.0935605764389038
    },
    "stoi": {
      "mean": 0.4976759357036605,
      "std": 0.09145087606169662,
      "min": 0.33135427097946424,
      "max": 0.6614485066801955,
      "median": 0.49928242766935094
    },
    "estoi": {
      "mean": 0.32219245540461494,
      "std": 0.05320121146260324,
      "min": 0.21621994812795967,
      "max": 0.427269093584617,
      "median": 0.31868415530674543
    }
  },
  "tokens_per_second": {
    "mean": 49.97778764993337,
    "std": 0.0
  },
  "compression_ratio": {
    "mean": 441.1960000000001,
    "std": 5.684341886080802e-14
  }
}