{
  "language": "ca_es",
  "dataset": "fleurs",
  "num_samples": 100,
  "metrics": {
    "mse": {
      "mean": 0.020701541594184834,
      "std": 0.016214416422933906,
      "min": 0.0050122183127764485,
      "max": 0.07406669544647045,
      "median": 0.013440385186653001
    },
    "snr_db": {
      "mean": -1.0272562705878636,
      "std": 2.329726891036451,
      "min": -8.954509588828614,
      "max": 3.59139157608644,
      "median": -1.0911334774754011
    },
    "sdr_db": {
      "mean": -1.0303719757006484,
      "std": 2.3383614012862157,
      "min": -10.390509253454612,
      "max": 3.472093835506608,
      "median": -1.1421777543775993
    },
    "pesq": {
      "mean": 1.7911053442955016,
      "std": 0.29757598336948915,
      "min": 1.114817500114441,
      "max": 2.4341416358947754,
      "median": 1.764153242111206
    },
    "stoi": {
      "mean": 0.7828894212177195,
      "std": 0.10425214813735219,
      "min": 0.4900424313987844,
      "max": 0.8991499711004598,
      "median": 0.8115817764320884
    },
    "estoi": {
      "mean": 0.647893720401684,
      "std": 0.12229731172641464,
      "min": 0.381993311903454,
      "max": 0.8240014096251638,
      "median": 0.6507461451736305
    }
  },
  "tokens_per_second": {
    "mean": 50.0,
    "std": 2.5618982671915017e-15
  },
  "compression_ratio": {
    "mean": 320.0,
    "std": 0.0
  }
}