{
  "language": "NatureLM",
  "dataset": "naturelm",
  "num_samples": 100,
  "num_failed": 0,
  "metrics": {
    "mse": {
      "mean": 0.11620246050265552,
      "std": 0.1635682975663241,
      "min": 0.004606613869393749,
      "max": 0.804918211570086,
      "median": 0.048380555831751354
    },
    "snr_db": {
      "mean": -1.7822234188458872,
      "std": 1.688154940963426,
      "min": -7.061138025749107,
      "max": 5.313369908032043,
      "median": -1.7286685629347873
    },
    "sdr_db": {
      "mean": NaN,
      "std": NaN,
      "min": NaN,
      "max": NaN,
      "median": NaN
    },
    "pesq": {
      "mean": 1.274745664377322,
      "std": 0.2889447435128489,
      "min": 1.0257487297058105,
      "max": 2.153458833694458,
      "median": 1.1667354106903076
    },
    "stoi": {
      "mean": 0.33370426854459967,
      "std": 0.2089447424170636,
      "min": 1e-05,
      "max": 0.8571898118868878,
      "median": 0.26926172897545564
    },
    "estoi": {
      "mean": 0.21523586674795347,
      "std": 0.14300004098671018,
      "min": -0.0319192023702494,
      "max": 0.7244291059162673,
      "median": 0.1657964865879269
    }
  },
  "tokens_per_second": {
    "mean": 49.924239578096014,
    "std": 0.16995013864455816
  },
  "compression_ratio": {
    "mean": 320.4893532228603,
    "std": 1.1018213210654115
  }
}