{
  "language": "be_by",
  "dataset": "fleurs",
  "num_samples": 100,
  "metrics": {
    "mse": {
      "mean": 0.023889611620244004,
      "std": 0.013353674969600571,
      "min": 0.005520236349907716,
      "max": 0.060892309943107535,
      "median": 0.019995476322414166
    },
    "snr_db": {
      "mean": -3.016927214169871,
      "std": 1.8159756991935798,
      "min": -9.854642270508618,
      "max": 1.1715107829348288,
      "median": -2.924041250730495
    },
    "sdr_db": {
      "mean": -3.0110785239007303,
      "std": 1.82414247309638,
      "min": -9.776997355598372,
      "max": 1.179878082573158,
      "median": -2.910466503018074
    },
    "pesq": {
      "mean": 1.6463300585746765,
      "std": 0.33797360392033254,
      "min": 1.1025347709655762,
      "max": 2.4187772274017334,
      "median": 1.6193401217460632
    },
    "stoi": {
      "mean": 0.7936303794963506,
      "std": 0.05368264204712342,
      "min": 0.6587940298704149,
      "max": 0.893339757380666,
      "median": 0.8023940838319494
    },
    "estoi": {
      "mean": 0.6491871679359974,
      "std": 0.0588625609951173,
      "min": 0.472628076246012,
      "max": 0.7901389181875047,
      "median": 0.6502773516169957
    }
  },
  "tokens_per_second": {
    "mean": 50.0,
    "std": 2.658607475875344e-15
  },
  "compression_ratio": {
    "mean": 320.0,
    "std": 0.0
  }
}