{
  "language": "WavCaps",
  "dataset": "naturelm",
  "num_samples": 97,
  "num_failed": 3,
  "metrics": {
    "mse": {
      "mean": 0.0322861277087134,
      "std": 0.0436637411200684,
      "min": 0.00030653778313514057,
      "max": 0.23670992961795187,
      "median": 0.017162495935206613
    },
    "snr_db": {
      "mean": -2.390556096219716,
      "std": 1.5691644368629951,
      "min": -10.792086265341263,
      "max": 1.2792354255636682,
      "median": -2.2179190987239794
    },
    "sdr_db": {
      "mean": -2.504011442679179,
      "std": 1.7686217479180402,
      "min": -12.397054076363771,
      "max": 1.1841786641310994,
      "median": -2.2003206649231437
    },
    "pesq": {
      "mean": 1.3565486080043918,
      "std": 0.20781577902631612,
      "min": 1.0213969945907593,
      "max": 1.9998621940612793,
      "median": 1.3089396953582764
    },
    "stoi": {
      "mean": 0.45683456863311217,
      "std": 0.19332959839146624,
      "min": 0.006441662844204441,
      "max": 0.8870263097040295,
      "median": 0.43965961961712924
    },
    "estoi": {
      "mean": 0.27129521387311883,
      "std": 0.11662205597679433,
      "min": 0.0009623159721921958,
      "max": 0.7201510878821464,
      "median": 0.24683982390367173
    }
  },
  "tokens_per_second": {
    "mean": 49.95107535294241,
    "std": 0.08695880953584816
  },
  "compression_ratio": {
    "mean": 320.31440092610785,
    "std": 0.5609290247667708
  }
}