{
  "language": "mk_mk",
  "dataset": "fleurs",
  "num_samples": 100,
  "metrics": {
    "mse": {
      "mean": 0.013103304111613083,
      "std": 0.007247801461018591,
      "min": 0.004625628216964274,
      "max": 0.040749656440499785,
      "median": 0.011586795742871078
    },
    "snr_db": {
      "mean": -0.13001323702618045,
      "std": 3.791936672762284,
      "min": -19.59074635108233,
      "max": 4.0741628884893375,
      "median": 0.9781113619233852
    },
    "sdr_db": {
      "mean": -0.0967531999507683,
      "std": 3.802001510838994,
      "min": -19.65002640040671,
      "max": 4.024672228176914,
      "median": 1.1515349360871305
    },
    "pesq": {
      "mean": 1.937136263847351,
      "std": 0.21421696583741562,
      "min": 1.3346118927001953,
      "max": 2.379267454147339,
      "median": 1.9640758037567139
    },
    "stoi": {
      "mean": 0.8360242601036088,
      "std": 0.03780436811877047,
      "min": 0.7178164952288841,
      "max": 0.8908368310056594,
      "median": 0.8438064244899934
    },
    "estoi": {
      "mean": 0.6762127713013587,
      "std": 0.06572454736309781,
      "min": 0.5197146536405495,
      "max": 0.7996896270444042,
      "median": 0.6757157935107092
    }
  },
  "tokens_per_second": {
    "mean": 50.0,
    "std": 2.5618982671915017e-15
  },
  "compression_ratio": {
    "mean": 320.0,
    "std": 0.0
  }
}