{
  "language": "rock",
  "dataset": "gtzan",
  "num_samples": 25,
  "num_failed": 0,
  "metrics": {
    "mse": {
      "mean": 0.048724683443871965,
      "std": 0.02365967189198489,
      "min": 0.016287298567655716,
      "max": 0.1315623994534048,
      "median": 0.04219058363638891
    },
    "snr_db": {
      "mean": -1.5797456004537682,
      "std": 0.7567893973400025,
      "min": -3.2332667902865286,
      "max": -0.15531118807343067,
      "median": -1.5719655624985442
    },
    "sdr_db": {
      "mean": -1.5683649112003024,
      "std": 0.7842583189328008,
      "min": -3.2609388408202573,
      "max": -0.09094186821452901,
      "median": -1.5696863057303863
    },
    "pesq": {
      "mean": 1.1495445251464844,
      "std": 0.0546000861800461,
      "min": 1.0391525030136108,
      "max": 1.2467962503433228,
      "median": 1.1595934629440308
    },
    "stoi": {
      "mean": 0.47684601953966377,
      "std": 0.09313723398978947,
      "min": 0.28964278106819735,
      "max": 0.7023722030420594,
      "median": 0.4795627138903152
    },
    "estoi": {
      "mean": 0.335130322035972,
      "std": 0.05196013678406938,
      "min": 0.22777430548426197,
      "max": 0.45416011605750006,
      "median": 0.3242876568764195
    }
  },
  "tokens_per_second": {
    "mean": 49.97867614393603,
    "std": 0.004352713892105821
  },
  "compression_ratio": {
    "mean": 441.18816000000004,
    "std": 0.038407999166845404
  }
}