{
  "language": "vi_vn",
  "dataset": "fleurs",
  "num_samples": 100,
  "metrics": {
    "mse": {
      "mean": 0.016975951725207092,
      "std": 0.011157296927511785,
      "min": 0.0035742601674258055,
      "max": 0.04814451022521119,
      "median": 0.01428886527385847
    },
    "snr_db": {
      "mean": -2.8399911510596643,
      "std": 1.9261249975316084,
      "min": -11.964862076828595,
      "max": 0.8434240066392105,
      "median": -2.516537337889975
    },
    "sdr_db": {
      "mean": -3.379620188232693,
      "std": 2.5034705107243185,
      "min": -12.143479722350396,
      "max": 1.156068702553137,
      "median": -2.7805872031358625
    },
    "pesq": {
      "mean": 1.7311054635047913,
      "std": 0.3566042871219195,
      "min": 1.078322410583496,
      "max": 2.35648512840271,
      "median": 1.788927674293518
    },
    "stoi": {
      "mean": 0.804491885844575,
      "std": 0.08391238514418549,
      "min": 0.5918869548546523,
      "max": 0.8979203797487626,
      "median": 0.8418901230831062
    },
    "estoi": {
      "mean": 0.6952717760802725,
      "std": 0.10882706502323562,
      "min": 0.4020426124737015,
      "max": 0.8244762772223518,
      "median": 0.736058680204754
    }
  },
  "tokens_per_second": {
    "mean": 50.0,
    "std": 2.658607475875344e-15
  },
  "compression_ratio": {
    "mean": 320.0,
    "std": 0.0
  }
}