{
  "language": "iceland",
  "dataset": "eurospeech",
  "num_samples": 100,
  "num_failed": 0,
  "metrics": {
    "mse": {
      "mean": 0.01741476337052593,
      "std": 0.00680790689210068,
      "min": 0.007113423854312312,
      "max": 0.042349645370603206,
      "median": 0.016333748502199694
    },
    "snr_db": {
      "mean": -2.7824084464416514,
      "std": 0.9391439290104799,
      "min": -4.819073835137002,
      "max": -0.7822927459261819,
      "median": -2.8940022378809562
    },
    "sdr_db": {
      "mean": -2.7493189390508803,
      "std": 0.9232437966311796,
      "min": -4.769206034201008,
      "max": -0.7166556403869512,
      "median": -2.7944134716903513
    },
    "pesq": {
      "mean": 1.8325078392028809,
      "std": 0.14984838043009183,
      "min": 1.4265080690383911,
      "max": 2.194357395172119,
      "median": 1.849519968032837
    },
    "stoi": {
      "mean": 0.7952567048290632,
      "std": 0.04565555965303225,
      "min": 0.6633651601416761,
      "max": 0.8623161852633294,
      "median": 0.8096638520755235
    },
    "estoi": {
      "mean": 0.5933983026006721,
      "std": 0.04022574003796607,
      "min": 0.48058410960726594,
      "max": 0.6690282435839232,
      "median": 0.5962529546438199
    }
  },
  "tokens_per_second": {
    "mean": 49.971081065977614,
    "std": 0.020328968237287512
  },
  "compression_ratio": {
    "mean": 320.1852412858194,
    "std": 0.13027830518437356
  }
}