{
  "language": "bosnia-herzegovina",
  "num_samples": 100,
  "metrics": {
    "mse": {
      "mean": 0.019472499958807617,
      "std": 0.012905828929213487,
      "min": 0.00209013196660869,
      "max": 0.059478261269230025,
      "median": 0.01582583172003091
    },
    "snr_db": {
      "mean": -2.621555197985197,
      "std": 2.0746774669554857,
      "min": -7.7592176817156036,
      "max": 2.408147198359682,
      "median": -2.8636643262044195
    },
    "sdr_db": {
      "mean": -2.6235226163180947,
      "std": 2.038497573269972,
      "min": -8.025477224302023,
      "max": 2.1457310107014758,
      "median": -2.9299719907770134
    },
    "pesq": {
      "mean": 2.0089708590507507,
      "std": 0.16300596634210499,
      "min": 1.5057004690170288,
      "max": 2.3284502029418945,
      "median": 2.0167049169540405
    },
    "stoi": {
      "mean": 0.8320639269134928,
      "std": 0.03933419346993479,
      "min": 0.6758020569023676,
      "max": 0.8849368320881497,
      "median": 0.8408898665005047
    },
    "estoi": {
      "mean": 0.6582000216239641,
      "std": 0.05220288178556304,
      "min": 0.4898689692629705,
      "max": 0.7383862852457697,
      "median": 0.6697893238046602
    }
  },
  "tokens_per_second": {
    "mean": 49.97093016553404,
    "std": 0.019867943009591306
  },
  "compression_ratio": {
    "mean": 320.18620579102907,
    "std": 0.12731821653995823
  }
}