{
  "language": "sw_ke",
  "dataset": "fleurs",
  "num_samples": 100,
  "metrics": {
    "mse": {
      "mean": 0.02039842403419147,
      "std": 0.015613889290462283,
      "min": 0.003067083412821948,
      "max": 0.10597260045734606,
      "median": 0.015095378980529161
    },
    "snr_db": {
      "mean": -1.7958089368435606,
      "std": 2.9816340241759502,
      "min": -12.477481695490322,
      "max": 2.9650559319133984,
      "median": -1.7030583046141217
    },
    "sdr_db": {
      "mean": -1.7864207850004032,
      "std": 3.0971483891585234,
      "min": -14.785251453622678,
      "max": 3.073201472501356,
      "median": -1.537479752105035
    },
    "pesq": {
      "mean": 1.8200223457813263,
      "std": 0.34165069586892816,
      "min": 1.0238070487976074,
      "max": 2.4913978576660156,
      "median": 1.9106049537658691
    },
    "stoi": {
      "mean": 0.7749133997080294,
      "std": 0.09064667123105861,
      "min": 0.3954369507886919,
      "max": 0.8879939537323536,
      "median": 0.7909837439804543
    },
    "estoi": {
      "mean": 0.6375890968239861,
      "std": 0.11602060409295359,
      "min": 0.2933581402967059,
      "max": 0.8160792986507659,
      "median": 0.6499671448123387
    }
  },
  "tokens_per_second": {
    "mean": 50.0,
    "std": 2.461392238570962e-15
  },
  "compression_ratio": {
    "mean": 320.0,
    "std": 0.0
  }
}