{
  "language": "ka_ge",
  "dataset": "fleurs",
  "num_samples": 100,
  "metrics": {
    "mse": {
      "mean": 0.02562951113779693,
      "std": 0.016523382056081646,
      "min": 0.004871047214754691,
      "max": 0.08471994860268538,
      "median": 0.019851113164472266
    },
    "snr_db": {
      "mean": -1.4866520264167193,
      "std": 2.278462292407143,
      "min": -8.553339061516938,
      "max": 2.586899813732439,
      "median": -0.8101877341318113
    },
    "sdr_db": {
      "mean": -1.465919697192846,
      "std": 2.237555494681541,
      "min": -8.460730878138532,
      "max": 2.581727513253232,
      "median": -0.767877978598735
    },
    "pesq": {
      "mean": 1.7093365824222564,
      "std": 0.3148280838742966,
      "min": 1.0608842372894287,
      "max": 2.351486921310425,
      "median": 1.7623171210289001
    },
    "stoi": {
      "mean": 0.7981360036525577,
      "std": 0.08727143039418946,
      "min": 0.5432144454671384,
      "max": 0.8837731590158623,
      "median": 0.8498297255698164
    },
    "estoi": {
      "mean": 0.6656468876198446,
      "std": 0.12469958607199148,
      "min": 0.39100487357547986,
      "max": 0.8060512106770599,
      "median": 0.7314536433723093
    }
  },
  "tokens_per_second": {
    "mean": 50.0,
    "std": 2.7519201823675253e-15
  },
  "compression_ratio": {
    "mean": 320.0,
    "std": 0.0
  }
}