{
  "language": "serbia",
  "num_samples": 100,
  "metrics": {
    "mse": {
      "mean": 0.02126862042563914,
      "std": 0.013971297969535704,
      "min": 0.004802729370814866,
      "max": 0.10809954288391581,
      "median": 0.01766349050674698
    },
    "snr_db": {
      "mean": -1.2059405315182499,
      "std": 1.8935647102762683,
      "min": -5.039219617497261,
      "max": 1.6248351288716945,
      "median": -0.9612369291339429
    },
    "sdr_db": {
      "mean": -1.1828407623432298,
      "std": 1.9079244906551844,
      "min": -5.032390633745488,
      "max": 1.7833179565103274,
      "median": -0.8953557090269748
    },
    "pesq": {
      "mean": 1.9687727963924408,
      "std": 0.1693067617482732,
      "min": 1.3114776611328125,
      "max": 2.30763840675354,
      "median": 1.9743795990943909
    },
    "stoi": {
      "mean": 0.7583509295044923,
      "std": 0.06920719247998142,
      "min": 0.22338108357617756,
      "max": 0.8504189354160622,
      "median": 0.7627781627917847
    },
    "estoi": {
      "mean": 0.5751933056157692,
      "std": 0.06066998305941749,
      "min": 0.1611776128618068,
      "max": 0.6783742600845052,
      "median": 0.5795754054149301
    }
  },
  "tokens_per_second": {
    "mean": 49.977736753383766,
    "std": 0.02517752547588797
  },
  "compression_ratio": {
    "mean": 320.1426296127909,
    "std": 0.16150629054678425
  }
}