{
  "language": "hiphop",
  "dataset": "gtzan",
  "num_samples": 25,
  "num_failed": 0,
  "metrics": {
    "mse": {
      "mean": 0.06153205515398838,
      "std": 0.021071475413383445,
      "min": 0.025252542014752254,
      "max": 0.10217452997107282,
      "median": 0.059628339295429364
    },
    "snr_db": {
      "mean": -0.7919142862543105,
      "std": 0.3823565727045191,
      "min": -1.547408151721993,
      "max": -0.1277190129215531,
      "median": -0.6947803553494372
    },
    "sdr_db": {
      "mean": -0.8184770099839231,
      "std": 0.41351293601584915,
      "min": -1.6826797408074787,
      "max": -0.12762154038758694,
      "median": -0.7216638844176374
    },
    "pesq": {
      "mean": 1.0916440343856813,
      "std": 0.027383345335217843,
      "min": 1.055041790008545,
      "max": 1.1531211137771606,
      "median": 1.090888261795044
    },
    "stoi": {
      "mean": 0.6088790825712257,
      "std": 0.05140205387151125,
      "min": 0.4434091690188456,
      "max": 0.6900613491256401,
      "median": 0.6210425938226588
    },
    "estoi": {
      "mean": 0.41846438227333793,
      "std": 0.0485967748810644,
      "min": 0.32416765142664467,
      "max": 0.5048760785756836,
      "median": 0.4249243664496693
    }
  },
  "tokens_per_second": {
    "mean": 49.9842121075001,
    "std": 0.0097062135357357
  },
  "compression_ratio": {
    "mean": 441.13930982620246,
    "std": 0.08564710649507062
  }
}