{
  "language": "hu_hu",
  "dataset": "fleurs",
  "num_samples": 100,
  "metrics": {
    "mse": {
      "mean": 0.008057173462372834,
      "std": 0.0030714357948573765,
      "min": 0.0024270341985094465,
      "max": 0.017489530761670376,
      "median": 0.0074844195495678435
    },
    "snr_db": {
      "mean": 1.4847913929479082,
      "std": 1.0440070924949303,
      "min": -1.5941584330194993,
      "max": 4.076693354148456,
      "median": 1.4045327906155152
    },
    "sdr_db": {
      "mean": 1.4085138184702657,
      "std": 1.1020041091314325,
      "min": -2.1886836003567414,
      "max": 3.9896083614872717,
      "median": 1.2502213012000194
    },
    "pesq": {
      "mean": 1.6804298770427704,
      "std": 0.2057722252809178,
      "min": 1.127532958984375,
      "max": 2.098665952682495,
      "median": 1.6913728713989258
    },
    "stoi": {
      "mean": 0.6912531344231827,
      "std": 0.14283088685005585,
      "min": 0.36778873638918286,
      "max": 0.8812371367536878,
      "median": 0.722177441260015
    },
    "estoi": {
      "mean": 0.5147998688248051,
      "std": 0.1664090801817055,
      "min": 0.17405011342289287,
      "max": 0.7706806411207726,
      "median": 0.5179940334455522
    }
  },
  "tokens_per_second": {
    "mean": 40.040630363689736,
    "std": 0.033354938084172905
  },
  "compression_ratio": {
    "mean": 399.59438578356145,
    "std": 0.3326815016705195
  }
}