{
  "language": "tr_tr",
  "dataset": "fleurs",
  "num_samples": 100,
  "metrics": {
    "mse": {
      "mean": 0.012098675926557294,
      "std": 0.015823783143284295,
      "min": 0.0013795391271522472,
      "max": 0.12889304090305106,
      "median": 0.008247607552440011
    },
    "snr_db": {
      "mean": 0.7934721208678002,
      "std": 1.8102523306327147,
      "min": -3.4613996312818096,
      "max": 3.6569508280890934,
      "median": 1.4074407732769707
    },
    "sdr_db": {
      "mean": -0.6147820464667366,
      "std": 3.9239511216390484,
      "min": -12.378892363431717,
      "max": 3.7038417137133517,
      "median": 0.824038721647937
    },
    "pesq": {
      "mean": 1.6684545097929058,
      "std": 0.30140399787637434,
      "min": 1.1311638355255127,
      "max": 2.479044198989868,
      "median": 1.6869512796401978
    },
    "stoi": {
      "mean": 0.6720329407145371,
      "std": 0.23215740869921023,
      "min": 1e-05,
      "max": 0.8951257849009017,
      "median": 0.7539286987101255
    },
    "estoi": {
      "mean": 0.5048693724674012,
      "std": 0.2021252630487325,
      "min": 1e-05,
      "max": 0.7724786367642651,
      "median": 0.5696870329236373
    }
  },
  "tokens_per_second": {
    "mean": 40.032195664918184,
    "std": 0.027969755537269384
  },
  "compression_ratio": {
    "mean": 399.67849730211964,
    "std": 0.27912512473955203
  }
}