{
  "language": "rock",
  "dataset": "gtzan",
  "num_samples": 25,
  "metrics": {
    "mse": {
      "mean": 0.03417614617240508,
      "std": 0.01845710841739114,
      "min": 0.00927301007613061,
      "max": 0.10013392834825946,
      "median": 0.02923875073928228
    },
    "snr_db": {
      "mean": 0.0793354886375817,
      "std": 0.34317136728636094,
      "min": -0.4753275573382818,
      "max": 0.8118805113183263,
      "median": -0.0009004598692908887
    },
    "sdr_db": {
      "mean": 0.10173792571548898,
      "std": 0.3626034078467715,
      "min": -0.4543180614375517,
      "max": 0.9213194477195298,
      "median": 0.0009514225031969544
    },
    "pesq": {
      "mean": 1.152217106819153,
      "std": 0.06339031666323819,
      "min": 1.026818037033081,
      "max": 1.2385656833648682,
      "median": 1.1515896320343018
    },
    "stoi": {
      "mean": 0.4150874237966565,
      "std": 0.11513189894049729,
      "min": 0.18143544324104655,
      "max": 0.6780922590019474,
      "median": 0.4048260244015248
    },
    "estoi": {
      "mean": 0.23446018124207021,
      "std": 0.062209879015928275,
      "min": 0.12322393003039138,
      "max": 0.3699977351867468,
      "median": 0.2319854394363229
    }
  },
  "tokens_per_second": {
    "mean": 40.01492669924479,
    "std": 0.003046899724475606
  },
  "compression_ratio": {
    "mean": 551.0443713572023,
    "std": 0.04197377094626991
  }
}