{
  "language": "finland",
  "dataset": "eurospeech",
  "num_samples": 100,
  "metrics": {
    "mse": {
      "mean": 0.02094070339741319,
      "std": 0.01579794434885187,
      "min": 0.0022587225503136496,
      "max": 0.05768445578101224,
      "median": 0.011392690529820056
    },
    "snr_db": {
      "mean": 1.647259105121213,
      "std": 1.2678788717281475,
      "min": -0.8113252272803664,
      "max": 4.446024864318824,
      "median": 1.2694374042545686
    },
    "sdr_db": {
      "mean": 1.410099806326546,
      "std": 1.8219971207213264,
      "min": -10.537128906961643,
      "max": 4.379876501553495,
      "median": 1.2334940960972958
    },
    "pesq": {
      "mean": 1.696930501461029,
      "std": 0.1671062152139043,
      "min": 1.2463573217391968,
      "max": 2.1028411388397217,
      "median": 1.6857473850250244
    },
    "stoi": {
      "mean": 0.7370266141386785,
      "std": 0.1570616104861631,
      "min": 0.03693383017940593,
      "max": 0.8656859367043742,
      "median": 0.7867524703203417
    },
    "estoi": {
      "mean": 0.5387341640909215,
      "std": 0.1378581676163294,
      "min": 0.0378156746425201,
      "max": 0.6966390871957823,
      "median": 0.5693603682029593
    }
  },
  "tokens_per_second": {
    "mean": 40.03346252857733,
    "std": 0.024898287409106337
  },
  "compression_ratio": {
    "mean": 399.6658089590821,
    "std": 0.24848771733968955
  }
}