{
  "language": "uk",
  "dataset": "eurospeech",
  "num_samples": 100,
  "metrics": {
    "mse": {
      "mean": 0.004486870736342985,
      "std": 0.001626419739351053,
      "min": 0.0018092331409379628,
      "max": 0.00923426592042427,
      "median": 0.004407182707337291
    },
    "snr_db": {
      "mean": 1.2674203213649853,
      "std": 0.834492114677267,
      "min": -1.7615500109490334,
      "max": 2.961281640579276,
      "median": 1.3041701423843555
    },
    "sdr_db": {
      "mean": 1.2120461460119936,
      "std": 0.8450837209748499,
      "min": -2.0542944824585883,
      "max": 3.057402473550376,
      "median": 1.2799361941516074
    },
    "pesq": {
      "mean": 1.815208055973053,
      "std": 0.07676067833135095,
      "min": 1.6525757312774658,
      "max": 2.007038116455078,
      "median": 1.8167479634284973
    },
    "stoi": {
      "mean": 0.8225069568981516,
      "std": 0.020145895775885277,
      "min": 0.7505532271211033,
      "max": 0.8673031336787599,
      "median": 0.8244075849601495
    },
    "estoi": {
      "mean": 0.6366421013667457,
      "std": 0.04445270036046708,
      "min": 0.5282895941667388,
      "max": 0.7210154196076561,
      "median": 0.6347819854030115
    }
  },
  "tokens_per_second": {
    "mean": 40.03046735584046,
    "std": 0.021761938697779194
  },
  "compression_ratio": {
    "mean": 399.69567642718533,
    "std": 0.21723662079683376
  }
}