{
  "language": "portugal",
  "dataset": "eurospeech",
  "num_samples": 100,
  "metrics": {
    "mse": {
      "mean": 0.0071355724486229745,
      "std": 0.0025329277603073357,
      "min": 0.0017845807676275223,
      "max": 0.019524598548240676,
      "median": 0.007068154353053798
    },
    "snr_db": {
      "mean": 1.2165381619519944,
      "std": 0.754740439648808,
      "min": -0.25664126480785043,
      "max": 3.187913217807562,
      "median": 1.0038400314255709
    },
    "sdr_db": {
      "mean": 1.1881316902787915,
      "std": 0.787701876168989,
      "min": -0.8803453895768026,
      "max": 3.1981929070672503,
      "median": 1.0167517256692116
    },
    "pesq": {
      "mean": 1.7473584282398225,
      "std": 0.08581371762511382,
      "min": 1.378317952156067,
      "max": 1.897092342376709,
      "median": 1.75240820646286
    },
    "stoi": {
      "mean": 0.7787918915102016,
      "std": 0.047495419842786456,
      "min": 0.5086810777109539,
      "max": 0.8433718620191145,
      "median": 0.7797528023395568
    },
    "estoi": {
      "mean": 0.5407117618477236,
      "std": 0.05306781467017504,
      "min": 0.2778910002985369,
      "max": 0.6404494501079766,
      "median": 0.5391397388630177
    }
  },
  "tokens_per_second": {
    "mean": 40.03207950983256,
    "std": 0.02013353535669028
  },
  "compression_ratio": {
    "mean": 399.67956304718473,
    "std": 0.2009761649372453
  }
}