{
  "language": "estonia",
  "dataset": "eurospeech",
  "num_samples": 100,
  "metrics": {
    "mse": {
      "mean": 0.007696061774960771,
      "std": 0.005123216681590638,
      "min": 0.0013389687141922267,
      "max": 0.029068321958949466,
      "median": 0.00583561437516742
    },
    "snr_db": {
      "mean": 1.596935240848369,
      "std": 1.14752799872062,
      "min": -0.9254497775778203,
      "max": 3.436170870399609,
      "median": 1.9180198768709569
    },
    "sdr_db": {
      "mean": 1.5573794645041341,
      "std": 1.1651327555531765,
      "min": -1.0690415900515524,
      "max": 3.4076322124000757,
      "median": 1.9742084632356052
    },
    "pesq": {
      "mean": 1.7070277690887452,
      "std": 0.21316476650900898,
      "min": 1.2535135746002197,
      "max": 2.2987751960754395,
      "median": 1.7618210315704346
    },
    "stoi": {
      "mean": 0.8028027127466912,
      "std": 0.06042541510388967,
      "min": 0.32145362852781645,
      "max": 0.8587894433283966,
      "median": 0.8199069536359536
    },
    "estoi": {
      "mean": 0.6244556462713914,
      "std": 0.06610056291197827,
      "min": 0.19179391412185037,
      "max": 0.7383273449730584,
      "median": 0.633205238212541
    }
  },
  "tokens_per_second": {
    "mean": 40.03657199016768,
    "std": 0.02353344404292821
  },
  "compression_ratio": {
    "mean": 399.63475221778685,
    "std": 0.23485476451466625
  }
}