{
  "language": "Watkins",
  "dataset": "naturelm",
  "num_samples": 100,
  "num_failed": 0,
  "metrics": {
    "mse": {
      "mean": 0.044502977431596785,
      "std": 0.05057683404361774,
      "min": 0.0022243842155008375,
      "max": 0.3796939658249369,
      "median": 0.03158455554430953
    },
    "snr_db": {
      "mean": -0.6992832955987827,
      "std": 1.6739496422672144,
      "min": -7.350572020626292,
      "max": 3.852772793647286,
      "median": -0.45451976219661544
    },
    "sdr_db": {
      "mean": -0.6982567318472988,
      "std": 1.6601313196603702,
      "min": -7.350572012512839,
      "max": 3.745810480444929,
      "median": -0.4196974978845176
    },
    "pesq": {
      "mean": 1.2630092970530191,
      "std": 0.25839716023059545,
      "min": 1.017454981803894,
      "max": 2.573183536529541,
      "median": 1.197719693183899
    },
    "stoi": {
      "mean": 0.20985837359846177,
      "std": 0.13852946455819368,
      "min": 1e-05,
      "max": 0.6243857408477492,
      "median": 0.18954628769215237
    },
    "estoi": {
      "mean": 0.08829560042752921,
      "std": 0.0678201653930046,
      "min": -0.05271726572039619,
      "max": 0.3210717759892686,
      "median": 0.08315244332307133
    }
  },
  "tokens_per_second": {
    "mean": 40.345695140374715,
    "std": 0.43866988388834005
  },
  "compression_ratio": {
    "mean": 396.6179067524682,
    "std": 4.16204212678563
  }
}