{
  "language": "lb_lu",
  "dataset": "fleurs",
  "num_samples": 100,
  "metrics": {
    "mse": {
      "mean": 0.010005183093049416,
      "std": 0.0053340917303505405,
      "min": 0.0008269771174531204,
      "max": 0.030877226758313003,
      "median": 0.008375841079184765
    },
    "snr_db": {
      "mean": 0.5989330667609292,
      "std": 1.8026689917230192,
      "min": -6.815638443550892,
      "max": 4.21626026565184,
      "median": 0.7208385586452167
    },
    "sdr_db": {
      "mean": 0.5177504690503885,
      "std": 1.9481094296432913,
      "min": -8.417374769366843,
      "max": 3.8533311073920187,
      "median": 0.634465354339375
    },
    "pesq": {
      "mean": 1.5328617095947266,
      "std": 0.2839287522020619,
      "min": 1.0424203872680664,
      "max": 2.109670877456665,
      "median": 1.6225073337554932
    },
    "stoi": {
      "mean": 0.7743982595906206,
      "std": 0.11629855016864701,
      "min": 0.30600607033964683,
      "max": 0.8917685869216136,
      "median": 0.8033494465919719
    },
    "estoi": {
      "mean": 0.5898186958574966,
      "std": 0.15324701557399348,
      "min": 0.10465861401079977,
      "max": 0.7796903328567043,
      "median": 0.6328048272250206
    }
  },
  "tokens_per_second": {
    "mean": 40.032143226940796,
    "std": 0.03250823359559813
  },
  "compression_ratio": {
    "mean": 399.6790890699121,
    "std": 0.3241784820578884
  }
}