{
  "language": "en_us",
  "dataset": "fleurs",
  "num_samples": 100,
  "metrics": {
    "mse": {
      "mean": 0.0076325333311866115,
      "std": 0.004240267136188262,
      "min": 0.0018245724176138,
      "max": 0.019085535709319094,
      "median": 0.0062730688518650435
    },
    "snr_db": {
      "mean": 1.5385842901323912,
      "std": 1.5979329315402893,
      "min": -1.7100106085184463,
      "max": 4.498573516592726,
      "median": 1.817541052700915
    },
    "sdr_db": {
      "mean": 1.5651692838598723,
      "std": 1.5669367424863705,
      "min": -1.6035658863799824,
      "max": 4.77041259490072,
      "median": 1.8167961833021007
    },
    "pesq": {
      "mean": 1.6668778991699218,
      "std": 0.2957759475835246,
      "min": 1.0533602237701416,
      "max": 2.2929818630218506,
      "median": 1.7122694849967957
    },
    "stoi": {
      "mean": 0.7765407343758409,
      "std": 0.09715125770696618,
      "min": 0.503160654094204,
      "max": 0.8903703654244739,
      "median": 0.8116705551702628
    },
    "estoi": {
      "mean": 0.6147669800755947,
      "std": 0.13166043531958999,
      "min": 0.33116736472267816,
      "max": 0.7938811788966357,
      "median": 0.6511547334373212
    }
  },
  "tokens_per_second": {
    "mean": 40.04132865610886,
    "std": 0.032675715215708695
  },
  "compression_ratio": {
    "mean": 399.5874060039412,
    "std": 0.3259500235137435
  }
}