{
  "language": "id_id",
  "dataset": "fleurs",
  "num_samples": 100,
  "metrics": {
    "mse": {
      "mean": 0.011959514435855904,
      "std": 0.00738199335637708,
      "min": 0.0029852043187934647,
      "max": 0.03549047541176743,
      "median": 0.009091103478008768
    },
    "snr_db": {
      "mean": 1.8560492470221084,
      "std": 1.2549757461377304,
      "min": -2.6121189292794122,
      "max": 3.9601978902426502,
      "median": 2.004236306668574
    },
    "sdr_db": {
      "mean": 1.8557046414683445,
      "std": 1.2717645534941706,
      "min": -2.7782329058375077,
      "max": 4.088752483414204,
      "median": 2.043393085828023
    },
    "pesq": {
      "mean": 1.6531849277019501,
      "std": 0.24302292842785553,
      "min": 1.057554841041565,
      "max": 2.220397710800171,
      "median": 1.6595418453216553
    },
    "stoi": {
      "mean": 0.7269884249616472,
      "std": 0.10704524441716443,
      "min": 0.3942273695968217,
      "max": 0.8841108716823991,
      "median": 0.7403554251618932
    },
    "estoi": {
      "mean": 0.5494659295625918,
      "std": 0.1290918917266296,
      "min": 0.19851532377074654,
      "max": 0.7729560453322972,
      "median": 0.5600078512431186
    }
  },
  "tokens_per_second": {
    "mean": 40.036127259698034,
    "std": 0.03533225532005318
  },
  "compression_ratio": {
    "mean": 399.6393640423339,
    "std": 0.3519959485962987
  }
}