{
  "language": "hiphop",
  "dataset": "gtzan",
  "num_samples": 25,
  "metrics": {
    "mse": {
      "mean": 0.04616451965459802,
      "std": 0.016753788301576162,
      "min": 0.019689934789168726,
      "max": 0.08237497597641819,
      "median": 0.04326333701236643
    },
    "snr_db": {
      "mean": 0.49862639226946825,
      "std": 0.5960239019532746,
      "min": -0.35062315448159137,
      "max": 2.434745772205173,
      "median": 0.35688974885222846
    },
    "sdr_db": {
      "mean": 0.4747179835051473,
      "std": 0.5717247701170248,
      "min": -0.3262465308999976,
      "max": 2.279956096699385,
      "median": 0.35929725163428444
    },
    "pesq": {
      "mean": 1.0985375356674194,
      "std": 0.02854942847204672,
      "min": 1.0268402099609375,
      "max": 1.174931287765503,
      "median": 1.0935410261154175
    },
    "stoi": {
      "mean": 0.5837832825465514,
      "std": 0.07520035631385691,
      "min": 0.3532963614564559,
      "max": 0.6874871722905678,
      "median": 0.5947464615588486
    },
    "estoi": {
      "mean": 0.3406982395065131,
      "std": 0.0663945116943631,
      "min": 0.19077913067205243,
      "max": 0.4551013500918376,
      "median": 0.3573412445474688
    }
  },
  "tokens_per_second": {
    "mean": 40.02041006338428,
    "std": 0.008364467326933921
  },
  "compression_ratio": {
    "mean": 550.9688913273295,
    "std": 0.11514037976881661
  }
}