{
  "language": "ka_ge",
  "dataset": "fleurs",
  "num_samples": 100,
  "metrics": {
    "mse": {
      "mean": 0.012440096507153052,
      "std": 0.011700572480965472,
      "min": 0.001823980285142135,
      "max": 0.06820605836823354,
      "median": 0.008320807251073533
    },
    "snr_db": {
      "mean": 2.037779553176143,
      "std": 1.7386260887878697,
      "min": -6.909135293240877,
      "max": 5.3239193293196045,
      "median": 2.3133065451773014
    },
    "sdr_db": {
      "mean": 1.8320879290463068,
      "std": 1.7113464192954952,
      "min": -6.655208880166852,
      "max": 4.867573101263392,
      "median": 1.9557905121406005
    },
    "pesq": {
      "mean": 1.523870245218277,
      "std": 0.21928878565457788,
      "min": 1.0310665369033813,
      "max": 2.012331962585449,
      "median": 1.549454689025879
    },
    "stoi": {
      "mean": 0.7680624794666846,
      "std": 0.09936545034629156,
      "min": 0.4943340418329148,
      "max": 0.8826444236842617,
      "median": 0.8271816634354732
    },
    "estoi": {
      "mean": 0.6138188458744377,
      "std": 0.13887459552944706,
      "min": 0.3052798525803937,
      "max": 0.7863126072654762,
      "median": 0.6914222171599153
    }
  },
  "tokens_per_second": {
    "mean": 40.03646957276201,
    "std": 0.03068714116091764
  },
  "compression_ratio": {
    "mean": 399.63587106933466,
    "std": 0.3060650037777529
  }
}