{
  "language": "ca_es",
  "dataset": "fleurs",
  "num_samples": 100,
  "metrics": {
    "mse": {
      "mean": 0.010899706447720788,
      "std": 0.0063066209223915995,
      "min": 0.0020553356205570564,
      "max": 0.03381229869671892,
      "median": 0.008870711398661975
    },
    "snr_db": {
      "mean": 1.279537111070249,
      "std": 1.8767914205974119,
      "min": -5.266341837817864,
      "max": 4.613490244508787,
      "median": 1.7151302782454703
    },
    "sdr_db": {
      "mean": 1.0468784127057886,
      "std": 2.287091303025563,
      "min": -5.7231074927039565,
      "max": 4.5941157233098,
      "median": 1.7355469566964215
    },
    "pesq": {
      "mean": 1.6676971578598023,
      "std": 0.2680227014667227,
      "min": 1.1179821491241455,
      "max": 2.231745958328247,
      "median": 1.6748812794685364
    },
    "stoi": {
      "mean": 0.7480393133941148,
      "std": 0.12225517848709763,
      "min": 0.3899147744696181,
      "max": 0.8843046204924215,
      "median": 0.7816254033940815
    },
    "estoi": {
      "mean": 0.5951723727576034,
      "std": 0.1389473391728877,
      "min": 0.2847904661639637,
      "max": 0.7902540462503908,
      "median": 0.6060510909476718
    }
  },
  "tokens_per_second": {
    "mean": 40.0382903719257,
    "std": 0.03090273663047573
  },
  "compression_ratio": {
    "mean": 399.61770042995386,
    "std": 0.308308619897275
  }
}