{
  "language": "bosnia-herzegovina",
  "dataset": "eurospeech",
  "num_samples": 100,
  "metrics": {
    "mse": {
      "mean": 0.007104160912016055,
      "std": 0.0033545000447450226,
      "min": 0.0015278212707010167,
      "max": 0.016718847753854606,
      "median": 0.006943394181920285
    },
    "snr_db": {
      "mean": 1.3166160446239619,
      "std": 0.8294548198313156,
      "min": -0.402522869479492,
      "max": 3.5840997013061493,
      "median": 1.1561392034000408
    },
    "sdr_db": {
      "mean": 1.201715591485415,
      "std": 0.9187115384097269,
      "min": -0.7479164192942983,
      "max": 3.567430444019775,
      "median": 1.0630424013926447
    },
    "pesq": {
      "mean": 1.777841625213623,
      "std": 0.15649893664359107,
      "min": 1.4488911628723145,
      "max": 2.0783498287200928,
      "median": 1.7961578965187073
    },
    "stoi": {
      "mean": 0.7975863279656756,
      "std": 0.05114434348694573,
      "min": 0.611466486090057,
      "max": 0.872042563499553,
      "median": 0.812493546604906
    },
    "estoi": {
      "mean": 0.5848157682630847,
      "std": 0.06769034332721678,
      "min": 0.38046085372631205,
      "max": 0.7032655964986845,
      "median": 0.5896579867694025
    }
  },
  "tokens_per_second": {
    "mean": 40.03168180661778,
    "std": 0.02040061340893573
  },
  "compression_ratio": {
    "mean": 399.6835364531239,
    "std": 0.20365249412522976
  }
}