{
  "language": "vi_vn",
  "dataset": "fleurs",
  "num_samples": 100,
  "metrics": {
    "mse": {
      "mean": 0.009744596732509396,
      "std": 0.0095734833804615,
      "min": 0.0008520347236054917,
      "max": 0.04528814504657789,
      "median": 0.006076906052580477
    },
    "snr_db": {
      "mean": 0.20409577415268615,
      "std": 1.7196002092791485,
      "min": -3.4299298285341786,
      "max": 4.712970546235424,
      "median": 0.061559275223066603
    },
    "sdr_db": {
      "mean": 0.09365115939749769,
      "std": 1.8721755246471468,
      "min": -4.738870002485679,
      "max": 4.692944376623978,
      "median": 0.12885270990275421
    },
    "pesq": {
      "mean": 1.5616278648376465,
      "std": 0.27887023661459487,
      "min": 1.0746097564697266,
      "max": 2.1234729290008545,
      "median": 1.6067630052566528
    },
    "stoi": {
      "mean": 0.7791899854661867,
      "std": 0.0801867339326464,
      "min": 0.5409042538088707,
      "max": 0.885545783837547,
      "median": 0.8051825037625253
    },
    "estoi": {
      "mean": 0.6365545581043935,
      "std": 0.12049058448764073,
      "min": 0.34543536708254297,
      "max": 0.7887223500195241,
      "median": 0.6943572507999347
    }
  },
  "tokens_per_second": {
    "mean": 40.0349720636314,
    "std": 0.028276422213816498
  },
  "compression_ratio": {
    "mean": 399.65078414199974,
    "std": 0.28215508636382614
  }
}