{
  "language": "cs_cz",
  "dataset": "fleurs",
  "num_samples": 100,
  "metrics": {
    "mse": {
      "mean": 0.011642704243142907,
      "std": 0.007050938174502844,
      "min": 0.000784763683676856,
      "max": 0.028002468288102256,
      "median": 0.008752679317862284
    },
    "snr_db": {
      "mean": 0.7965174653221244,
      "std": 2.5656328967193325,
      "min": -4.443312760585366,
      "max": 5.396579074194337,
      "median": 0.07678578222513364
    },
    "sdr_db": {
      "mean": 0.7948339085885469,
      "std": 2.566932688049616,
      "min": -4.368221646500631,
      "max": 5.6072835236206515,
      "median": 0.09624080774040886
    },
    "pesq": {
      "mean": 1.489600373506546,
      "std": 0.33599062156993875,
      "min": 1.095661997795105,
      "max": 2.382415294647217,
      "median": 1.3133898377418518
    },
    "stoi": {
      "mean": 0.7493834269420603,
      "std": 0.09360458615088972,
      "min": 0.4715247860603315,
      "max": 0.8899926822486042,
      "median": 0.7544285118280848
    },
    "estoi": {
      "mean": 0.5804881645473338,
      "std": 0.1281203212813021,
      "min": 0.2828427934610409,
      "max": 0.8011588911665793,
      "median": 0.5955970745243715
    }
  },
  "tokens_per_second": {
    "mean": 40.03193088316985,
    "std": 0.02862316349338944
  },
  "compression_ratio": {
    "mean": 399.68115009297117,
    "std": 0.28563685657046894
  }
}