{
  "language": "ta_in",
  "dataset": "fleurs",
  "num_samples": 100,
  "metrics": {
    "mse": {
      "mean": 0.013552361824043742,
      "std": 0.010951733909352909,
      "min": 0.0011024595113817033,
      "max": 0.08807931176353034,
      "median": 0.011805262311812517
    },
    "snr_db": {
      "mean": 2.155870775473919,
      "std": 2.3653398210552594,
      "min": -14.402786748848166,
      "max": 5.866149965384347,
      "median": 2.4956335120967705
    },
    "sdr_db": {
      "mean": 2.1922000495985627,
      "std": 2.371277541249594,
      "min": -14.137327246230441,
      "max": 5.857447108893639,
      "median": 2.4815695152582693
    },
    "pesq": {
      "mean": 1.7592522192001343,
      "std": 0.28559292011958165,
      "min": 1.053475022315979,
      "max": 2.2884435653686523,
      "median": 1.7990339994430542
    },
    "stoi": {
      "mean": 0.7666844947908991,
      "std": 0.11478907148184431,
      "min": 0.3108073344282541,
      "max": 0.8779833556743561,
      "median": 0.8127367386517665
    },
    "estoi": {
      "mean": 0.6183711746738738,
      "std": 0.14378636824667146,
      "min": 0.16789572506761916,
      "max": 0.7895349263209314,
      "median": 0.6699869895468522
    }
  },
  "tokens_per_second": {
    "mean": 40.03614772156926,
    "std": 0.029806256797868386
  },
  "compression_ratio": {
    "mean": 399.63907054501993,
    "std": 0.2973756415443316
  }
}