{
  "language": "he_il",
  "dataset": "fleurs",
  "num_samples": 100,
  "metrics": {
    "mse": {
      "mean": 0.010512508747970528,
      "std": 0.006095634169490329,
      "min": 0.001811601177498637,
      "max": 0.026444615390097348,
      "median": 0.009392052697888831
    },
    "snr_db": {
      "mean": 2.0319116242748665,
      "std": 1.4478819747427343,
      "min": -4.099099642729332,
      "max": 5.169103986463311,
      "median": 2.2161483016697625
    },
    "sdr_db": {
      "mean": 2.057950066760322,
      "std": 1.4694652388674119,
      "min": -4.153688741456823,
      "max": 5.011557427008285,
      "median": 2.303442605050514
    },
    "pesq": {
      "mean": 1.6538531577587128,
      "std": 0.3073679500269346,
      "min": 1.023172378540039,
      "max": 2.4165573120117188,
      "median": 1.637950360774994
    },
    "stoi": {
      "mean": 0.7333426643730908,
      "std": 0.09935402910532755,
      "min": 0.510261769668441,
      "max": 0.9082907515024297,
      "median": 0.7311044779840583
    },
    "estoi": {
      "mean": 0.5497521634145183,
      "std": 0.12109732122033605,
      "min": 0.2961239161315853,
      "max": 0.7748540749772064,
      "median": 0.5505585424661792
    }
  },
  "tokens_per_second": {
    "mean": 40.04020371515382,
    "std": 0.03582840389577492
  },
  "compression_ratio": {
    "mean": 399.5986860643731,
    "std": 0.3571006086262045
  }
}