{
  "language": "gl_es",
  "dataset": "fleurs",
  "num_samples": 100,
  "metrics": {
    "mse": {
      "mean": 0.0074038171432420875,
      "std": 0.0025929467246396808,
      "min": 0.002502372712043413,
      "max": 0.01358408964919397,
      "median": 0.006912877795689887
    },
    "snr_db": {
      "mean": 2.3045251182944004,
      "std": 1.3389157639985667,
      "min": -0.38928521155429113,
      "max": 4.839259122125973,
      "median": 2.0950636820766544
    },
    "sdr_db": {
      "mean": 2.254028608518853,
      "std": 1.3811854621631132,
      "min": -0.9203398083428427,
      "max": 4.910655478503996,
      "median": 2.0575696975864535
    },
    "pesq": {
      "mean": 1.9183026027679444,
      "std": 0.17240482036888588,
      "min": 1.4712711572647095,
      "max": 2.409266710281372,
      "median": 1.925346314907074
    },
    "stoi": {
      "mean": 0.8193408115437479,
      "std": 0.07193223282778943,
      "min": 0.5212103885945365,
      "max": 0.8883437208202142,
      "median": 0.8471067872738973
    },
    "estoi": {
      "mean": 0.6799652914477456,
      "std": 0.07794648116785466,
      "min": 0.3747074174961547,
      "max": 0.7618307007810978,
      "median": 0.7078583473886577
    }
  },
  "tokens_per_second": {
    "mean": 40.03843959004062,
    "std": 0.03231809837578061
  },
  "compression_ratio": {
    "mean": 399.6162333411817,
    "std": 0.322353091466048
  }
}