{
  "language": "norway",
  "dataset": "eurospeech",
  "num_samples": 100,
  "metrics": {
    "mse": {
      "mean": 0.008563321134883915,
      "std": 0.0024487470501938983,
      "min": 0.003080869270332689,
      "max": 0.015798860160282906,
      "median": 0.008388242946208171
    },
    "snr_db": {
      "mean": 1.5361290970319055,
      "std": 0.7885590429917756,
      "min": -0.9822152739549123,
      "max": 2.8288118995875458,
      "median": 1.710577906906512
    },
    "sdr_db": {
      "mean": 1.4973675356460858,
      "std": 0.815502975082831,
      "min": -1.011362991523273,
      "max": 2.782522297855742,
      "median": 1.64041177359446
    },
    "pesq": {
      "mean": 1.6362386512756348,
      "std": 0.09489411784444676,
      "min": 1.434190273284912,
      "max": 1.882129192352295,
      "median": 1.6247142553329468
    },
    "stoi": {
      "mean": 0.800702464880942,
      "std": 0.04024119033558289,
      "min": 0.6017843920412453,
      "max": 0.8473705055923131,
      "median": 0.8120892048214468
    },
    "estoi": {
      "mean": 0.6301854395910591,
      "std": 0.052569688939056225,
      "min": 0.4629281290858354,
      "max": 0.711625393543806,
      "median": 0.6327870515234791
    }
  },
  "tokens_per_second": {
    "mean": 40.032436441376895,
    "std": 0.02103499359781895
  },
  "compression_ratio": {
    "mean": 399.6760087330474,
    "std": 0.20997152505970523
  }
}