{
  "language": "ja_jp",
  "dataset": "fleurs",
  "num_samples": 100,
  "metrics": {
    "mse": {
      "mean": 0.009912507669468733,
      "std": 0.004222479880577428,
      "min": 0.002435946627496019,
      "max": 0.0283418646019387,
      "median": 0.009668269438261252
    },
    "snr_db": {
      "mean": 1.8251555139905948,
      "std": 2.406417961159298,
      "min": -9.857639223055978,
      "max": 7.558616880213133,
      "median": 1.1842381002357172
    },
    "sdr_db": {
      "mean": 1.7044181002102048,
      "std": 2.4449427296664656,
      "min": -9.893238560552307,
      "max": 7.115302948141474,
      "median": 1.222651899395207
    },
    "pesq": {
      "mean": 1.5641970765590667,
      "std": 0.2028869406955525,
      "min": 1.0910612344741821,
      "max": 2.246990442276001,
      "median": 1.5611180067062378
    },
    "stoi": {
      "mean": 0.746773665011552,
      "std": 0.08853332545717432,
      "min": 0.5244742711029365,
      "max": 0.870278947039564,
      "median": 0.7626828315707641
    },
    "estoi": {
      "mean": 0.5868324174863334,
      "std": 0.128616246207779,
      "min": 0.3342498000457301,
      "max": 0.7914155921953793,
      "median": 0.6024684978399552
    }
  },
  "tokens_per_second": {
    "mean": 40.03442280341581,
    "std": 0.03231533338318647
  },
  "compression_ratio": {
    "mean": 399.6563281227653,
    "std": 0.3223278733032408
  }
}