{
  "language": "ar_eg",
  "dataset": "fleurs",
  "num_samples": 100,
  "metrics": {
    "mse": {
      "mean": 0.011006018065455307,
      "std": 0.006144660683207256,
      "min": 0.002588681565629195,
      "max": 0.03679735738581987,
      "median": 0.010232640253400175
    },
    "snr_db": {
      "mean": 1.2153755353337259,
      "std": 2.1509631025683587,
      "min": -7.127286145317376,
      "max": 5.433368911223204,
      "median": 1.379513176576857
    },
    "sdr_db": {
      "mean": 1.2438253908225096,
      "std": 2.1589254218900766,
      "min": -6.9419395559034776,
      "max": 5.423050848914355,
      "median": 1.440210505433647
    },
    "pesq": {
      "mean": 1.6422399377822876,
      "std": 0.3067697947788364,
      "min": 1.0602526664733887,
      "max": 2.316713809967041,
      "median": 1.686751365661621
    },
    "stoi": {
      "mean": 0.7759182286734969,
      "std": 0.06896415465740086,
      "min": 0.5672047685366187,
      "max": 0.884635006188275,
      "median": 0.7914701883740796
    },
    "estoi": {
      "mean": 0.62476173059071,
      "std": 0.11296267803680128,
      "min": 0.29476453847681144,
      "max": 0.814291488466167,
      "median": 0.6505968750307869
    }
  },
  "tokens_per_second": {
    "mean": 40.04302811133722,
    "std": 0.03754762516338907
  },
  "compression_ratio": {
    "mean": 399.57053220786787,
    "std": 0.37428927088865915
  }
}