{
  "language": "lithuania",
  "dataset": "eurospeech",
  "num_samples": 100,
  "metrics": {
    "mse": {
      "mean": 0.010243826903859705,
      "std": 0.004210019053538665,
      "min": 0.0021529490854029832,
      "max": 0.020207087422597927,
      "median": 0.009911286922006247
    },
    "snr_db": {
      "mean": 2.332945340957889,
      "std": 1.401806668123335,
      "min": -0.49100874812251194,
      "max": 5.409812412857367,
      "median": 2.1847646718757385
    },
    "sdr_db": {
      "mean": 1.974975778084508,
      "std": 1.935519406566778,
      "min": -10.56730522595716,
      "max": 4.586390487671884,
      "median": 1.9212183343596942
    },
    "pesq": {
      "mean": 1.7084650766849518,
      "std": 0.19990615017672153,
      "min": 1.1529648303985596,
      "max": 2.561267375946045,
      "median": 1.6915714144706726
    },
    "stoi": {
      "mean": 0.8119406454998227,
      "std": 0.09191345596222684,
      "min": 0.3020559705550205,
      "max": 0.8782487189925106,
      "median": 0.8371921111507475
    },
    "estoi": {
      "mean": 0.6693577879734791,
      "std": 0.10641979432306649,
      "min": 0.14981818671578204,
      "max": 0.7585338395207362,
      "median": 0.7060472315851631
    }
  },
  "tokens_per_second": {
    "mean": 40.03142234888592,
    "std": 0.02092287178861465
  },
  "compression_ratio": {
    "mean": 399.686132329864,
    "std": 0.20887620683731087
  }
}