{
  "language": "bn_in",
  "dataset": "fleurs",
  "num_samples": 100,
  "metrics": {
    "mse": {
      "mean": 0.009121990275280888,
      "std": 0.004402148677109823,
      "min": 0.0019574296988232993,
      "max": 0.027371408137605517,
      "median": 0.008780002374081063
    },
    "snr_db": {
      "mean": 2.202452032638958,
      "std": 1.8317345122733861,
      "min": -3.39291846855031,
      "max": 6.910542238374418,
      "median": 2.276946180548105
    },
    "sdr_db": {
      "mean": 2.2262367358945903,
      "std": 1.8974432569788462,
      "min": -3.391251777797499,
      "max": 7.098256583658265,
      "median": 2.327012444706342
    },
    "pesq": {
      "mean": 1.600690553188324,
      "std": 0.2674180771003587,
      "min": 1.1161420345306396,
      "max": 2.1964914798736572,
      "median": 1.604555368423462
    },
    "stoi": {
      "mean": 0.7146042553426128,
      "std": 0.09537707262155765,
      "min": 0.5441071579371748,
      "max": 0.8899969682562598,
      "median": 0.7290762839159464
    },
    "estoi": {
      "mean": 0.5255360486427163,
      "std": 0.12489697242553126,
      "min": 0.2725783206386357,
      "max": 0.7542922453342646,
      "median": 0.5543711444429656
    }
  },
  "tokens_per_second": {
    "mean": 40.03568950678231,
    "std": 0.028354915792073148
  },
  "compression_ratio": {
    "mean": 399.64362346449343,
    "std": 0.28292775437211576
  }
}