{
  "language": "ga_ie",
  "dataset": "fleurs",
  "num_samples": 100,
  "metrics": {
    "mse": {
      "mean": 0.009538791299882493,
      "std": 0.004599950079892908,
      "min": 0.0018311903416932001,
      "max": 0.019641562332559353,
      "median": 0.008865429500091592
    },
    "snr_db": {
      "mean": 0.7149378889063843,
      "std": 1.7998411483913512,
      "min": -4.1557615500134535,
      "max": 3.883135035009281,
      "median": 0.8740521898105463
    },
    "sdr_db": {
      "mean": 0.8950884502813418,
      "std": 1.52829078098118,
      "min": -4.210573258237136,
      "max": 3.7426089499175097,
      "median": 0.8490323860345581
    },
    "pesq": {
      "mean": 1.636579351425171,
      "std": 0.2584729040885892,
      "min": 1.0958468914031982,
      "max": 2.2177581787109375,
      "median": 1.6373674869537354
    },
    "stoi": {
      "mean": 0.7898728114705652,
      "std": 0.06952237550965466,
      "min": 0.5971294307509735,
      "max": 0.8788827362442487,
      "median": 0.7998420293949855
    },
    "estoi": {
      "mean": 0.6346377608217015,
      "std": 0.11191754033432913,
      "min": 0.2840803965704131,
      "max": 0.792083052529843,
      "median": 0.6521074476801432
    }
  },
  "tokens_per_second": {
    "mean": 40.028791085559675,
    "std": 0.0229364141762576
  },
  "compression_ratio": {
    "mean": 399.71242739500383,
    "std": 0.22891539605575348
  }
}