{
  "language": "sweden",
  "dataset": "eurospeech",
  "num_samples": 100,
  "metrics": {
    "mse": {
      "mean": 0.011109993883247198,
      "std": 0.0064765555444878265,
      "min": 0.003491558362413277,
      "max": 0.028336521638464205,
      "median": 0.00853488682736847
    },
    "snr_db": {
      "mean": 0.6650811516753375,
      "std": 1.0006005603054655,
      "min": -1.9813399246479448,
      "max": 2.231925112657566,
      "median": 0.9225083881961014
    },
    "sdr_db": {
      "mean": 0.6899110091511418,
      "std": 0.9889214847147045,
      "min": -1.778067861815773,
      "max": 2.399508380903239,
      "median": 0.9590954992391403
    },
    "pesq": {
      "mean": 1.802946548461914,
      "std": 0.13221867583774,
      "min": 1.5477087497711182,
      "max": 2.0970828533172607,
      "median": 1.798913598060608
    },
    "stoi": {
      "mean": 0.8464045757995561,
      "std": 0.01806105146885152,
      "min": 0.76197153535026,
      "max": 0.8744786222790043,
      "median": 0.8479096927007057
    },
    "estoi": {
      "mean": 0.6989786031662872,
      "std": 0.04340865704889032,
      "min": 0.5383708323755663,
      "max": 0.7843775369281475,
      "median": 0.6973908090511894
    }
  },
  "tokens_per_second": {
    "mean": 40.0365336454333,
    "std": 0.021726073530978135
  },
  "compression_ratio": {
    "mean": 399.63511459167455,
    "std": 0.21684760028093145
  }
}