{
  "language": "disco",
  "dataset": "gtzan",
  "num_samples": 25,
  "metrics": {
    "mse": {
      "mean": 0.0399996702851585,
      "std": 0.019877134407830933,
      "min": 0.01617331568212642,
      "max": 0.08235973459372854,
      "median": 0.03413513412125325
    },
    "snr_db": {
      "mean": 0.17808946206764212,
      "std": 0.31524584654015725,
      "min": -0.697496961363711,
      "max": 0.6603440154693521,
      "median": 0.21587418372643716
    },
    "sdr_db": {
      "mean": 0.20039530054421853,
      "std": 0.3144725161265726,
      "min": -0.6884058059701637,
      "max": 0.6642970721185624,
      "median": 0.2178316351417205
    },
    "pesq": {
      "mean": 1.1105286407470703,
      "std": 0.048557721398554375,
      "min": 1.0319199562072754,
      "max": 1.188209056854248,
      "median": 1.1207960844039917
    },
    "stoi": {
      "mean": 0.4965266388696077,
      "std": 0.08519164163679539,
      "min": 0.35347311173025864,
      "max": 0.6877689643292519,
      "median": 0.4920791769129656
    },
    "estoi": {
      "mean": 0.2808685930376212,
      "std": 0.055076646782270706,
      "min": 0.20663564258208977,
      "max": 0.42643949405297776,
      "median": 0.2730557422050842
    }
  },
  "tokens_per_second": {
    "mean": 40.01617779182354,
    "std": 0.003918464976983613
  },
  "compression_ratio": {
    "mean": 551.0271452235127,
    "std": 0.05394588256669868
  }
}