{
  "language": "sw_ke",
  "dataset": "fleurs",
  "num_samples": 100,
  "metrics": {
    "mse": {
      "mean": 0.010298015031142447,
      "std": 0.008477807959317766,
      "min": 0.0012894799375032435,
      "max": 0.0591860579007398,
      "median": 0.0076971439908200615
    },
    "snr_db": {
      "mean": 1.1428223802988848,
      "std": 2.492499499016777,
      "min": -11.02713858756587,
      "max": 5.203622213855117,
      "median": 1.3003672796685815
    },
    "sdr_db": {
      "mean": 1.0799567490922748,
      "std": 2.4639011946924505,
      "min": -11.049712651475774,
      "max": 5.538248459845825,
      "median": 1.2794875396254328
    },
    "pesq": {
      "mean": 1.6414036023616791,
      "std": 0.2885948053224501,
      "min": 1.0443055629730225,
      "max": 2.131748914718628,
      "median": 1.7260301113128662
    },
    "stoi": {
      "mean": 0.736754459344427,
      "std": 0.11243728245146146,
      "min": 0.3180844667425925,
      "max": 0.87501359613214,
      "median": 0.7630009833867833
    },
    "estoi": {
      "mean": 0.571317459430794,
      "std": 0.1432773517729075,
      "min": 0.2106414772269452,
      "max": 0.7846526768068718,
      "median": 0.5791524082620139
    }
  },
  "tokens_per_second": {
    "mean": 40.029467732193986,
    "std": 0.02501923644838788
  },
  "compression_ratio": {
    "mean": 399.7056956970412,
    "std": 0.24973903906934075
  }
}