{
  "language": "greece",
  "dataset": "eurospeech",
  "num_samples": 100,
  "metrics": {
    "mse": {
      "mean": 0.03888458225579916,
      "std": 0.005690633610349944,
      "min": 0.019437423964320317,
      "max": 0.048104761405601854,
      "median": 0.03924484239089859
    },
    "snr_db": {
      "mean": -0.07188095608820919,
      "std": 0.2836321721536126,
      "min": -1.2106940068815255,
      "max": 0.4632635541214539,
      "median": -0.02613015743760753
    },
    "sdr_db": {
      "mean": -0.06511354857796732,
      "std": 0.28921964587257754,
      "min": -1.2484388542705291,
      "max": 0.5046001522178899,
      "median": -0.02108882933107769
    },
    "pesq": {
      "mean": 1.4339361107349395,
      "std": 0.047818851824005006,
      "min": 1.2615094184875488,
      "max": 1.5275797843933105,
      "median": 1.4299694895744324
    },
    "stoi": {
      "mean": 0.6461108974396889,
      "std": 0.048074438765804264,
      "min": 0.48006024898977034,
      "max": 0.7340092563246998,
      "median": 0.6395406734117586
    },
    "estoi": {
      "mean": 0.43032361203216324,
      "std": 0.03818083301612586,
      "min": 0.3102066698995789,
      "max": 0.5167866357780484,
      "median": 0.432930973863904
    }
  },
  "tokens_per_second": {
    "mean": 40.03325365761745,
    "std": 0.023539136071005846
  },
  "compression_ratio": {
    "mean": 399.6678777839229,
    "std": 0.23493328068629962
  }
}