{
  "language": "cy_gb",
  "dataset": "fleurs",
  "num_samples": 100,
  "metrics": {
    "mse": {
      "mean": 0.011800514900344146,
      "std": 0.008899324171383392,
      "min": 0.0020556736348438225,
      "max": 0.03757746885480684,
      "median": 0.008663668270077274
    },
    "snr_db": {
      "mean": -0.260465464498287,
      "std": 2.2468809523788487,
      "min": -5.525239564847119,
      "max": 3.8161102190606893,
      "median": -0.2578894738636951
    },
    "sdr_db": {
      "mean": -0.3218152537019882,
      "std": 2.2510502554954694,
      "min": -5.525239497153363,
      "max": 3.763672312635995,
      "median": -0.27964475801072103
    },
    "pesq": {
      "mean": 1.4263382782327367,
      "std": 0.3076556019863881,
      "min": 1.0343599319458008,
      "max": 2.013178586959839,
      "median": 1.4626975059509277
    },
    "stoi": {
      "mean": 0.6627562873459679,
      "std": 0.20331219068750253,
      "min": 0.16904929255123838,
      "max": 0.8902194016221487,
      "median": 0.7527348012818725
    },
    "estoi": {
      "mean": 0.46525501549124476,
      "std": 0.24294205405964084,
      "min": -0.025265796698797815,
      "max": 0.7887603977774451,
      "median": 0.5592892656631844
    }
  },
  "tokens_per_second": {
    "mean": 40.06711979476129,
    "std": 0.11245805476554191
  },
  "compression_ratio": {
    "mean": 399.3330465474342,
    "std": 1.1116599185050486
  }
}