{
  "language": "fa_ir",
  "dataset": "fleurs",
  "num_samples": 100,
  "metrics": {
    "mse": {
      "mean": 0.009318288185687777,
      "std": 0.00449757281923002,
      "min": 0.0024866252194244882,
      "max": 0.027535151864686774,
      "median": 0.00847148953130624
    },
    "snr_db": {
      "mean": 1.2968627771179455,
      "std": 1.094781376622658,
      "min": -1.56664863435986,
      "max": 4.427490311740463,
      "median": 1.2031844998640069
    },
    "sdr_db": {
      "mean": 1.2209811682081095,
      "std": 1.1668080291049434,
      "min": -1.8757618437928614,
      "max": 4.634500886230537,
      "median": 1.0517609426404306
    },
    "pesq": {
      "mean": 1.6264249455928803,
      "std": 0.2592765528475673,
      "min": 1.0915021896362305,
      "max": 2.1662087440490723,
      "median": 1.6237388849258423
    },
    "stoi": {
      "mean": 0.7727695611275514,
      "std": 0.06823562801933065,
      "min": 0.5197519576644545,
      "max": 0.8902171733188597,
      "median": 0.782833884126839
    },
    "estoi": {
      "mean": 0.5937098660020166,
      "std": 0.08223566732809687,
      "min": 0.36155891869670675,
      "max": 0.7464756488497509,
      "median": 0.615295415584826
    }
  },
  "tokens_per_second": {
    "mean": 40.03210539861177,
    "std": 0.02444948507192568
  },
  "compression_ratio": {
    "mean": 399.6793525239651,
    "std": 0.24400881668728341
  }
}