{
  "language": "germany",
  "dataset": "eurospeech",
  "num_samples": 100,
  "metrics": {
    "mse": {
      "mean": 0.00936852219259083,
      "std": 0.002556339050955083,
      "min": 0.0026297363388126088,
      "max": 0.018513927688485417,
      "median": 0.00919991463957744
    },
    "snr_db": {
      "mean": 2.7221744506508863,
      "std": 0.7443873937238967,
      "min": 0.9037136015732985,
      "max": 4.566250613099518,
      "median": 2.5908609535597704
    },
    "sdr_db": {
      "mean": 2.6365623795717035,
      "std": 0.8399788499985099,
      "min": 0.47664151592413617,
      "max": 4.48116409355371,
      "median": 2.5399322469398733
    },
    "pesq": {
      "mean": 1.6163889455795288,
      "std": 0.09987651697240255,
      "min": 1.44169020652771,
      "max": 2.1193268299102783,
      "median": 1.6082287430763245
    },
    "stoi": {
      "mean": 0.8186325559770714,
      "std": 0.049172620752391316,
      "min": 0.5441540630465829,
      "max": 0.8699954643600534,
      "median": 0.8319040851051887
    },
    "estoi": {
      "mean": 0.6500778135584068,
      "std": 0.0732408721715971,
      "min": 0.2782002738181851,
      "max": 0.7438400545985997,
      "median": 0.665286136596795
    }
  },
  "tokens_per_second": {
    "mean": 40.03655329535284,
    "std": 0.02317974269579636
  },
  "compression_ratio": {
    "mean": 399.6349347078161,
    "std": 0.2313276451298145
  }
}