{
  "language": "mk_mk",
  "dataset": "fleurs",
  "num_samples": 100,
  "metrics": {
    "mse": {
      "mean": 0.00709244332476577,
      "std": 0.00266215055510392,
      "min": 0.0024949841911201037,
      "max": 0.015337455427775195,
      "median": 0.006764129344736554
    },
    "snr_db": {
      "mean": 2.3640831172649577,
      "std": 3.0177258189830836,
      "min": -13.287207072835542,
      "max": 6.1206932741643065,
      "median": 2.879205478149327
    },
    "sdr_db": {
      "mean": 2.3841104654528777,
      "std": 3.0175931376100653,
      "min": -13.404322668834894,
      "max": 6.223788779497849,
      "median": 2.984200877102648
    },
    "pesq": {
      "mean": 1.8154609882831574,
      "std": 0.2087606408366569,
      "min": 1.1885854005813599,
      "max": 2.211127758026123,
      "median": 1.8385394215583801
    },
    "stoi": {
      "mean": 0.8153482495173405,
      "std": 0.04240791588349386,
      "min": 0.6941444912544431,
      "max": 0.8863116623160088,
      "median": 0.8224298606119442
    },
    "estoi": {
      "mean": 0.6310993253923161,
      "std": 0.07430368042688616,
      "min": 0.45982311881410587,
      "max": 0.7704906805200822,
      "median": 0.6303292899600959
    }
  },
  "tokens_per_second": {
    "mean": 40.04109023120269,
    "std": 0.03906041421486678
  },
  "compression_ratio": {
    "mean": 399.5898992835896,
    "std": 0.3894659798660011
  }
}