{
  "language": "latvia",
  "dataset": "eurospeech",
  "num_samples": 100,
  "metrics": {
    "mse": {
      "mean": 0.008745742130896994,
      "std": 0.009774197062673122,
      "min": 0.0016806630426134922,
      "max": 0.09013797650929227,
      "median": 0.0071337917169557105
    },
    "snr_db": {
      "mean": 0.11005006284662161,
      "std": 1.2819119922968079,
      "min": -3.2730612569539828,
      "max": 3.391716244732496,
      "median": -0.11737995426086346
    },
    "sdr_db": {
      "mean": 0.06951204769290616,
      "std": 1.2376623248059857,
      "min": -3.3103377293422427,
      "max": 3.4257484482472784,
      "median": -0.1336271026064163
    },
    "pesq": {
      "mean": 1.3596224009990692,
      "std": 0.10443226895023411,
      "min": 1.0919288396835327,
      "max": 1.8086137771606445,
      "median": 1.3561763167381287
    },
    "stoi": {
      "mean": 0.7043382474783191,
      "std": 0.10312212769466741,
      "min": 0.010055009134261642,
      "max": 0.8412238553402243,
      "median": 0.7303911779291683
    },
    "estoi": {
      "mean": 0.49900403494742335,
      "std": 0.10335612740721313,
      "min": -0.013034471413027342,
      "max": 0.6365693648129807,
      "median": 0.5371255556767547
    }
  },
  "tokens_per_second": {
    "mean": 40.045227311854234,
    "std": 0.09973755617779412
  },
  "compression_ratio": {
    "mean": 399.55066523871335,
    "std": 0.9746976139339696
  }
}