{
  "language": "es_419",
  "dataset": "fleurs",
  "num_samples": 100,
  "metrics": {
    "mse": {
      "mean": 0.025093537985652396,
      "std": 0.04102247472554642,
      "min": 0.0014547789263103929,
      "max": 0.12697743833816424,
      "median": 0.008256330346982282
    },
    "snr_db": {
      "mean": 1.5726038212262676,
      "std": 1.3910521221041787,
      "min": -4.537723375701395,
      "max": 4.053768433390806,
      "median": 1.8554247179422185
    },
    "sdr_db": {
      "mean": 1.5859184312230943,
      "std": 1.4096429291622545,
      "min": -4.99657706719443,
      "max": 4.1388721957942405,
      "median": 1.8427414660550752
    },
    "pesq": {
      "mean": 1.755192266702652,
      "std": 0.3691985691171058,
      "min": 1.0170084238052368,
      "max": 2.3183090686798096,
      "median": 1.845732569694519
    },
    "stoi": {
      "mean": 0.7065645684782098,
      "std": 0.2951078141971633,
      "min": -0.007971925101856427,
      "max": 0.8947241090262615,
      "median": 0.8430199081321247
    },
    "estoi": {
      "mean": 0.5902001802068214,
      "std": 0.2608343268910238,
      "min": -0.008297605837780652,
      "max": 0.8015947160556072,
      "median": 0.7136177585630202
    }
  },
  "tokens_per_second": {
    "mean": 40.04167955894638,
    "std": 0.030886026285752877
  },
  "compression_ratio": {
    "mean": 399.58387586657904,
    "std": 0.30804790344087396
  }
}