{
  "language": "metal",
  "dataset": "gtzan",
  "num_samples": 25,
  "metrics": {
    "mse": {
      "mean": 0.0324920632807344,
      "std": 0.018479512473175096,
      "min": 0.011978257324813573,
      "max": 0.09414500466263108,
      "median": 0.025379100377025572
    },
    "snr_db": {
      "mean": 0.042035609158774336,
      "std": 0.2773737366874952,
      "min": -0.4200575522973587,
      "max": 0.7726926340798544,
      "median": -0.00169330514248593
    },
    "sdr_db": {
      "mean": 0.04739526550643018,
      "std": 0.2811619840717842,
      "min": -0.42354093869164183,
      "max": 0.7896382062065466,
      "median": -0.007462994643268139
    },
    "pesq": {
      "mean": 1.1505019283294677,
      "std": 0.07688683655548784,
      "min": 1.0377753973007202,
      "max": 1.3788251876831055,
      "median": 1.156031608581543
    },
    "stoi": {
      "mean": 0.3212808477884297,
      "std": 0.08804994477665937,
      "min": 0.10945977768208759,
      "max": 0.46336871105945393,
      "median": 0.3098854025381555
    },
    "estoi": {
      "mean": 0.16943659416508539,
      "std": 0.03797677397857929,
      "min": 0.08500964096108948,
      "max": 0.25205814666734355,
      "median": 0.16175194974394877
    }
  },
  "tokens_per_second": {
    "mean": 40.03309125870743,
    "std": 0.0
  },
  "compression_ratio": {
    "mean": 550.7943380516238,
    "std": 1.1368683772161603e-13
  }
}