{
  "language": "af_za",
  "dataset": "fleurs",
  "num_samples": 100,
  "metrics": {
    "mse": {
      "mean": 0.009777710832643489,
      "std": 0.004982167844024552,
      "min": 0.0008088286377343152,
      "max": 0.020355837427515112,
      "median": 0.009771202665550247
    },
    "snr_db": {
      "mean": 2.2437572845174882,
      "std": 1.625172727046415,
      "min": -3.007883065501254,
      "max": 5.894080350991075,
      "median": 1.8982881842811348
    },
    "sdr_db": {
      "mean": 2.1996067483495936,
      "std": 1.590668903065387,
      "min": -1.9617022628320626,
      "max": 6.013399117412572,
      "median": 1.8934169216201715
    },
    "pesq": {
      "mean": 1.7236379885673523,
      "std": 0.3167747959767802,
      "min": 1.1707745790481567,
      "max": 2.3648011684417725,
      "median": 1.643576979637146
    },
    "stoi": {
      "mean": 0.7103218127559588,
      "std": 0.11228986896403091,
      "min": 0.47285857322677594,
      "max": 0.8753748694190181,
      "median": 0.6863688022267525
    },
    "estoi": {
      "mean": 0.5584623752355423,
      "std": 0.14856344303588986,
      "min": 0.2587475960912052,
      "max": 0.783552519426668,
      "median": 0.5099030611426165
    }
  },
  "tokens_per_second": {
    "mean": 40.033752920081525,
    "std": 0.032629598746335454
  },
  "compression_ratio": {
    "mean": 399.66302069231335,
    "std": 0.325523262937628
  }
}