{
  "language": "yue_hant_hk",
  "dataset": "fleurs",
  "num_samples": 100,
  "metrics": {
    "mse": {
      "mean": 0.008739876202784833,
      "std": 0.004117872714519951,
      "min": 0.0019203363249669237,
      "max": 0.022547901915437474,
      "median": 0.00859923926721324
    },
    "snr_db": {
      "mean": 0.5783228638184631,
      "std": 1.5854245660122106,
      "min": -5.031776217911952,
      "max": 4.508867096202012,
      "median": 0.507827029414233
    },
    "sdr_db": {
      "mean": 0.5771235651754754,
      "std": 1.6706760458891692,
      "min": -5.314072099406384,
      "max": 4.481917502394913,
      "median": 0.5333875167832143
    },
    "pesq": {
      "mean": 1.4565578091144562,
      "std": 0.31234759552417624,
      "min": 1.019531488418579,
      "max": 2.0753140449523926,
      "median": 1.4543249607086182
    },
    "stoi": {
      "mean": 0.6422268563626379,
      "std": 0.1266895647865077,
      "min": 0.383946270511763,
      "max": 0.8876468615128476,
      "median": 0.6605778228898513
    },
    "estoi": {
      "mean": 0.4473919287946987,
      "std": 0.15550282888981876,
      "min": 0.1758205635662066,
      "max": 0.8288993082492389,
      "median": 0.4649565509478435
    }
  },
  "tokens_per_second": {
    "mean": 40.034080691159055,
    "std": 0.02485998396485751
  },
  "compression_ratio": {
    "mean": 399.65963727248914,
    "std": 0.2480921914651766
  }
}