{
  "language": "slovakia",
  "dataset": "eurospeech",
  "num_samples": 100,
  "metrics": {
    "mse": {
      "mean": 0.024124008920574397,
      "std": 0.007211695794405772,
      "min": 0.006030045064019172,
      "max": 0.04663287696407066,
      "median": 0.024276847850014306
    },
    "snr_db": {
      "mean": 2.6170825077223316,
      "std": 0.3712314589131313,
      "min": 1.3388748793142915,
      "max": 3.316133227976912,
      "median": 2.6699609879901955
    },
    "sdr_db": {
      "mean": 2.5333506548356777,
      "std": 0.543088600169712,
      "min": -0.32967499616753504,
      "max": 3.5157725054196582,
      "median": 2.6511892101419208
    },
    "pesq": {
      "mean": 1.74101686835289,
      "std": 0.10130888480733409,
      "min": 1.469570279121399,
      "max": 2.0480833053588867,
      "median": 1.747914433479309
    },
    "stoi": {
      "mean": 0.8042199693704548,
      "std": 0.05778804460015874,
      "min": 0.4621682417270542,
      "max": 0.8769996735080207,
      "median": 0.8183127171935936
    },
    "estoi": {
      "mean": 0.6316063100917456,
      "std": 0.06436118807174203,
      "min": 0.3107020554959077,
      "max": 0.7305417904390266,
      "median": 0.6504418458971322
    }
  },
  "tokens_per_second": {
    "mean": 40.03468669958895,
    "std": 0.0224267344549758
  },
  "compression_ratio": {
    "mean": 399.65355890252357,
    "std": 0.22379714342044463
  }
}