{
  "language": "malta",
  "dataset": "eurospeech",
  "num_samples": 100,
  "metrics": {
    "mse": {
      "mean": 0.008964654313877468,
      "std": 0.002754786591070763,
      "min": 0.003103956945243039,
      "max": 0.014484572439199426,
      "median": 0.009142368045265047
    },
    "snr_db": {
      "mean": 0.9332943890635036,
      "std": 0.6437660962184093,
      "min": -0.510522423044537,
      "max": 2.085205040551564,
      "median": 1.0297009982775083
    },
    "sdr_db": {
      "mean": 0.7697995910239779,
      "std": 0.7660915716655452,
      "min": -0.778155356608447,
      "max": 2.076837394241682,
      "median": 0.8697094184982006
    },
    "pesq": {
      "mean": 1.5883740603923797,
      "std": 0.06879722392933406,
      "min": 1.3870408535003662,
      "max": 1.7883814573287964,
      "median": 1.587433099746704
    },
    "stoi": {
      "mean": 0.6692291942232638,
      "std": 0.09031464109590476,
      "min": 0.4594745726884937,
      "max": 0.7771005257067095,
      "median": 0.6978508269800152
    },
    "estoi": {
      "mean": 0.4244156838604502,
      "std": 0.093712962749118,
      "min": 0.2467374294879189,
      "max": 0.5789278224213906,
      "median": 0.4393799390315256
    }
  },
  "tokens_per_second": {
    "mean": 40.03162809627909,
    "std": 0.02149453712025866
  },
  "compression_ratio": {
    "mean": 399.68408413752536,
    "std": 0.214575273265687
  }
}