{
  "language": "hi_in",
  "dataset": "fleurs",
  "num_samples": 100,
  "metrics": {
    "mse": {
      "mean": 0.010981053699662444,
      "std": 0.007229252889961763,
      "min": 0.0019059006107511164,
      "max": 0.039610243906150956,
      "median": 0.0088097014344551
    },
    "snr_db": {
      "mean": 1.60102607462799,
      "std": 1.5371673278345361,
      "min": -2.134073679004517,
      "max": 4.959215278291607,
      "median": 1.758703203739464
    },
    "sdr_db": {
      "mean": 1.607014140058301,
      "std": 1.5395889694667264,
      "min": -2.2632074807112974,
      "max": 4.993805790131632,
      "median": 1.6962761080480262
    },
    "pesq": {
      "mean": 1.6697858798503875,
      "std": 0.24029019888783434,
      "min": 1.0793519020080566,
      "max": 2.193700075149536,
      "median": 1.6494762897491455
    },
    "stoi": {
      "mean": 0.7295180199483184,
      "std": 0.09101427171848907,
      "min": 0.5262092408227413,
      "max": 0.8792331339325674,
      "median": 0.7277010478992754
    },
    "estoi": {
      "mean": 0.5345537290387526,
      "std": 0.12510280557923545,
      "min": 0.2846416905098172,
      "max": 0.7855539153759638,
      "median": 0.5454848486036448
    }
  },
  "tokens_per_second": {
    "mean": 40.03285887385513,
    "std": 0.029255454090812108
  },
  "compression_ratio": {
    "mean": 399.67189427603375,
    "std": 0.29189096053461455
  }
}