{
  "language": "nl_nl",
  "dataset": "fleurs",
  "num_samples": 100,
  "metrics": {
    "mse": {
      "mean": 0.008500189513268325,
      "std": 0.004794801613449739,
      "min": 0.0021583601706245247,
      "max": 0.025689118890800826,
      "median": 0.006966498285216772
    },
    "snr_db": {
      "mean": 2.0585452644481506,
      "std": 1.3926965563659308,
      "min": -0.9166063524213481,
      "max": 4.747411714859032,
      "median": 1.9914853439964855
    },
    "sdr_db": {
      "mean": 2.068855764794361,
      "std": 1.3816920724552921,
      "min": -0.9219850490733499,
      "max": 4.850102101453637,
      "median": 1.9914577606491688
    },
    "pesq": {
      "mean": 1.7049649620056153,
      "std": 0.19616301161067723,
      "min": 1.1874313354492188,
      "max": 2.1760096549987793,
      "median": 1.7125272750854492
    },
    "stoi": {
      "mean": 0.7666662334387531,
      "std": 0.08835339311575638,
      "min": 0.5162704363500181,
      "max": 0.8786763139029511,
      "median": 0.8045230093889345
    },
    "estoi": {
      "mean": 0.6070654879416538,
      "std": 0.11665303605028421,
      "min": 0.2909222727553285,
      "max": 0.7591894728944953,
      "median": 0.6490410195397874
    }
  },
  "tokens_per_second": {
    "mean": 40.04125912215512,
    "std": 0.03591140979068996
  },
  "compression_ratio": {
    "mean": 399.5881551918412,
    "std": 0.3582200037143397
  }
}