{
  "language": "iceland",
  "dataset": "eurospeech",
  "num_samples": 100,
  "metrics": {
    "mse": {
      "mean": 0.0072859687488497,
      "std": 0.002258486075066077,
      "min": 0.0035127126678943517,
      "max": 0.015178073835780653,
      "median": 0.007159246407396815
    },
    "snr_db": {
      "mean": 0.9052403262164533,
      "std": 0.4705992662779082,
      "min": -0.7134937150174752,
      "max": 1.9289194748080711,
      "median": 0.9803141695328487
    },
    "sdr_db": {
      "mean": 0.8933174463650475,
      "std": 0.4455141585092922,
      "min": -0.31158782904809873,
      "max": 1.8950397217192332,
      "median": 0.9378473316761993
    },
    "pesq": {
      "mean": 1.6530402410030365,
      "std": 0.1116189685545674,
      "min": 1.3695487976074219,
      "max": 1.877043604850769,
      "median": 1.662618339061737
    },
    "stoi": {
      "mean": 0.7625963184010268,
      "std": 0.0561521955990121,
      "min": 0.5834801314777092,
      "max": 0.8440204895907737,
      "median": 0.7815358135568451
    },
    "estoi": {
      "mean": 0.5254675013780519,
      "std": 0.04975013683743283,
      "min": 0.3828595896488455,
      "max": 0.6180749041105799,
      "median": 0.5304016512919401
    }
  },
  "tokens_per_second": {
    "mean": 40.03588813513797,
    "std": 0.020922879479870142
  },
  "compression_ratio": {
    "mean": 399.6415494881637,
    "std": 0.20883655655657035
  }
}