{
  "language": "country",
  "dataset": "gtzan",
  "num_samples": 25,
  "metrics": {
    "mse": {
      "mean": 0.040170300608670134,
      "std": 0.02629954153829697,
      "min": 0.007845188069594587,
      "max": 0.0874137438759791,
      "median": 0.026456357682243525
    },
    "snr_db": {
      "mean": 0.36245235934263903,
      "std": 0.4554676569465224,
      "min": -0.8033213250787709,
      "max": 1.3996893838422042,
      "median": 0.36776469357494834
    },
    "sdr_db": {
      "mean": 0.43631029819560296,
      "std": 0.5174341157744131,
      "min": -0.7737579004080757,
      "max": 1.9847849238910915,
      "median": 0.46510664114615907
    },
    "pesq": {
      "mean": 1.1559931898117066,
      "std": 0.06324338037485017,
      "min": 1.0450462102890015,
      "max": 1.311151385307312,
      "median": 1.1522562503814697
    },
    "stoi": {
      "mean": 0.39969214925900837,
      "std": 0.1068536945238921,
      "min": 0.20800513169927665,
      "max": 0.5779634458373144,
      "median": 0.4356453905272889
    },
    "estoi": {
      "mean": 0.25232814788192204,
      "std": 0.05502814207717831,
      "min": 0.16583727948437388,
      "max": 0.3617456566866186,
      "median": 0.256898082125693
    }
  },
  "tokens_per_second": {
    "mean": 40.01596264602015,
    "std": 0.0056743894689625565
  },
  "compression_ratio": {
    "mean": 551.0301136177268,
    "std": 0.0781333757141032
  }
}