{
  "language": "pop",
  "dataset": "gtzan",
  "num_samples": 25,
  "metrics": {
    "mse": {
      "mean": 0.040055243790038796,
      "std": 0.013324893391021105,
      "min": 0.011632303561099353,
      "max": 0.07346554489706633,
      "median": 0.04225531341022659
    },
    "snr_db": {
      "mean": 0.24685773906353362,
      "std": 0.39792788406962126,
      "min": -0.7513298138703667,
      "max": 1.2960595322739903,
      "median": 0.21933516717678703
    },
    "sdr_db": {
      "mean": 0.30501710704535895,
      "std": 0.4136630507894355,
      "min": -0.4564461207218576,
      "max": 1.6969983715482277,
      "median": 0.21018252861773615
    },
    "pesq": {
      "mean": 1.130995945930481,
      "std": 0.04754315334809599,
      "min": 1.0428029298782349,
      "max": 1.2697985172271729,
      "median": 1.131055235862732
    },
    "stoi": {
      "mean": 0.4774533622971148,
      "std": 0.10495944671529077,
      "min": 0.252730418737591,
      "max": 0.6234656269010677,
      "median": 0.5048631548155155
    },
    "estoi": {
      "mean": 0.26636607459429973,
      "std": 0.05389172605091232,
      "min": 0.15905313202272484,
      "max": 0.39454833018112856,
      "median": 0.26896174328120526
    }
  },
  "tokens_per_second": {
    "mean": 40.03309125870743,
    "std": 0.0
  },
  "compression_ratio": {
    "mean": 550.7943380516238,
    "std": 1.1368683772161603e-13
  }
}