{
  "language": "kea_cv",
  "dataset": "fleurs",
  "num_samples": 100,
  "metrics": {
    "mse": {
      "mean": 0.01206601360036107,
      "std": 0.007827982011566216,
      "min": 0.002284025116229051,
      "max": 0.03791416344543504,
      "median": 0.00913926052183345
    },
    "snr_db": {
      "mean": 0.760081812160075,
      "std": 1.878402430203963,
      "min": -5.505520484839085,
      "max": 5.12603110892668,
      "median": 0.8702277267564704
    },
    "sdr_db": {
      "mean": 0.6007554755747307,
      "std": 1.8087380409520197,
      "min": -5.38514453552599,
      "max": 3.97586721133935,
      "median": 0.819476125554532
    },
    "pesq": {
      "mean": 1.432142027616501,
      "std": 0.2541682309936953,
      "min": 1.0332229137420654,
      "max": 2.0771172046661377,
      "median": 1.382353127002716
    },
    "stoi": {
      "mean": 0.6487439255950549,
      "std": 0.11148934729806255,
      "min": 0.2123909130878909,
      "max": 0.8332675071357959,
      "median": 0.6613841135420444
    },
    "estoi": {
      "mean": 0.449748342467316,
      "std": 0.12572991695407537,
      "min": 0.10014163784199998,
      "max": 0.6779930084359477,
      "median": 0.465735700315983
    }
  },
  "tokens_per_second": {
    "mean": 40.03280750665772,
    "std": 0.02614586641671861
  },
  "compression_ratio": {
    "mean": 399.6723642063968,
    "std": 0.26092108891795235
  }
}