{
  "language": "oc_fr",
  "dataset": "fleurs",
  "num_samples": 100,
  "metrics": {
    "mse": {
      "mean": 0.008021119293087383,
      "std": 0.004143279872547821,
      "min": 0.0015173666154965145,
      "max": 0.027366397339801136,
      "median": 0.007177359972986035
    },
    "snr_db": {
      "mean": 0.877631954535558,
      "std": 1.4015038592883788,
      "min": -3.4687051388786685,
      "max": 3.3916109774930767,
      "median": 1.024012284150697
    },
    "sdr_db": {
      "mean": 0.894177904263757,
      "std": 1.417145620166014,
      "min": -3.6006334497330403,
      "max": 3.4587655012389016,
      "median": 0.9507548879248138
    },
    "pesq": {
      "mean": 1.5935198962688446,
      "std": 0.21826256796353358,
      "min": 1.0991555452346802,
      "max": 2.155043601989746,
      "median": 1.587136149406433
    },
    "stoi": {
      "mean": 0.7869234087698825,
      "std": 0.066213982166288,
      "min": 0.6009506083368141,
      "max": 0.8877871973682071,
      "median": 0.7994213172308458
    },
    "estoi": {
      "mean": 0.5891545232519046,
      "std": 0.0735466007752907,
      "min": 0.3643160342703878,
      "max": 0.7497998243505399,
      "median": 0.5924006430818263
    }
  },
  "tokens_per_second": {
    "mean": 40.03943481414596,
    "std": 0.03696657157105315
  },
  "compression_ratio": {
    "mean": 399.606380208662,
    "std": 0.36821664660691766
  }
}