{
  "language": "be_by",
  "dataset": "fleurs",
  "num_samples": 100,
  "metrics": {
    "mse": {
      "mean": 0.012414593453442237,
      "std": 0.009829654021525665,
      "min": 0.0007758060334745519,
      "max": 0.04553641655863892,
      "median": 0.008904673760432403
    },
    "snr_db": {
      "mean": 0.31071393234074746,
      "std": 1.8160549743419512,
      "min": -4.871944387786039,
      "max": 4.300230599951814,
      "median": 0.5948101795499354
    },
    "sdr_db": {
      "mean": 0.30858622503587047,
      "std": 1.7852838396911805,
      "min": -4.851781598403418,
      "max": 3.799010152665172,
      "median": 0.512045950955498
    },
    "pesq": {
      "mean": 1.491965082883835,
      "std": 0.3018573942085241,
      "min": 1.0668069124221802,
      "max": 2.189673900604248,
      "median": 1.5050354599952698
    },
    "stoi": {
      "mean": 0.7662637213767407,
      "std": 0.05625832667509985,
      "min": 0.6207018427056269,
      "max": 0.8804955607764958,
      "median": 0.7688584309871327
    },
    "estoi": {
      "mean": 0.5753279712831302,
      "std": 0.08012139269253944,
      "min": 0.3603217674138391,
      "max": 0.7388986656961413,
      "median": 0.5935688999142897
    }
  },
  "tokens_per_second": {
    "mean": 40.0334680723837,
    "std": 0.02858029988496874
  },
  "compression_ratio": {
    "mean": 399.6658025976776,
    "std": 0.28508876854468584
  }
}