{
  "language": "pl_pl",
  "dataset": "fleurs",
  "num_samples": 100,
  "metrics": {
    "mse": {
      "mean": 0.008511854794394869,
      "std": 0.005501468064839077,
      "min": 0.0006875140088132852,
      "max": 0.024770162935034146,
      "median": 0.008226481908451162
    },
    "snr_db": {
      "mean": 0.5228095900385485,
      "std": 1.4537252059183212,
      "min": -3.174951689326438,
      "max": 4.013930900999368,
      "median": 0.1325495612124123
    },
    "sdr_db": {
      "mean": 0.4388377310403374,
      "std": 1.6811856932730942,
      "min": -4.745022590254963,
      "max": 3.706017296046155,
      "median": 0.1947555301455742
    },
    "pesq": {
      "mean": 1.5429428315162659,
      "std": 0.3189752057356408,
      "min": 1.0190523862838745,
      "max": 2.1768901348114014,
      "median": 1.6292643547058105
    },
    "stoi": {
      "mean": 0.7282529782770585,
      "std": 0.09785368535023084,
      "min": 0.5183781221841641,
      "max": 0.8883893046173411,
      "median": 0.7377766330050808
    },
    "estoi": {
      "mean": 0.5464483794755569,
      "std": 0.14193230652671293,
      "min": 0.26787568805296696,
      "max": 0.7625949650407536,
      "median": 0.5565299467154452
    }
  },
  "tokens_per_second": {
    "mean": 40.03451719694701,
    "std": 0.02887371747854882
  },
  "compression_ratio": {
    "mean": 399.6553334359193,
    "std": 0.28812689207994063
  }
}