{
  "language": "ru_ru",
  "dataset": "fleurs",
  "num_samples": 100,
  "metrics": {
    "mse": {
      "mean": 0.009666462263957476,
      "std": 0.005930594941747551,
      "min": 0.0016313040750724095,
      "max": 0.03144160194767903,
      "median": 0.008648031204216042
    },
    "snr_db": {
      "mean": 1.9698415878356375,
      "std": 1.8011701630855343,
      "min": -3.0494313562725957,
      "max": 4.578946198063777,
      "median": 2.5437936382548374
    },
    "sdr_db": {
      "mean": 2.027811383109449,
      "std": 1.7297487712433735,
      "min": -3.0143185886640107,
      "max": 4.793575419853449,
      "median": 2.4292065459596444
    },
    "pesq": {
      "mean": 1.6680673170089722,
      "std": 0.3016838462200762,
      "min": 1.0317564010620117,
      "max": 2.279052257537842,
      "median": 1.7223792672157288
    },
    "stoi": {
      "mean": 0.774004590378808,
      "std": 0.09217741348484065,
      "min": 0.3987374170273252,
      "max": 0.8893571914376579,
      "median": 0.7919351188519552
    },
    "estoi": {
      "mean": 0.5965868442258386,
      "std": 0.13308527571402068,
      "min": 0.17113188087324677,
      "max": 0.8152074502182267,
      "median": 0.6055285233950035
    }
  },
  "tokens_per_second": {
    "mean": 40.04531092575625,
    "std": 0.03658024969683182
  },
  "compression_ratio": {
    "mean": 399.5477365987084,
    "std": 0.36472648350886694
  }
}