{
  "language": "cmn_hans_cn",
  "dataset": "fleurs",
  "num_samples": 100,
  "metrics": {
    "mse": {
      "mean": 0.009908595514313445,
      "std": 0.004488948131570108,
      "min": 0.0032344835833716893,
      "max": 0.021800322630497568,
      "median": 0.008676620065048157
    },
    "snr_db": {
      "mean": 1.7946344078524152,
      "std": 1.8400939463357724,
      "min": -3.083330893442933,
      "max": 5.92202235888945,
      "median": 1.9314460166167153
    },
    "sdr_db": {
      "mean": 1.7832439633865844,
      "std": 1.8120946338464003,
      "min": -3.140581421590108,
      "max": 5.812662112191813,
      "median": 1.9996652689466465
    },
    "pesq": {
      "mean": 1.7149508440494536,
      "std": 0.2546373730056738,
      "min": 1.2101396322250366,
      "max": 2.632963180541992,
      "median": 1.7293819189071655
    },
    "stoi": {
      "mean": 0.770440995427711,
      "std": 0.09606822128910462,
      "min": 0.5234702783728206,
      "max": 0.8807884647558447,
      "median": 0.8143278499002133
    },
    "estoi": {
      "mean": 0.6095843703853283,
      "std": 0.12954190708074864,
      "min": 0.28017600631498996,
      "max": 0.7904543626242682,
      "median": 0.6421470375924831
    }
  },
  "tokens_per_second": {
    "mean": 40.04477928231794,
    "std": 0.04065238621550013
  },
  "compression_ratio": {
    "mean": 399.5531190289374,
    "std": 0.4049728632474178
  }
}