{
  "language": "jazz",
  "dataset": "gtzan",
  "num_samples": 25,
  "metrics": {
    "mse": {
      "mean": 0.014970048446632585,
      "std": 0.007220988712046939,
      "min": 0.0064689685497844405,
      "max": 0.03573675960344923,
      "median": 0.012537639338031882
    },
    "snr_db": {
      "mean": 0.12381872436252726,
      "std": 0.51472632650787,
      "min": -0.8650576807134973,
      "max": 1.222661440614167,
      "median": 0.0767690204184888
    },
    "sdr_db": {
      "mean": 0.23877390552294472,
      "std": 0.4650574917867144,
      "min": -0.35478276602400005,
      "max": 1.5236209467780566,
      "median": 0.14281454140859312
    },
    "pesq": {
      "mean": 1.1818703842163085,
      "std": 0.10249512853059083,
      "min": 1.0377572774887085,
      "max": 1.4346030950546265,
      "median": 1.1736838817596436
    },
    "stoi": {
      "mean": 0.4634810520530694,
      "std": 0.09683107401182965,
      "min": 0.31263556520655617,
      "max": 0.6848555463219514,
      "median": 0.4671676634930525
    },
    "estoi": {
      "mean": 0.25579104427612465,
      "std": 0.05270944865385774,
      "min": 0.177040985368346,
      "max": 0.3418994392263108,
      "median": 0.2513884472653189
    }
  },
  "tokens_per_second": {
    "mean": 40.01554864504665,
    "std": 0.0
  },
  "compression_ratio": {
    "mean": 551.0358034970857,
    "std": 1.1368683772161603e-13
  }
}