{
  "language": "reggae",
  "dataset": "gtzan",
  "num_samples": 25,
  "metrics": {
    "mse": {
      "mean": 0.018265776057028556,
      "std": 0.006227989041359407,
      "min": 0.008777760636727331,
      "max": 0.0316387209480617,
      "median": 0.017094748279597203
    },
    "snr_db": {
      "mean": 0.6522489959453615,
      "std": 0.5266906175043351,
      "min": -0.4528587324177766,
      "max": 1.5919726119288118,
      "median": 0.7650961336672342
    },
    "sdr_db": {
      "mean": 0.6717438525758223,
      "std": 0.5271827276828821,
      "min": -0.39781775443489403,
      "max": 1.4742511496251116,
      "median": 0.7623034734392898
    },
    "pesq": {
      "mean": 1.112753620147705,
      "std": 0.04207931205207309,
      "min": 1.0399373769760132,
      "max": 1.2850040197372437,
      "median": 1.1066757440567017
    },
    "stoi": {
      "mean": 0.610839014819839,
      "std": 0.05615041222834868,
      "min": 0.4574754261784645,
      "max": 0.6903993787003719,
      "median": 0.6237787559636003
    },
    "estoi": {
      "mean": 0.35103297428780833,
      "std": 0.05166080742908842,
      "min": 0.2046899635738917,
      "max": 0.445325087095477,
      "median": 0.3694927103301892
    }
  },
  "tokens_per_second": {
    "mean": 40.01554864504665,
    "std": 0.0
  },
  "compression_ratio": {
    "mean": 551.0358034970857,
    "std": 1.1368683772161603e-13
  }
}