{
  "language": "ukraine",
  "dataset": "eurospeech",
  "num_samples": 100,
  "metrics": {
    "mse": {
      "mean": 0.016294973346545602,
      "std": 0.0069235617820726835,
      "min": 0.0029869282080538435,
      "max": 0.03667543589359174,
      "median": 0.015729131350997592
    },
    "snr_db": {
      "mean": 1.5559722645641312,
      "std": 0.7815543070261409,
      "min": 0.003907047580770078,
      "max": 3.03926585777102,
      "median": 1.5839130169359938
    },
    "sdr_db": {
      "mean": 1.4515922617501977,
      "std": 0.8343735193085194,
      "min": -1.1824382559575852,
      "max": 2.8726282738838735,
      "median": 1.4501203264098317
    },
    "pesq": {
      "mean": 1.5412874484062196,
      "std": 0.1745283946495756,
      "min": 1.0956709384918213,
      "max": 2.0252161026000977,
      "median": 1.54302179813385
    },
    "stoi": {
      "mean": 0.7242754777461456,
      "std": 0.09323576634028759,
      "min": 0.27252510689284687,
      "max": 0.8339749574754425,
      "median": 0.7248619677457789
    },
    "estoi": {
      "mean": 0.5672825200331311,
      "std": 0.09449374281018429,
      "min": 0.19101321657507606,
      "max": 0.718989130334742,
      "median": 0.564976095901387
    }
  },
  "tokens_per_second": {
    "mean": 40.03478019787952,
    "std": 0.0229869938922336
  },
  "compression_ratio": {
    "mean": 399.6526319260108,
    "std": 0.22946291930648452
  }
}