{
  "language": "ko_kr",
  "dataset": "fleurs",
  "num_samples": 100,
  "metrics": {
    "mse": {
      "mean": 0.009831989831952971,
      "std": 0.006082206705929072,
      "min": 0.0006062062866493863,
      "max": 0.047000562793846345,
      "median": 0.008860894121152776
    },
    "snr_db": {
      "mean": 1.8116084627133155,
      "std": 2.53611377959242,
      "min": -4.133028854136073,
      "max": 8.208316008182573,
      "median": 2.106685455495116
    },
    "sdr_db": {
      "mean": 1.5524981505272448,
      "std": 2.752945030893343,
      "min": -6.139744632652999,
      "max": 7.606085034431957,
      "median": 1.9016346687736037
    },
    "pesq": {
      "mean": 1.6884244740009309,
      "std": 0.34374234094513956,
      "min": 1.0360199213027954,
      "max": 2.4898064136505127,
      "median": 1.65674889087677
    },
    "stoi": {
      "mean": 0.7175952857580971,
      "std": 0.13114445289806922,
      "min": 0.34803708052487514,
      "max": 0.8848123478236251,
      "median": 0.7294047598852101
    },
    "estoi": {
      "mean": 0.5725735743295296,
      "std": 0.16435725982464952,
      "min": 0.23017759474282945,
      "max": 0.8115203093435466,
      "median": 0.5493004935611632
    }
  },
  "tokens_per_second": {
    "mean": 40.035992872362804,
    "std": 0.028465119285449716
  },
  "compression_ratio": {
    "mean": 399.64059678401316,
    "std": 0.2840091200876322
  }
}