{
  "language": "Animal Sound Archive",
  "dataset": "naturelm",
  "num_samples": 100,
  "metrics": {
    "mse": {
      "mean": 0.015182393824232743,
      "std": 0.012017504299333265,
      "min": 0.0007300082268827421,
      "max": 0.07262288444402237,
      "median": 0.01285781887705054
    },
    "snr_db": {
      "mean": -0.7477863965765036,
      "std": 0.9704434358967646,
      "min": -3.798304383003923,
      "max": 4.249802471142425,
      "median": -0.5980025038733567
    },
    "sdr_db": {
      "mean": -0.8667992676584649,
      "std": 1.083795864429149,
      "min": -4.437739309889218,
      "max": 4.353775123140635,
      "median": -0.6945297471616214
    },
    "pesq": {
      "mean": 1.2167683097780968,
      "std": 0.14079650849712835,
      "min": 1.022173523902893,
      "max": 1.7562209367752075,
      "median": 1.1911312937736511
    },
    "stoi": {
      "mean": 0.23241069951461657,
      "std": 0.11788198442916671,
      "min": 0.03250677404215734,
      "max": 0.6252943497836081,
      "median": 0.19923858097240432
    },
    "estoi": {
      "mean": 0.12457855287613716,
      "std": 0.05301236701258746,
      "min": -0.003951729641408215,
      "max": 0.3380880185444212,
      "median": 0.11770638617278978
    }
  },
  "tokens_per_second": {
    "mean": 40.0379101564089,
    "std": 0.05579573466439171
  },
  "compression_ratio": {
    "mean": 399.62202746797016,
    "std": 0.552596105248107
  }
}