{
  "language": "te_in",
  "dataset": "fleurs",
  "num_samples": 100,
  "metrics": {
    "mse": {
      "mean": 0.014985009252651569,
      "std": 0.009948773558523579,
      "min": 0.0028985261455559425,
      "max": 0.05065232196241198,
      "median": 0.011976542856746646
    },
    "snr_db": {
      "mean": 1.5720694980404122,
      "std": 2.0744971664073044,
      "min": -8.128162883661723,
      "max": 6.14197652712801,
      "median": 1.8380851783882877
    },
    "sdr_db": {
      "mean": 1.620037767608137,
      "std": 2.0839764543312227,
      "min": -8.213833847705278,
      "max": 6.154816363914241,
      "median": 1.8612774712522238
    },
    "pesq": {
      "mean": 1.604347038269043,
      "std": 0.26491166916525055,
      "min": 1.1015921831130981,
      "max": 2.2481300830841064,
      "median": 1.5968773365020752
    },
    "stoi": {
      "mean": 0.6836535928991972,
      "std": 0.14025775224202086,
      "min": 0.11926392417590564,
      "max": 0.8751187508882761,
      "median": 0.7146138386053518
    },
    "estoi": {
      "mean": 0.5275856181182715,
      "std": 0.1550206695618459,
      "min": 0.0738741252402418,
      "max": 0.789170317293402,
      "median": 0.5553985834246737
    }
  },
  "tokens_per_second": {
    "mean": 40.030379735812,
    "std": 0.028452239625739274
  },
  "compression_ratio": {
    "mean": 399.69663490197127,
    "std": 0.28378285644068585
  }
}