{
  "language": "france",
  "dataset": "eurospeech",
  "num_samples": 100,
  "metrics": {
    "mse": {
      "mean": 0.007794009059989479,
      "std": 0.002543954522448102,
      "min": 0.0027414898171417047,
      "max": 0.012652461707923664,
      "median": 0.0073851438751727175
    },
    "snr_db": {
      "mean": 3.1384563109164425,
      "std": 0.7389443128639992,
      "min": 0.4887377404476953,
      "max": 4.992213196351648,
      "median": 3.2790553721152307
    },
    "sdr_db": {
      "mean": 3.054816060766135,
      "std": 0.8873156018183165,
      "min": -1.4667487215568373,
      "max": 5.035035736517982,
      "median": 3.2186985115975393
    },
    "pesq": {
      "mean": 1.7647598779201508,
      "std": 0.1041683147223633,
      "min": 1.5878314971923828,
      "max": 2.157590627670288,
      "median": 1.7597139477729797
    },
    "stoi": {
      "mean": 0.8313627217644389,
      "std": 0.023439958267368468,
      "min": 0.7152236362955959,
      "max": 0.8713093258587319,
      "median": 0.8355151873856407
    },
    "estoi": {
      "mean": 0.6855107105251561,
      "std": 0.03045761396528611,
      "min": 0.5434462095542274,
      "max": 0.7543824668327286,
      "median": 0.6849111724522301
    }
  },
  "tokens_per_second": {
    "mean": 40.039260284535715,
    "std": 0.021835731725615367
  },
  "compression_ratio": {
    "mean": 399.60790096629023,
    "std": 0.2179247895380552
  }
}