{
  "language": "am_et",
  "dataset": "fleurs",
  "num_samples": 100,
  "metrics": {
    "mse": {
      "mean": 0.00956233239968783,
      "std": 0.005740875366390942,
      "min": 0.0020082928405530495,
      "max": 0.030147837696554904,
      "median": 0.008217088274281284
    },
    "snr_db": {
      "mean": 0.37751608299557565,
      "std": 2.3833012697300533,
      "min": -7.796113400516621,
      "max": 4.7827251523895224,
      "median": -0.10642159565877381
    },
    "sdr_db": {
      "mean": 0.2720048348153821,
      "std": 2.2519771923852745,
      "min": -7.848845574685313,
      "max": 4.900316241389899,
      "median": -0.05859363277927952
    },
    "pesq": {
      "mean": 1.3909882819652557,
      "std": 0.29780542933143045,
      "min": 1.0407178401947021,
      "max": 2.1007213592529297,
      "median": 1.3004319667816162
    },
    "stoi": {
      "mean": 0.646218843995993,
      "std": 0.15678321848118953,
      "min": 0.295717260842081,
      "max": 0.8725331774923755,
      "median": 0.666036873456602
    },
    "estoi": {
      "mean": 0.457500212781231,
      "std": 0.18346849153090328,
      "min": 0.14602860886924474,
      "max": 0.7625769078699175,
      "median": 0.40289952336724416
    }
  },
  "tokens_per_second": {
    "mean": 40.03699125261982,
    "std": 0.03112342764491639
  },
  "compression_ratio": {
    "mean": 399.63067062916195,
    "std": 0.31051405999862713
  }
}