{
  "language": "yo_ng",
  "dataset": "fleurs",
  "num_samples": 100,
  "metrics": {
    "mse": {
      "mean": 0.0053854126327782526,
      "std": 0.0027817954465745587,
      "min": 0.0011505840512170177,
      "max": 0.017349442380344145,
      "median": 0.004946391023175567
    },
    "snr_db": {
      "mean": 1.791271449678342,
      "std": 1.6151010728640716,
      "min": -5.212873623179584,
      "max": 4.036304186350501,
      "median": 2.0821982125180636
    },
    "sdr_db": {
      "mean": 1.6515159129180281,
      "std": 1.6456003571504956,
      "min": -5.441462624985328,
      "max": 3.863701944774462,
      "median": 1.9891248367951317
    },
    "pesq": {
      "mean": 1.7633066964149475,
      "std": 0.23012175346372976,
      "min": 1.1930229663848877,
      "max": 2.3661904335021973,
      "median": 1.7642961740493774
    },
    "stoi": {
      "mean": 0.7796904660502659,
      "std": 0.06700784602770019,
      "min": 0.5267685634834315,
      "max": 0.8674840935832553,
      "median": 0.7922994572991482
    },
    "estoi": {
      "mean": 0.6113630328523273,
      "std": 0.09646035717549754,
      "min": 0.3730906083166894,
      "max": 0.8069850020187846,
      "median": 0.6104588816795109
    }
  },
  "tokens_per_second": {
    "mean": 40.032173801573805,
    "std": 0.03109363596688352
  },
  "compression_ratio": {
    "mean": 399.6787612108869,
    "std": 0.30982582458175784
  }
}