{
  "language": "serbia",
  "dataset": "eurospeech",
  "num_samples": 100,
  "metrics": {
    "mse": {
      "mean": 0.00785461850199899,
      "std": 0.005693716074874763,
      "min": 0.003138413022701296,
      "max": 0.060907217235374046,
      "median": 0.007217511309263982
    },
    "snr_db": {
      "mean": 2.8249905895106604,
      "std": 0.7457802077344341,
      "min": -0.7705628045351843,
      "max": 4.178590877833334,
      "median": 2.9507466638504423
    },
    "sdr_db": {
      "mean": 2.818002753390045,
      "std": 0.7766251303697316,
      "min": -0.9577413947615717,
      "max": 4.211294366861472,
      "median": 2.93547051955343
    },
    "pesq": {
      "mean": 1.8182202100753784,
      "std": 0.13768056163796386,
      "min": 1.2574081420898438,
      "max": 2.08237624168396,
      "median": 1.8353360891342163
    },
    "stoi": {
      "mean": 0.7205558356111967,
      "std": 0.08943275956735681,
      "min": -0.019701048424331527,
      "max": 0.8241047487628375,
      "median": 0.7287864119234855
    },
    "estoi": {
      "mean": 0.5098233602031926,
      "std": 0.07204052363141705,
      "min": -0.016511991050990632,
      "max": 0.6175822434308758,
      "median": 0.5146809663581158
    }
  },
  "tokens_per_second": {
    "mean": 40.03844804813926,
    "std": 0.07534625597392752
  },
  "compression_ratio": {
    "mean": 399.6172811176114,
    "std": 0.7399148313413352
  }
}