{
  "language": "croatia",
  "dataset": "eurospeech",
  "num_samples": 100,
  "metrics": {
    "mse": {
      "mean": 0.0178808979419098,
      "std": 0.005560796756602366,
      "min": 0.004671456243720258,
      "max": 0.03322724101820501,
      "median": 0.017359490838318087
    },
    "snr_db": {
      "mean": 0.47037730426445085,
      "std": 0.4180220898828955,
      "min": -0.6514361273519684,
      "max": 1.5356419881247472,
      "median": 0.46003974329782826
    },
    "sdr_db": {
      "mean": 0.44879164417884304,
      "std": 0.42671161017653664,
      "min": -0.6858705957228842,
      "max": 1.6093848547904464,
      "median": 0.4406791461985958
    },
    "pesq": {
      "mean": 1.4008005571365356,
      "std": 0.08538310682940874,
      "min": 1.2308269739151,
      "max": 1.6457500457763672,
      "median": 1.404090166091919
    },
    "stoi": {
      "mean": 0.6440051932372944,
      "std": 0.07821862025027343,
      "min": 0.4045283154655819,
      "max": 0.7866168302200054,
      "median": 0.6501035331907691
    },
    "estoi": {
      "mean": 0.40338052930089924,
      "std": 0.07588611464518126,
      "min": 0.24472026591765786,
      "max": 0.5621445662478249,
      "median": 0.4108662853470009
    }
  },
  "tokens_per_second": {
    "mean": 40.03333496320721,
    "std": 0.02166423788125076
  },
  "compression_ratio": {
    "mean": 399.66704496508953,
    "std": 0.21624777436764542
  }
}