{
  "language": "ast_es",
  "dataset": "fleurs",
  "num_samples": 100,
  "metrics": {
    "mse": {
      "mean": 0.00977286294522669,
      "std": 0.00668690724569861,
      "min": 0.0024914841665055524,
      "max": 0.03421290816438494,
      "median": 0.006879610019106128
    },
    "snr_db": {
      "mean": 2.1244205504449063,
      "std": 2.0516127828012998,
      "min": -1.7724956679522443,
      "max": 7.095372055626864,
      "median": 2.1065632908979035
    },
    "sdr_db": {
      "mean": 2.047701724844905,
      "std": 2.132084571259955,
      "min": -3.50286046282271,
      "max": 7.151796061182398,
      "median": 2.0980171526229485
    },
    "pesq": {
      "mean": 1.7727589881420136,
      "std": 0.30224087121444654,
      "min": 1.0579438209533691,
      "max": 2.4367926120758057,
      "median": 1.8279573917388916
    },
    "stoi": {
      "mean": 0.8114119321365122,
      "std": 0.07547412465687606,
      "min": 0.5747238524478953,
      "max": 0.8974594227698351,
      "median": 0.8405046152033682
    },
    "estoi": {
      "mean": 0.6570834786331416,
      "std": 0.14590776582549322,
      "min": 0.27475186340597535,
      "max": 0.8343939589304674,
      "median": 0.712667371292946
    }
  },
  "tokens_per_second": {
    "mean": 40.042720551283715,
    "std": 0.03572169121760292
  },
  "compression_ratio": {
    "mean": 399.5735679802191,
    "std": 0.3561511321647217
  }
}