{
  "language": "classical",
  "dataset": "gtzan",
  "num_samples": 25,
  "metrics": {
    "mse": {
      "mean": 0.016585531893800774,
      "std": 0.007293587974137538,
      "min": 0.004441509550746669,
      "max": 0.03649849240356502,
      "median": 0.013644422943924
    },
    "snr_db": {
      "mean": 0.20131444118718456,
      "std": 0.3080355930254171,
      "min": -0.27227730563134395,
      "max": 1.1239033684830437,
      "median": 0.07337882878631077
    },
    "sdr_db": {
      "mean": 0.14601513901596158,
      "std": 0.2893209820478955,
      "min": -0.2764148458785601,
      "max": 0.797855221923884,
      "median": 0.046572500221831584
    },
    "pesq": {
      "mean": 1.223964009284973,
      "std": 0.055586985122820926,
      "min": 1.092529535293579,
      "max": 1.332383632659912,
      "median": 1.2257938385009766
    },
    "stoi": {
      "mean": 0.3210664698971144,
      "std": 0.06664567034869538,
      "min": 0.18893348852423145,
      "max": 0.4417862602118721,
      "median": 0.3270319079772546
    },
    "estoi": {
      "mean": 0.19055077482439536,
      "std": 0.027981466297971616,
      "min": 0.12923168731770443,
      "max": 0.24241289760130377,
      "median": 0.18403272070762322
    }
  },
  "tokens_per_second": {
    "mean": 40.01554864504665,
    "std": 0.0
  },
  "compression_ratio": {
    "mean": 551.0358034970857,
    "std": 1.1368683772161603e-13
  }
}