{
  "language": "blues",
  "dataset": "gtzan",
  "num_samples": 25,
  "metrics": {
    "mse": {
      "mean": 0.020649747998769223,
      "std": 0.008581395791509024,
      "min": 0.009100532910012367,
      "max": 0.04780263569480875,
      "median": 0.01892704608086832
    },
    "snr_db": {
      "mean": 0.4505658206840832,
      "std": 0.6128942699123638,
      "min": -0.3596317195605358,
      "max": 1.956438490402448,
      "median": 0.37964891714412397
    },
    "sdr_db": {
      "mean": 0.5068037360502803,
      "std": 0.7018492976638906,
      "min": -0.40294764080564466,
      "max": 2.2692204996100416,
      "median": 0.47876226559537466
    },
    "pesq": {
      "mean": 1.2115054416656494,
      "std": 0.07558811959085292,
      "min": 1.0589274168014526,
      "max": 1.4471904039382935,
      "median": 1.1951425075531006
    },
    "stoi": {
      "mean": 0.6012995883201231,
      "std": 0.057232078819757344,
      "min": 0.4688530359949194,
      "max": 0.6790083890341351,
      "median": 0.608513826139214
    },
    "estoi": {
      "mean": 0.33469296519215425,
      "std": 0.04484855928343386,
      "min": 0.21981563938286303,
      "max": 0.41837938524019674,
      "median": 0.3370784381684066
    }
  },
  "tokens_per_second": {
    "mean": 40.01554864504665,
    "std": 0.0
  },
  "compression_ratio": {
    "mean": 551.0358034970857,
    "std": 1.1368683772161603e-13
  }
}