{
  "language": "hy_am",
  "dataset": "fleurs",
  "num_samples": 100,
  "metrics": {
    "mse": {
      "mean": 0.013196691731657306,
      "std": 0.005806715966436962,
      "min": 0.003051038011658236,
      "max": 0.030137979705364446,
      "median": 0.012738537120875148
    },
    "snr_db": {
      "mean": 0.8254527845027603,
      "std": 2.067880660215615,
      "min": -4.1457391264135355,
      "max": 5.179635851939617,
      "median": 0.32595982633430215
    },
    "sdr_db": {
      "mean": 0.7600611392830757,
      "std": 2.107332691959378,
      "min": -4.463913056196664,
      "max": 5.069772608535401,
      "median": 0.28758724085256804
    },
    "pesq": {
      "mean": 1.4642711830139161,
      "std": 0.3330493242216671,
      "min": 1.0380120277404785,
      "max": 2.2814509868621826,
      "median": 1.4651778936386108
    },
    "stoi": {
      "mean": 0.6885618399426842,
      "std": 0.15897834406181968,
      "min": 0.32988105060139694,
      "max": 0.8818451820926942,
      "median": 0.7248635849368729
    },
    "estoi": {
      "mean": 0.49425946647580105,
      "std": 0.18351997850328372,
      "min": 0.12179444852042703,
      "max": 0.7776619269731083,
      "median": 0.5192283524183288
    }
  },
  "tokens_per_second": {
    "mean": 40.037679084931874,
    "std": 0.02956279694217955
  },
  "compression_ratio": {
    "mean": 399.62378147971936,
    "std": 0.294884038846055
  }
}