{
  "language": "ro_ro",
  "dataset": "fleurs",
  "num_samples": 100,
  "metrics": {
    "mse": {
      "mean": 0.009929598595892512,
      "std": 0.007432348053224675,
      "min": 0.00021916808645763044,
      "max": 0.04408575181374008,
      "median": 0.007505097717341945
    },
    "snr_db": {
      "mean": 1.821207060818052,
      "std": 3.332235137225851,
      "min": -12.048654787250308,
      "max": 6.206650947241168,
      "median": 2.6904044694690112
    },
    "sdr_db": {
      "mean": 1.7126787285277414,
      "std": 3.614747664037721,
      "min": -12.934481847266882,
      "max": 6.308295207520735,
      "median": 2.7248234022970275
    },
    "pesq": {
      "mean": 1.7109809553623199,
      "std": 0.33277995103300456,
      "min": 1.1069785356521606,
      "max": 2.312068462371826,
      "median": 1.7155408263206482
    },
    "stoi": {
      "mean": 0.7504362454448329,
      "std": 0.0964713342699406,
      "min": 0.5195761642517985,
      "max": 0.8958159201060342,
      "median": 0.7741306419047804
    },
    "estoi": {
      "mean": 0.5922413428892057,
      "std": 0.11593645363065638,
      "min": 0.33073524951514754,
      "max": 0.7821012209016074,
      "median": 0.5969341739928891
    }
  },
  "tokens_per_second": {
    "mean": 40.037185461062265,
    "std": 0.029623287018521148
  },
  "compression_ratio": {
    "mean": 399.6287094448206,
    "std": 0.2955651194631103
  }
}