{
  "language": "bulgaria",
  "dataset": "eurospeech",
  "num_samples": 100,
  "metrics": {
    "mse": {
      "mean": 0.01245046092135455,
      "std": 0.004388922152652857,
      "min": 0.0024695991539632335,
      "max": 0.024006743824155203,
      "median": 0.011732295778215721
    },
    "snr_db": {
      "mean": 1.2182498548832652,
      "std": 0.4125578503108727,
      "min": 0.11257673085258535,
      "max": 2.2575713884315993,
      "median": 1.2565620285067571
    },
    "sdr_db": {
      "mean": 1.1333382104065468,
      "std": 0.48590758804911466,
      "min": -0.47330687558929246,
      "max": 2.2119288487436295,
      "median": 1.1947511827455268
    },
    "pesq": {
      "mean": 1.6528400385379791,
      "std": 0.09134500795554355,
      "min": 1.443024754524231,
      "max": 1.9762755632400513,
      "median": 1.6442297101020813
    },
    "stoi": {
      "mean": 0.7233826697009533,
      "std": 0.06641869111727969,
      "min": 0.3700356758729555,
      "max": 0.7957088282759966,
      "median": 0.7403305859712971
    },
    "estoi": {
      "mean": 0.48110889254141087,
      "std": 0.0609328210537541,
      "min": 0.22641794600460446,
      "max": 0.5705573684951292,
      "median": 0.4976324714144975
    }
  },
  "tokens_per_second": {
    "mean": 40.03259821360368,
    "std": 0.02010046921158832
  },
  "compression_ratio": {
    "mean": 399.67438406001094,
    "std": 0.20065922582205287
  }
}