{
  "language": "italy",
  "dataset": "eurospeech",
  "num_samples": 100,
  "metrics": {
    "mse": {
      "mean": 0.019522558543554572,
      "std": 0.008123101218386894,
      "min": 0.007956058133738541,
      "max": 0.055646749450493395,
      "median": 0.01832193545377029
    },
    "snr_db": {
      "mean": -0.27592765686584897,
      "std": 0.8086509957723554,
      "min": -1.9345940242259472,
      "max": 1.3464491067970594,
      "median": -0.2683042334536029
    },
    "sdr_db": {
      "mean": -0.28571718145906294,
      "std": 0.81136549116359,
      "min": -2.4436673319724433,
      "max": 1.517343224838097,
      "median": -0.23735719443300174
    },
    "pesq": {
      "mean": 1.711798883676529,
      "std": 0.11934570476028421,
      "min": 1.4930768013000488,
      "max": 1.9532756805419922,
      "median": 1.6988883018493652
    },
    "stoi": {
      "mean": 0.8323691491905316,
      "std": 0.022153970062340274,
      "min": 0.7893510405941314,
      "max": 0.8745302700557749,
      "median": 0.8381924594265577
    },
    "estoi": {
      "mean": 0.6621478966307184,
      "std": 0.046573988871381256,
      "min": 0.5715073635381498,
      "max": 0.7615417836435289,
      "median": 0.6694144054833944
    }
  },
  "tokens_per_second": {
    "mean": 40.03458098238023,
    "std": 0.020649201375482318
  },
  "compression_ratio": {
    "mean": 399.65459519097254,
    "std": 0.20611712431873186
  }
}