{
  "language": "denmark",
  "dataset": "eurospeech",
  "num_samples": 100,
  "metrics": {
    "mse": {
      "mean": 0.006871618721035601,
      "std": 0.0025160618779775747,
      "min": 0.0029436421502565006,
      "max": 0.014129215500127348,
      "median": 0.006525723764847228
    },
    "snr_db": {
      "mean": 2.2024334799279424,
      "std": 0.43430637647316084,
      "min": 0.8719548420051406,
      "max": 3.165266268534819,
      "median": 2.232210607704843
    },
    "sdr_db": {
      "mean": 2.1581501097047227,
      "std": 0.4635838671054572,
      "min": 0.4473024909155969,
      "max": 3.0739763395541866,
      "median": 2.189401602589963
    },
    "pesq": {
      "mean": 1.8054396307468414,
      "std": 0.12145115335096274,
      "min": 1.5645480155944824,
      "max": 2.1280343532562256,
      "median": 1.777040421962738
    },
    "stoi": {
      "mean": 0.8380646944310455,
      "std": 0.04262542975176028,
      "min": 0.5121445774423946,
      "max": 0.8878224299352768,
      "median": 0.8422582900094326
    },
    "estoi": {
      "mean": 0.6629338848313405,
      "std": 0.07110481089716131,
      "min": 0.27960131583656217,
      "max": 0.7619800952155604,
      "median": 0.6554175765958894
    }
  },
  "tokens_per_second": {
    "mean": 40.032306449672355,
    "std": 0.0203127679673283
  },
  "compression_ratio": {
    "mean": 399.6772991072728,
    "std": 0.20277100213200905
  }
}