{
  "language": "NatureLM",
  "dataset": "naturelm",
  "num_samples": 100,
  "num_failed": 0,
  "metrics": {
    "mse": {
      "mean": 0.0957906404588064,
      "std": 0.1630277023565873,
      "min": 0.002074766459290916,
      "max": 0.7741355430048332,
      "median": 0.02783577748018018
    },
    "snr_db": {
      "mean": 0.2719376348337334,
      "std": 1.7889465413440155,
      "min": -3.6943245913424794,
      "max": 9.354079530824967,
      "median": -0.08789468040224546
    },
    "sdr_db": {
      "mean": NaN,
      "std": NaN,
      "min": NaN,
      "max": NaN,
      "median": NaN
    },
    "pesq": {
      "mean": 1.3629258718601494,
      "std": 0.4483574304536281,
      "min": 1.0378949642181396,
      "max": 3.0914804935455322,
      "median": 1.161309838294983
    },
    "stoi": {
      "mean": 0.25518098507750336,
      "std": 0.23790325518367708,
      "min": -0.001305816057982996,
      "max": 0.9520919051910259,
      "median": 0.20280444735716074
    },
    "estoi": {
      "mean": 0.11751449877210746,
      "std": 0.13752399876578641,
      "min": -0.03892068394043115,
      "max": 0.6720682741213425,
      "median": 0.0678056541128106
    }
  },
  "tokens_per_second": {
    "mean": 40.068687974699436,
    "std": 0.17597933638771882
  },
  "compression_ratio": {
    "mean": 399.3218874177011,
    "std": 1.7281222460721657
  }
}