{
  "language": "slovenia",
  "dataset": "eurospeech",
  "num_samples": 100,
  "metrics": {
    "mse": {
      "mean": 0.017333011335615198,
      "std": 0.006731046437246528,
      "min": 0.004404513230573813,
      "max": 0.037169788241969294,
      "median": 0.016739496648625493
    },
    "snr_db": {
      "mean": 1.1594069049558997,
      "std": 0.748724857747407,
      "min": -0.49883112609059616,
      "max": 2.498106112984324,
      "median": 1.0474142363938985
    },
    "sdr_db": {
      "mean": 1.0850142187225078,
      "std": 0.8114523867619003,
      "min": -0.7841940373034336,
      "max": 2.617612828125838,
      "median": 0.9772521422962102
    },
    "pesq": {
      "mean": 1.537803248167038,
      "std": 0.0714888751829065,
      "min": 1.358483910560608,
      "max": 1.687856912612915,
      "median": 1.5421852469444275
    },
    "stoi": {
      "mean": 0.7437168446794147,
      "std": 0.04656596593015757,
      "min": 0.5245367243829496,
      "max": 0.8113015754984048,
      "median": 0.7532925531722421
    },
    "estoi": {
      "mean": 0.5711220963170229,
      "std": 0.06584054566392039,
      "min": 0.3755246271674462,
      "max": 0.6675659729837503,
      "median": 0.5819943328633583
    }
  },
  "tokens_per_second": {
    "mean": 40.03848263163112,
    "std": 0.021833071566175973
  },
  "compression_ratio": {
    "mean": 399.6156623830885,
    "std": 0.21791042234300662
  }
}