{
  "language": "th_th",
  "dataset": "fleurs",
  "num_samples": 100,
  "metrics": {
    "mse": {
      "mean": 0.015159497252389716,
      "std": 0.01216170743313102,
      "min": 0.0006975384185814266,
      "max": 0.054369785065456956,
      "median": 0.01141940905929758
    },
    "snr_db": {
      "mean": -0.34590067457573004,
      "std": 3.8249530224975095,
      "min": -14.820699514677367,
      "max": 4.062347988719885,
      "median": 0.8408186535418049
    },
    "sdr_db": {
      "mean": -0.3772308911597081,
      "std": 3.949956779294813,
      "min": -15.465978785825962,
      "max": 3.9466050386008824,
      "median": 0.8572951381476857
    },
    "pesq": {
      "mean": 1.5008079421520233,
      "std": 0.3215130778417065,
      "min": 1.0188060998916626,
      "max": 2.3208277225494385,
      "median": 1.4885656237602234
    },
    "stoi": {
      "mean": 0.7294422244557586,
      "std": 0.11655607073409255,
      "min": 0.46509896904908743,
      "max": 0.870793330744337,
      "median": 0.7665997464770918
    },
    "estoi": {
      "mean": 0.5777755107154691,
      "std": 0.1603871150629866,
      "min": 0.2638133872913191,
      "max": 0.8141091681679847,
      "median": 0.6320653061043895
    }
  },
  "tokens_per_second": {
    "mean": 40.03675671357937,
    "std": 0.0347029073378631
  },
  "compression_ratio": {
    "mean": 399.6330702403955,
    "std": 0.3460206632913783
  }
}