{
  "language": "disco",
  "dataset": "gtzan",
  "num_samples": 25,
  "num_failed": 0,
  "metrics": {
    "mse": {
      "mean": 0.060188707938518,
      "std": 0.025484360854571207,
      "min": 0.02656116241280994,
      "max": 0.11268642225594498,
      "median": 0.05769849101405679
    },
    "snr_db": {
      "mean": -1.7575970515317179,
      "std": 0.7021845983912236,
      "min": -3.3181425885251996,
      "max": -0.8360075131144271,
      "median": -1.6754029178189724
    },
    "sdr_db": {
      "mean": -1.7621245167181692,
      "std": 0.7033660221724106,
      "min": -3.329449038530838,
      "max": -0.8395039763099377,
      "median": -1.7129830968542799
    },
    "pesq": {
      "mean": 1.104341640472412,
      "std": 0.035162285733597476,
      "min": 1.0298274755477905,
      "max": 1.1932964324951172,
      "median": 1.1015467643737793
    },
    "stoi": {
      "mean": 0.5408382540965615,
      "std": 0.07889248801951249,
      "min": 0.41081099516026887,
      "max": 0.7403582059051538,
      "median": 0.527471286666324
    },
    "estoi": {
      "mean": 0.3608346319883007,
      "std": 0.05364292370779721,
      "min": 0.29881522109113223,
      "max": 0.5172942971468502,
      "median": 0.3442879493538224
    }
  },
  "tokens_per_second": {
    "mean": 50.01356217029102,
    "std": 0.005489348872799787
  },
  "compression_ratio": {
    "mean": 440.8804194045694,
    "std": 0.04837630380410428
  }
}