{
  "language": "af_za",
  "dataset": "fleurs",
  "num_samples": 100,
  "metrics": {
    "mse": {
      "mean": 0.013941355803284929,
      "std": 0.008168961168531096,
      "min": 0.0008508812783736907,
      "max": 0.04915933636279392,
      "median": 0.01420233384224407
    },
    "snr_db": {
      "mean": 0.8548621533483103,
      "std": 1.9559557820591982,
      "min": -4.512225009254898,
      "max": 5.6687829330833495,
      "median": 0.7868995343587626
    },
    "sdr_db": {
      "mean": 0.8313578674078681,
      "std": 1.977436605279813,
      "min": -6.6931806589346365,
      "max": 5.640165716145814,
      "median": 0.8784985060522263
    },
    "pesq": {
      "mean": 2.0838704717159273,
      "std": 0.48865481434553953,
      "min": 1.256649136543274,
      "max": 3.0125296115875244,
      "median": 1.9346309900283813
    },
    "stoi": {
      "mean": 0.7855750013458046,
      "std": 0.10373688542524946,
      "min": 0.5588801886514716,
      "max": 0.9244557770581041,
      "median": 0.7627281970439392
    },
    "estoi": {
      "mean": 0.6619777397601488,
      "std": 0.14499476189490465,
      "min": 0.3769878819141775,
      "max": 0.8757023635550278,
      "median": 0.622321301897478
    }
  },
  "tokens_per_second": {
    "mean": 50.09127233839977,
    "std": 0.026725515223374848
  },
  "compression_ratio": {
    "mean": 319.4170123063661,
    "std": 0.17035995354616132
  }
}