{
  "language": "ru_ru",
  "dataset": "fleurs",
  "num_samples": 100,
  "metrics": {
    "mse": {
      "mean": 0.010796046047654013,
      "std": 0.007321971345666058,
      "min": 0.0018582836347232827,
      "max": 0.03902613471431483,
      "median": 0.009361632665877091
    },
    "snr_db": {
      "mean": 1.5615942125335938,
      "std": 2.144079359912189,
      "min": -4.8607860383708505,
      "max": 5.445483421278389,
      "median": 2.177163662555119
    },
    "sdr_db": {
      "mean": 1.4381673553503278,
      "std": 2.5596044966660116,
      "min": -12.627709616313176,
      "max": 5.2019680925061405,
      "median": 2.0174664978066414
    },
    "pesq": {
      "mean": 2.106341586112976,
      "std": 0.4262555571434934,
      "min": 1.0584760904312134,
      "max": 2.9957571029663086,
      "median": 2.1539489030838013
    },
    "stoi": {
      "mean": 0.8566643069707287,
      "std": 0.06270786983669988,
      "min": 0.6219319706076963,
      "max": 0.9370056012541667,
      "median": 0.8652371647939119
    },
    "estoi": {
      "mean": 0.7292841509804863,
      "std": 0.09799385273237272,
      "min": 0.41411619160784063,
      "max": 0.8866251439296228,
      "median": 0.7350508067862416
    }
  },
  "tokens_per_second": {
    "mean": 50.100821313316374,
    "std": 0.03540817071899529
  },
  "compression_ratio": {
    "mean": 319.3562014563459,
    "std": 0.2254979610375433
  }
}