{
  "language": "ga_ie",
  "dataset": "fleurs",
  "num_samples": 100,
  "metrics": {
    "mse": {
      "mean": 0.010509313413127956,
      "std": 0.005437558059319253,
      "min": 0.0020149385451664423,
      "max": 0.02627667302588535,
      "median": 0.009026238782597692
    },
    "snr_db": {
      "mean": 0.3405463091083456,
      "std": 2.0814425747786336,
      "min": -4.19776458223282,
      "max": 4.628673858622433,
      "median": 0.43258448235123814
    },
    "sdr_db": {
      "mean": -0.17949394829349047,
      "std": 3.1746060785872654,
      "min": -11.569117792585926,
      "max": 4.766837831415701,
      "median": 0.3923037969906465
    },
    "pesq": {
      "mean": 2.105367057323456,
      "std": 0.4501482114285109,
      "min": 1.3107515573501587,
      "max": 2.9768242835998535,
      "median": 2.0328277349472046
    },
    "stoi": {
      "mean": 0.8627741135343915,
      "std": 0.051896954357374556,
      "min": 0.6856782115733991,
      "max": 0.9296034334855718,
      "median": 0.8641265871234456
    },
    "estoi": {
      "mean": 0.7447209754092742,
      "std": 0.09143212576239935,
      "min": 0.4854755298125858,
      "max": 0.874916716410254,
      "median": 0.7548482513303476
    }
  },
  "tokens_per_second": {
    "mean": 50.07072213686996,
    "std": 0.026074414256414866
  },
  "compression_ratio": {
    "mean": 319.54810418744785,
    "std": 0.16622186956162188
  }
}