{
  "language": "estonia",
  "dataset": "eurospeech",
  "num_samples": 100,
  "metrics": {
    "mse": {
      "mean": 0.010568330538790145,
      "std": 0.011936507933054955,
      "min": 0.002206665767889763,
      "max": 0.05678950098337459,
      "median": 0.005171151595985798
    },
    "snr_db": {
      "mean": 1.2539246903772392,
      "std": 2.687358267297598,
      "min": -4.210713241828588,
      "max": 4.923504591435225,
      "median": 2.327264017817987
    },
    "sdr_db": {
      "mean": 1.3042856212359368,
      "std": 2.720490666636995,
      "min": -4.26017441672196,
      "max": 4.816095397043148,
      "median": 2.398412050084854
    },
    "pesq": {
      "mean": 2.279544632434845,
      "std": 0.3125695541599012,
      "min": 1.5782889127731323,
      "max": 2.914179801940918,
      "median": 2.384613871574402
    },
    "stoi": {
      "mean": 0.8816605604653515,
      "std": 0.0522111700884406,
      "min": 0.4517063440882163,
      "max": 0.9289007196948232,
      "median": 0.8957167624033366
    },
    "estoi": {
      "mean": 0.7631709789572118,
      "std": 0.06189494367409083,
      "min": 0.3256504966748127,
      "max": 0.8522690441760812,
      "median": 0.7756024744921788
    }
  },
  "tokens_per_second": {
    "mean": 50.03712006723642,
    "std": 0.01923073224741266
  },
  "compression_ratio": {
    "mean": 319.7626550293057,
    "std": 0.12286167503766456
  }
}