{
  "language": "he_il",
  "dataset": "fleurs",
  "num_samples": 100,
  "metrics": {
    "mse": {
      "mean": 0.015135595900308736,
      "std": 0.01128023799644526,
      "min": 0.001595329959861347,
      "max": 0.058507957362341725,
      "median": 0.01201087322714629
    },
    "snr_db": {
      "mean": 0.7767315915843211,
      "std": 1.8170175371452095,
      "min": -5.24458163642276,
      "max": 4.381571068052733,
      "median": 0.9760229672645672
    },
    "sdr_db": {
      "mean": 0.7661322734198884,
      "std": 1.8692513697121662,
      "min": -5.457002431010299,
      "max": 4.442253025658583,
      "median": 0.9682823031215142
    },
    "pesq": {
      "mean": 1.9193442809581756,
      "std": 0.4439747839005941,
      "min": 1.0156010389328003,
      "max": 2.8398685455322266,
      "median": 1.8928319811820984
    },
    "stoi": {
      "mean": 0.7981912809354564,
      "std": 0.08582199294829006,
      "min": 0.6152412881372451,
      "max": 0.939557983875354,
      "median": 0.7988552668920155
    },
    "estoi": {
      "mean": 0.6487562280576484,
      "std": 0.1116952267624637,
      "min": 0.4223895850868259,
      "max": 0.8508878289666044,
      "median": 0.6414340311763957
    }
  },
  "tokens_per_second": {
    "mean": 50.10551763453165,
    "std": 0.04030652269927288
  },
  "compression_ratio": {
    "mean": 319.3263157870925,
    "std": 0.25670406985309013
  }
}