{
  "language": "sweden",
  "dataset": "eurospeech",
  "num_samples": 100,
  "metrics": {
    "mse": {
      "mean": 0.009478542966903408,
      "std": 0.005845756618580203,
      "min": 0.0026642738372016747,
      "max": 0.02612648231472932,
      "median": 0.007495443257323837
    },
    "snr_db": {
      "mean": 1.4657110998274845,
      "std": 1.0637898856324308,
      "min": -1.2539320269602894,
      "max": 4.089602108052132,
      "median": 1.4578787507802826
    },
    "sdr_db": {
      "mean": 1.5643327115819832,
      "std": 1.0722024722416574,
      "min": -1.3809028343714904,
      "max": 3.9779003884187896,
      "median": 1.523539090728649
    },
    "pesq": {
      "mean": 2.482757308483124,
      "std": 0.15155112513659064,
      "min": 2.074942111968994,
      "max": 2.850450277328491,
      "median": 2.4815852642059326
    },
    "stoi": {
      "mean": 0.9104282391144113,
      "std": 0.019209474263072124,
      "min": 0.8214801259529741,
      "max": 0.9387944699664597,
      "median": 0.9145423751403896
    },
    "estoi": {
      "mean": 0.8128895310901431,
      "std": 0.0405841086104845,
      "min": 0.6573314346333843,
      "max": 0.8705213523915463,
      "median": 0.8201011744455189
    }
  },
  "tokens_per_second": {
    "mean": 50.0400727523236,
    "std": 0.02132460642906713
  },
  "compression_ratio": {
    "mean": 319.7437978218019,
    "std": 0.13623264484456124
  }
}