{
  "language": "rock",
  "dataset": "gtzan",
  "num_samples": 25,
  "metrics": {
    "mse": {
      "mean": 0.05655870257574712,
      "std": 0.02672187108018877,
      "min": 0.012676131658461286,
      "max": 0.1310231903011221,
      "median": 0.048444560513563384
    },
    "snr_db": {
      "mean": -2.137607854654102,
      "std": 0.6831723617563901,
      "min": -3.358952643819194,
      "max": -0.6941454762139134,
      "median": -2.2037343062208947
    },
    "sdr_db": {
      "mean": -2.1598080641560284,
      "std": 0.7211475662737998,
      "min": -3.6102173186051134,
      "max": -0.7301801337314191,
      "median": -2.1875032224024817
    },
    "pesq": null,
    "stoi": null,
    "estoi": null
  },
  "tokens_per_second": {
    "mean": 50.01199526136532,
    "std": 0.00435561570136783
  },
  "compression_ratio": {
    "mean": 440.8942305129913,
    "std": 0.038382410892904534
  }
}