{
  "language": "ukraine",
  "dataset": "eurospeech",
  "num_samples": 100,
  "metrics": {
    "mse": {
      "mean": 0.019794910315939523,
      "std": 0.00793803906446408,
      "min": 0.0033478633992852103,
      "max": 0.04255314999926946,
      "median": 0.019112799671056974
    },
    "snr_db": {
      "mean": 0.6801331370707469,
      "std": 1.7112072313920494,
      "min": -3.83139243842645,
      "max": 3.7984915103819095,
      "median": 0.7857410460808093
    },
    "sdr_db": {
      "mean": 0.6398713354719016,
      "std": 1.6915935334691679,
      "min": -2.7984494782631497,
      "max": 3.5389801906610803,
      "median": 0.6325958856243797
    },
    "pesq": {
      "mean": 1.961160867214203,
      "std": 0.27225738174822917,
      "min": 1.1228601932525635,
      "max": 2.512799024581909,
      "median": 1.890298843383789
    },
    "stoi": {
      "mean": 0.8141019263453951,
      "std": 0.08595817773218928,
      "min": 0.3835303553891044,
      "max": 0.9165309524924297,
      "median": 0.8145292593020921
    },
    "estoi": {
      "mean": 0.694652045990985,
      "std": 0.09645876413876613,
      "min": 0.3010091619158171,
      "max": 0.8474541260170266,
      "median": 0.6908562058503002
    }
  },
  "tokens_per_second": {
    "mean": 50.044887941557626,
    "std": 0.02096179188674012
  },
  "compression_ratio": {
    "mean": 319.71303093910973,
    "std": 0.13390094680263023
  }
}