{
  "language": "latvia",
  "dataset": "eurospeech",
  "num_samples": 100,
  "metrics": {
    "mse": {
      "mean": 0.010590429052751855,
      "std": 0.012816050084961334,
      "min": 0.0022947232377496835,
      "max": 0.10637798821357163,
      "median": 0.007684217552647582
    },
    "snr_db": {
      "mean": -0.5644126592247771,
      "std": 1.6330605668334317,
      "min": -5.3631456717026005,
      "max": 2.897382897367551,
      "median": -0.6316000592445032
    },
    "sdr_db": {
      "mean": -0.5629209422146472,
      "std": 1.614617327266938,
      "min": -5.483966118672242,
      "max": 3.269292185534526,
      "median": -0.6034858877876779
    },
    "pesq": {
      "mean": 1.7366241693496705,
      "std": 0.17618764146993618,
      "min": 1.0980850458145142,
      "max": 2.0996577739715576,
      "median": 1.7477595806121826
    },
    "stoi": {
      "mean": 0.7931521837425263,
      "std": 0.10131627658099406,
      "min": 0.11926169831845129,
      "max": 0.9046831994420821,
      "median": 0.8203600771947501
    },
    "estoi": {
      "mean": 0.6395213524196152,
      "std": 0.10633311835246546,
      "min": 0.10071182299175531,
      "max": 0.7642814843576399,
      "median": 0.6761638889221046
    }
  },
  "tokens_per_second": {
    "mean": 50.053369740918185,
    "std": 0.12165718022997447
  },
  "compression_ratio": {
    "mean": 319.66064575141195,
    "std": 0.760289322827954
  }
}