{
  "language": "disco",
  "dataset": "gtzan",
  "num_samples": 25,
  "metrics": {
    "mse": {
      "mean": 0.06013936895872066,
      "std": 0.02542749343813419,
      "min": 0.026552920777542777,
      "max": 0.11351934562609219,
      "median": 0.05776280345284008
    },
    "snr_db": {
      "mean": -1.756543197217926,
      "std": 0.7053767788868601,
      "min": -3.309792550846802,
      "max": -0.8361926537247901,
      "median": -1.6009465303183446
    },
    "sdr_db": {
      "mean": -1.7611597741430216,
      "std": 0.706868051666873,
      "min": -3.321378590011922,
      "max": -0.8393244501260327,
      "median": -1.5971803232734898
    },
    "pesq": null,
    "stoi": null,
    "estoi": null
  },
  "tokens_per_second": {
    "mean": 50.01356217029102,
    "std": 0.005489348872799787
  },
  "compression_ratio": {
    "mean": 440.8804194045694,
    "std": 0.04837630380410428
  }
}