{
  "language": "jazz",
  "dataset": "gtzan",
  "num_samples": 25,
  "num_failed": 0,
  "metrics": {
    "mse": {
      "mean": 0.03283906520510721,
      "std": 0.013817556522823508,
      "min": 0.011853211348324764,
      "max": 0.061640535907964734,
      "median": 0.030076412352271736
    },
    "snr_db": {
      "mean": -3.340208461385316,
      "std": 0.7844421364285379,
      "min": -4.871748290096168,
      "max": -1.9085404751440846,
      "median": -3.389558180663661
    },
    "sdr_db": {
      "mean": -3.334968132963807,
      "std": 0.9228207538450527,
      "min": -4.977232272251537,
      "max": -0.7863271131130387,
      "median": -3.415599229932494
    },
    "pesq": {
      "mean": 1.1570452499389647,
      "std": 0.09739361337875942,
      "min": 1.0326154232025146,
      "max": 1.4712209701538086,
      "median": 1.1291003227233887
    },
    "stoi": {
      "mean": 0.5176987012672254,
      "std": 0.09399048835771785,
      "min": 0.33821233818804525,
      "max": 0.7195936541550408,
      "median": 0.5221284122880724
    },
    "estoi": {
      "mean": 0.3271555583172945,
      "std": 0.05372094381757997,
      "min": 0.21957987465516632,
      "max": 0.4126344131766574,
      "median": 0.3235566630672633
    }
  },
  "tokens_per_second": {
    "mean": 50.01110617503332,
    "std": 0.0
  },
  "compression_ratio": {
    "mean": 440.9020652898068,
    "std": 0.0
  }
}