{
  "language": "lb_lu",
  "dataset": "fleurs",
  "num_samples": 100,
  "metrics": {
    "mse": {
      "mean": 0.011569440357781706,
      "std": 0.007930374496564054,
      "min": 0.0010793538023214223,
      "max": 0.05139500092303407,
      "median": 0.009097219764198253
    },
    "snr_db": {
      "mean": 0.1909130785059396,
      "std": 2.2038900817207607,
      "min": -7.537470402754161,
      "max": 5.052068492471115,
      "median": -0.06863098727821992
    },
    "sdr_db": {
      "mean": 0.1881123270941921,
      "std": 2.2529581226685003,
      "min": -7.560040700475368,
      "max": 5.094098721166603,
      "median": -0.17124234910918365
    },
    "pesq": {
      "mean": 1.9772856092453004,
      "std": 0.39664411030404345,
      "min": 1.0803818702697754,
      "max": 2.636658191680908,
      "median": 2.064553737640381
    },
    "stoi": {
      "mean": 0.8662157284479862,
      "std": 0.0780820923609652,
      "min": 0.5758493400111586,
      "max": 0.93186267105037,
      "median": 0.8914616019650479
    },
    "estoi": {
      "mean": 0.7376997827398449,
      "std": 0.11218045190774442,
      "min": 0.3575041201315806,
      "max": 0.8630002033401564,
      "median": 0.7695637298444586
    }
  },
  "tokens_per_second": {
    "mean": 50.09477507928016,
    "std": 0.038892307083251657
  },
  "compression_ratio": {
    "mean": 319.3947794162132,
    "std": 0.24777025115125156
  }
}