{
  "language": "te_in",
  "dataset": "fleurs",
  "num_samples": 100,
  "metrics": {
    "mse": {
      "mean": 0.02038136926328564,
      "std": 0.013874117259435059,
      "min": 0.0026363159532392646,
      "max": 0.07519809219916213,
      "median": 0.01677306744634995
    },
    "snr_db": {
      "mean": 0.2881440204681331,
      "std": 2.1313069734393517,
      "min": -6.8061213729892795,
      "max": 5.56441151339217,
      "median": 0.30163933969586076
    },
    "sdr_db": {
      "mean": 0.3712384869574749,
      "std": 2.132105515776865,
      "min": -6.693257542168027,
      "max": 5.650220819275923,
      "median": 0.39704933162469036
    },
    "pesq": {
      "mean": 1.9173542833328248,
      "std": 0.3930851914561821,
      "min": 1.1670868396759033,
      "max": 2.9906063079833984,
      "median": 1.8533318638801575
    },
    "stoi": {
      "mean": 0.7613610245028417,
      "std": 0.12484602633870166,
      "min": 0.25612516266752344,
      "max": 0.9300015465819583,
      "median": 0.7839522646099069
    },
    "estoi": {
      "mean": 0.637068445589762,
      "std": 0.1437292914970696,
      "min": 0.19947093286673134,
      "max": 0.867916500585715,
      "median": 0.6546870318400583
    }
  },
  "tokens_per_second": {
    "mean": 50.0871600413547,
    "std": 0.035061306761719244
  },
  "compression_ratio": {
    "mean": 319.44330279321804,
    "std": 0.22335586887620223
  }
}