{
  "language": "id_id",
  "dataset": "fleurs",
  "num_samples": 100,
  "metrics": {
    "mse": {
      "mean": 0.014118980587612713,
      "std": 0.008508200142734908,
      "min": 0.0028638445723478344,
      "max": 0.0447549679872294,
      "median": 0.011764964734075588
    },
    "snr_db": {
      "mean": 1.2461406752083606,
      "std": 1.9712493389863102,
      "min": -3.9448938527611084,
      "max": 4.653426725239502,
      "median": 1.4718269491152103
    },
    "sdr_db": {
      "mean": 1.2975987211675275,
      "std": 1.9701975713697386,
      "min": -3.933486856535179,
      "max": 4.710000285818229,
      "median": 1.5897576284548942
    },
    "pesq": {
      "mean": 2.027360073328018,
      "std": 0.3981576084568244,
      "min": 1.1118091344833374,
      "max": 2.9690487384796143,
      "median": 2.05024790763855
    },
    "stoi": {
      "mean": 0.800190633605066,
      "std": 0.09940878924366243,
      "min": 0.4910830052758189,
      "max": 0.9340299225246654,
      "median": 0.8152854512503069
    },
    "estoi": {
      "mean": 0.661698457476475,
      "std": 0.12942948371639051,
      "min": 0.2562883100125412,
      "max": 0.8655489455183197,
      "median": 0.6786548151459517
    }
  },
  "tokens_per_second": {
    "mean": 50.09318165492446,
    "std": 0.036361570962366536
  },
  "compression_ratio": {
    "mean": 319.4049147773035,
    "std": 0.231492354011597
  }
}