{
  "language": "hiphop",
  "dataset": "gtzan",
  "num_samples": 25,
  "num_failed": 0,
  "metrics": {
    "mse": {
      "mean": 0.0664566171355806,
      "std": 0.02223580859077315,
      "min": 0.02387547652315366,
      "max": 0.11176602340523646,
      "median": 0.06501606911021125
    },
    "snr_db": {
      "mean": -1.1283363332058487,
      "std": 0.5324511401990716,
      "min": -2.3749480387887276,
      "max": -0.20047665734456843,
      "median": -1.0985342129306535
    },
    "sdr_db": {
      "mean": -1.1502557313617674,
      "std": 0.5445636810346789,
      "min": -2.393602939936943,
      "max": -0.19580752376651572,
      "median": -1.2026565225430277
    },
    "pesq": {
      "mean": 1.089918007850647,
      "std": 0.02975575096318115,
      "min": 1.0241825580596924,
      "max": 1.1492564678192139,
      "median": 1.0847249031066895
    },
    "stoi": {
      "mean": 0.6327420870866739,
      "std": 0.0666633472133459,
      "min": 0.41763397040853195,
      "max": 0.7354608385052553,
      "median": 0.6478127606218461
    },
    "estoi": {
      "mean": 0.4344026703806145,
      "std": 0.06522353247382516,
      "min": 0.29161128927446656,
      "max": 0.5478447134458594,
      "median": 0.4297867604052662
    }
  },
  "tokens_per_second": {
    "mean": 50.017513800954205,
    "std": 0.00971855078229206
  },
  "compression_ratio": {
    "mean": 440.8455990048207,
    "std": 0.08564173416095992
  }
}