{
  "language": "ro_ro",
  "dataset": "fleurs",
  "num_samples": 100,
  "metrics": {
    "mse": {
      "mean": 0.010249121883646666,
      "std": 0.008180936163379282,
      "min": 0.00019558372903833682,
      "max": 0.05606122131540597,
      "median": 0.00854481583483276
    },
    "snr_db": {
      "mean": 1.6861135602421535,
      "std": 2.9168222511023982,
      "min": -6.520804566545748,
      "max": 6.27271128236372,
      "median": 2.6034049290617576
    },
    "sdr_db": {
      "mean": 1.7136491137742798,
      "std": 2.959205632590261,
      "min": -7.153218402445291,
      "max": 6.603151025413634,
      "median": 2.7665749536994984
    },
    "pesq": {
      "mean": 2.125740269422531,
      "std": 0.4151455347146808,
      "min": 1.264844298362732,
      "max": 2.817953586578369,
      "median": 2.0943773984909058
    },
    "stoi": {
      "mean": 0.8330301850057392,
      "std": 0.07848927822856876,
      "min": 0.6075270928126573,
      "max": 0.9414116597631933,
      "median": 0.8401770731543918
    },
    "estoi": {
      "mean": 0.716417114987932,
      "std": 0.09671366699800646,
      "min": 0.5112929667512222,
      "max": 0.880776203480378,
      "median": 0.7090414854877396
    }
  },
  "tokens_per_second": {
    "mean": 50.08322227141118,
    "std": 0.020422810846890706
  },
  "compression_ratio": {
    "mean": 319.468315616663,
    "std": 0.13023198159417484
  }
}