{
  "language": "hy_am",
  "dataset": "fleurs",
  "num_samples": 100,
  "metrics": {
    "mse": {
      "mean": 0.018173022788889603,
      "std": 0.013665848824873806,
      "min": 0.0031713207146831096,
      "max": 0.057176090589135295,
      "median": 0.014506231186557705
    },
    "snr_db": {
      "mean": 0.1468196911938222,
      "std": 1.8287961517775284,
      "min": -3.226549518307144,
      "max": 3.6493560326794476,
      "median": 0.455652528923149
    },
    "sdr_db": {
      "mean": 0.20098767118446112,
      "std": 1.8473336706150365,
      "min": -3.0932437632402157,
      "max": 3.7490393231795904,
      "median": 0.49386073010184306
    },
    "pesq": {
      "mean": 1.9180741536617278,
      "std": 0.5102981538065798,
      "min": 1.0728696584701538,
      "max": 2.93565034866333,
      "median": 1.9964094161987305
    },
    "stoi": {
      "mean": 0.7932479949569753,
      "std": 0.13025031010952534,
      "min": 0.4794539964264354,
      "max": 0.9362651054346691,
      "median": 0.8299169202203203
    },
    "estoi": {
      "mean": 0.6535771786697399,
      "std": 0.1578820217338302,
      "min": 0.31076295074555543,
      "max": 0.8776197690432188,
      "median": 0.6873024917346398
    }
  },
  "tokens_per_second": {
    "mean": 50.092429303795555,
    "std": 0.03248701687320899
  },
  "compression_ratio": {
    "mean": 319.4096782063696,
    "std": 0.20699046813990274
  }
}