{
  "language": "slovenia",
  "dataset": "eurospeech",
  "num_samples": 100,
  "metrics": {
    "mse": {
      "mean": 0.014822329460612526,
      "std": 0.005149245560852449,
      "min": 0.004898915131018323,
      "max": 0.028602126111455288,
      "median": 0.01434826762178332
    },
    "snr_db": {
      "mean": 1.745535435384852,
      "std": 1.1554792235633708,
      "min": -4.621962092465567,
      "max": 3.647964454534695,
      "median": 1.8528014053950808
    },
    "sdr_db": {
      "mean": 1.683488134679803,
      "std": 1.2707608247802853,
      "min": -4.368810587730273,
      "max": 3.654038700186784,
      "median": 1.9096211716553073
    },
    "pesq": {
      "mean": 1.9212326514720917,
      "std": 0.13258639053123603,
      "min": 1.4665381908416748,
      "max": 2.1608774662017822,
      "median": 1.9312927722930908
    },
    "stoi": {
      "mean": 0.838182833308386,
      "std": 0.04847267785194341,
      "min": 0.6123109230784238,
      "max": 0.9041076325392757,
      "median": 0.8505263613349665
    },
    "estoi": {
      "mean": 0.7053118330747323,
      "std": 0.068535196481612,
      "min": 0.48126142299311414,
      "max": 0.8006056647115398,
      "median": 0.7216760151219965
    }
  },
  "tokens_per_second": {
    "mean": 50.03721166599561,
    "std": 0.023585406380764645
  },
  "compression_ratio": {
    "mean": 319.7620934830496,
    "std": 0.15070224428290857
  }
}