{
  "language": "classical",
  "dataset": "gtzan",
  "num_samples": 25,
  "num_failed": 0,
  "metrics": {
    "mse": {
      "mean": 0.03166333610606489,
      "std": 0.012026389894749655,
      "min": 0.009194509477805498,
      "max": 0.05717368454930566,
      "median": 0.03190049696828467
    },
    "snr_db": {
      "mean": -2.6783839784946104,
      "std": 0.5314403751330199,
      "min": -3.8788037325094136,
      "max": -1.8017322483287093,
      "median": -2.715132303229157
    },
    "sdr_db": {
      "mean": -2.8746629767721616,
      "std": 0.6198335580185393,
      "min": -4.259376748012283,
      "max": -1.8010987146278703,
      "median": -2.7680352797196552
    },
    "pesq": {
      "mean": 1.1615284395217895,
      "std": 0.050198678797659275,
      "min": 1.0730072259902954,
      "max": 1.2475321292877197,
      "median": 1.1503998041152954
    },
    "stoi": {
      "mean": 0.41291844421511065,
      "std": 0.05655118138263014,
      "min": 0.30720299996443007,
      "max": 0.5105361632681639,
      "median": 0.4348093566915815
    },
    "estoi": {
      "mean": 0.28946571547541317,
      "std": 0.026897356314858508,
      "min": 0.243200432509351,
      "max": 0.34562505214899186,
      "median": 0.2892026554089725
    }
  },
  "tokens_per_second": {
    "mean": 50.01110617503332,
    "std": 0.0
  },
  "compression_ratio": {
    "mean": 440.9020652898068,
    "std": 0.0
  }
}