{
  "language": "germany",
  "dataset": "eurospeech",
  "num_samples": 100,
  "metrics": {
    "mse": {
      "mean": 0.009424543753548158,
      "std": 0.003019038005641574,
      "min": 0.004225597093151151,
      "max": 0.01985708952831653,
      "median": 0.009106838734664582
    },
    "snr_db": {
      "mean": 2.737092906509338,
      "std": 1.1479998480486233,
      "min": -0.8731133179808594,
      "max": 5.248786047765793,
      "median": 2.5391089949042174
    },
    "sdr_db": {
      "mean": 2.6535904892274136,
      "std": 1.2900232057264118,
      "min": -1.1439054832904878,
      "max": 5.456171531283958,
      "median": 2.5680148356668218
    },
    "pesq": {
      "mean": 2.0045213305950167,
      "std": 0.13580665771873177,
      "min": 1.6663392782211304,
      "max": 2.505476951599121,
      "median": 2.017639636993408
    },
    "stoi": {
      "mean": 0.8819481095627587,
      "std": 0.044643546250686096,
      "min": 0.6354796975989203,
      "max": 0.9252371421084997,
      "median": 0.8943840539773875
    },
    "estoi": {
      "mean": 0.7563328504024096,
      "std": 0.06769934481941585,
      "min": 0.4020624966537688,
      "max": 0.8301525703575727,
      "median": 0.7767671205837227
    }
  },
  "tokens_per_second": {
    "mean": 50.04151422554665,
    "std": 0.023872650402617046
  },
  "compression_ratio": {
    "mean": 319.73460212079243,
    "std": 0.15249365044149513
  }
}