{
  "language": "ta_in",
  "dataset": "fleurs",
  "num_samples": 100,
  "metrics": {
    "mse": {
      "mean": 0.01730851518378469,
      "std": 0.014861259088710511,
      "min": 0.0018115818484700185,
      "max": 0.10016614675732295,
      "median": 0.015401762882531811
    },
    "snr_db": {
      "mean": 1.3691873217955373,
      "std": 2.625371466049335,
      "min": -13.334105418931301,
      "max": 5.568353147934182,
      "median": 1.8676293012461391
    },
    "sdr_db": {
      "mean": 1.4508910157133355,
      "std": 2.5702605614620673,
      "min": -12.554946050747537,
      "max": 5.507525877916577,
      "median": 1.983493015895906
    },
    "pesq": {
      "mean": 2.1949373054504395,
      "std": 0.4225011063896383,
      "min": 1.0517327785491943,
      "max": 2.8584916591644287,
      "median": 2.270439624786377
    },
    "stoi": {
      "mean": 0.8423106065886539,
      "std": 0.10007111301949025,
      "min": 0.4756930205391164,
      "max": 0.9323068012173211,
      "median": 0.8824430091174078
    },
    "estoi": {
      "mean": 0.732845679683265,
      "std": 0.12986180365930303,
      "min": 0.2825134553630118,
      "max": 0.87877077671229,
      "median": 0.7802023752671884
    }
  },
  "tokens_per_second": {
    "mean": 50.08508018561071,
    "std": 0.02862501566002358
  },
  "compression_ratio": {
    "mean": 319.4565160909786,
    "std": 0.18250588970299234
  }
}