{
  "language": "metal",
  "dataset": "gtzan",
  "num_samples": 25,
  "metrics": {
    "mse": {
      "mean": 0.05656708861185287,
      "std": 0.029676369659216436,
      "min": 0.018258471536662643,
      "max": 0.13957184855684465,
      "median": 0.050161344170082375
    },
    "snr_db": {
      "mean": -2.393066625014582,
      "std": 0.7647197662867936,
      "min": -3.787321132947773,
      "max": -0.7693093701640366,
      "median": -2.2418068645417746
    },
    "sdr_db": {
      "mean": -2.3966584520220704,
      "std": 0.7619398716165247,
      "min": -3.7851376902747895,
      "max": -0.7649124514201665,
      "median": -2.245889036647578
    },
    "pesq": null,
    "stoi": null,
    "estoi": null
  },
  "tokens_per_second": {
    "mean": 50.03303079044118,
    "std": 7.105427357601002e-15
  },
  "compression_ratio": {
    "mean": 440.7088607594937,
    "std": 0.0
  }
}