{
  "language": "WavCaps",
  "dataset": "naturelm",
  "num_samples": 97,
  "num_failed": 3,
  "metrics": {
    "mse": {
      "mean": 0.033964715748903355,
      "std": 0.04519023759809163,
      "min": 0.00024212660844768357,
      "max": 0.2564393171200691,
      "median": 0.020399386359531754
    },
    "snr_db": {
      "mean": -2.444176756587651,
      "std": 1.687305310549309,
      "min": -11.045938656994661,
      "max": 2.063357768684618,
      "median": -2.2348365477661662
    },
    "sdr_db": {
      "mean": -2.5301957392018344,
      "std": 1.862255403521952,
      "min": -13.039430964999893,
      "max": 2.197286943160623,
      "median": -2.1610703585924624
    },
    "pesq": {
      "mean": 1.4163937892602838,
      "std": 0.23888577496167132,
      "min": 1.0199686288833618,
      "max": 2.203507661819458,
      "median": 1.3804292678833008
    },
    "stoi": {
      "mean": 0.4909009392622834,
      "std": 0.19805178120972403,
      "min": 0.16889385967307,
      "max": 0.9042918217919063,
      "median": 0.46197816404183745
    },
    "estoi": {
      "mean": 0.28702245984412733,
      "std": 0.12966421712948611,
      "min": 0.036784507779511394,
      "max": 0.7786536629893154,
      "median": 0.25933475155814334
    }
  },
  "tokens_per_second": {
    "mean": 50.10483734517834,
    "std": 0.11307818745794364
  },
  "compression_ratio": {
    "mean": 319.3320616649818,
    "std": 0.7164040276155282
  }
}