{
  "language": "vi_vn",
  "dataset": "fleurs",
  "num_samples": 100,
  "metrics": {
    "mse": {
      "mean": 0.011142666308435252,
      "std": 0.0084064523849053,
      "min": 0.0008827588854878537,
      "max": 0.047811166686134166,
      "median": 0.008445861794683106
    },
    "snr_db": {
      "mean": -0.791191162423103,
      "std": 1.9166477855006483,
      "min": -8.070833991261848,
      "max": 3.3911868210779823,
      "median": -0.6283088071069137
    },
    "sdr_db": {
      "mean": -1.2482975846509674,
      "std": 2.899321143562547,
      "min": -9.982045433751088,
      "max": 3.6265033628833097,
      "median": -0.6021147910870628
    },
    "pesq": {
      "mean": 1.9950934171676635,
      "std": 0.42893337233432827,
      "min": 1.1231964826583862,
      "max": 2.793267250061035,
      "median": 2.048110008239746
    },
    "stoi": {
      "mean": 0.8631227501906882,
      "std": 0.07309140088917535,
      "min": 0.6251114810926579,
      "max": 0.9388376456945559,
      "median": 0.8986602735970173
    },
    "estoi": {
      "mean": 0.7648813523282522,
      "std": 0.10819035612219723,
      "min": 0.4400885588058317,
      "max": 0.8850783299445364,
      "median": 0.7966460280123919
    }
  },
  "tokens_per_second": {
    "mean": 50.095154080047806,
    "std": 0.03274239910997564
  },
  "compression_ratio": {
    "mean": 319.39230692966663,
    "std": 0.20852560356226338
  }
}