{
  "language": "Watkins",
  "dataset": "naturelm",
  "num_samples": 100,
  "metrics": {
    "mse": {
      "mean": 0.0687298725689258,
      "std": 0.05627851988965539,
      "min": 0.004210807280275946,
      "max": 0.3352130277142992,
      "median": 0.057424054329523924
    },
    "snr_db": {
      "mean": -2.9991396875876006,
      "std": 1.5383207422739336,
      "min": -7.601782496868568,
      "max": -0.478863896440139,
      "median": -2.6456637117663435
    },
    "sdr_db": {
      "mean": -3.0041147631855085,
      "std": 1.5493487578577596,
      "min": -7.600147134964771,
      "max": -0.47886389154670095,
      "median": -2.623198357812029
    },
    "pesq": null,
    "stoi": null,
    "estoi": null
  },
  "tokens_per_second": {
    "mean": 50.32749915329204,
    "std": 0.44048633919167474
  },
  "compression_ratio": {
    "mean": 317.9412216716102,
    "std": 2.694243570759966
  }
}