{
  "language": "ko_kr",
  "dataset": "fleurs",
  "num_samples": 100,
  "metrics": {
    "mse": {
      "mean": 0.01287689216349823,
      "std": 0.0074798752384104715,
      "min": 0.0009275053738409876,
      "max": 0.03508917160263025,
      "median": 0.012018373562887855
    },
    "snr_db": {
      "mean": 0.6717252418276779,
      "std": 2.488947589994424,
      "min": -6.959679975874257,
      "max": 5.330166029636483,
      "median": 0.8963155473422096
    },
    "sdr_db": {
      "mean": 0.6051656400840069,
      "std": 2.653146614689583,
      "min": -9.858412612183832,
      "max": 5.37427263212997,
      "median": 0.8805284981432362
    },
    "pesq": {
      "mean": 2.0695880103111266,
      "std": 0.4622145479064093,
      "min": 1.0489482879638672,
      "max": 2.9958581924438477,
      "median": 2.095936417579651
    },
    "stoi": {
      "mean": 0.7975769856097424,
      "std": 0.11697393670207622,
      "min": 0.4427657961345306,
      "max": 0.9382142625478705,
      "median": 0.8201201342326276
    },
    "estoi": {
      "mean": 0.6913633900556571,
      "std": 0.14437695351576355,
      "min": 0.35135413952733124,
      "max": 0.8965989617022669,
      "median": 0.6811297519414334
    }
  },
  "tokens_per_second": {
    "mean": 50.08781390691686,
    "std": 0.027381386750310745
  },
  "compression_ratio": {
    "mean": 319.4390717339525,
    "std": 0.17455688554802623
  }
}