{
  "language": "en_us",
  "dataset": "fleurs",
  "num_samples": 100,
  "metrics": {
    "mse": {
      "mean": 0.010099674337186185,
      "std": 0.006186047738326088,
      "min": 0.00256186809068868,
      "max": 0.03931390567413952,
      "median": 0.008266065917548433
    },
    "snr_db": {
      "mean": 0.3959905672072556,
      "std": 2.7839357228397645,
      "min": -8.503253808844388,
      "max": 4.904996682442291,
      "median": 0.9156190117247376
    },
    "sdr_db": {
      "mean": 0.3737874318421695,
      "std": 2.9341314348823913,
      "min": -9.548044769085982,
      "max": 4.570447409422539,
      "median": 1.0135699867570915
    },
    "pesq": {
      "mean": 2.0444256687164306,
      "std": 0.44398516297557633,
      "min": 1.0459922552108765,
      "max": 2.836012125015259,
      "median": 2.1295950412750244
    },
    "stoi": {
      "mean": 0.8456264523137024,
      "std": 0.08382968850124775,
      "min": 0.5813926701287349,
      "max": 0.9336514771799723,
      "median": 0.870999824854649
    },
    "estoi": {
      "mean": 0.72117523920986,
      "std": 0.11669685000879793,
      "min": 0.4410403672332414,
      "max": 0.8663741126556224,
      "median": 0.7628655291899079
    }
  },
  "tokens_per_second": {
    "mean": 50.10848931650734,
    "std": 0.03676869040907924
  },
  "compression_ratio": {
    "mean": 319.30734352766257,
    "std": 0.23421671060441696
  }
}