{
  "language": "am_et",
  "dataset": "fleurs",
  "num_samples": 100,
  "metrics": {
    "mse": {
      "mean": 0.014923026661209073,
      "std": 0.012074534877749404,
      "min": 0.0015912140392240735,
      "max": 0.0585557803088373,
      "median": 0.010389466710087857
    },
    "snr_db": {
      "mean": -1.1107385680768191,
      "std": 3.191876011545935,
      "min": -9.349482620813275,
      "max": 5.032974589118036,
      "median": -1.8925247327206463
    },
    "sdr_db": {
      "mean": -1.2265438240290487,
      "std": 3.0307517555182697,
      "min": -9.556605224765958,
      "max": 5.063258586611501,
      "median": -1.8913651899887638
    },
    "pesq": {
      "mean": 1.6602304434776307,
      "std": 0.402326556168696,
      "min": 1.0593968629837036,
      "max": 2.5715980529785156,
      "median": 1.5684372186660767
    },
    "stoi": {
      "mean": 0.7596763771742475,
      "std": 0.1174529901324375,
      "min": 0.4944929687787804,
      "max": 0.9216399923186486,
      "median": 0.7695961118045731
    },
    "estoi": {
      "mean": 0.6041238126960158,
      "std": 0.15363976964589446,
      "min": 0.35438750720045803,
      "max": 0.8520350156838368,
      "median": 0.5641075162226346
    }
  },
  "tokens_per_second": {
    "mean": 50.08974060861883,
    "std": 0.0331082758365199
  },
  "compression_ratio": {
    "mean": 319.42682853475714,
    "std": 0.21096670278030696
  }
}