{
  "language": "slovakia",
  "dataset": "eurospeech",
  "num_samples": 100,
  "metrics": {
    "mse": {
      "mean": 0.016127797019345993,
      "std": 0.0056253770317877,
      "min": 0.005094388709737063,
      "max": 0.033249286307647265,
      "median": 0.015748279475402555
    },
    "snr_db": {
      "mean": 4.411598000042127,
      "std": 0.49586734693915213,
      "min": 2.730056651779371,
      "max": 5.548719696965091,
      "median": 4.375146208329391
    },
    "sdr_db": {
      "mean": 4.332158934300515,
      "std": 0.714346082571809,
      "min": 0.9303999764204345,
      "max": 5.6160698365643675,
      "median": 4.433743795666619
    },
    "pesq": {
      "mean": 2.381316419839859,
      "std": 0.14284061476170443,
      "min": 1.8733761310577393,
      "max": 2.603546619415283,
      "median": 2.417538285255432
    },
    "stoi": {
      "mean": 0.8777649661448649,
      "std": 0.05266886746198061,
      "min": 0.570192888831652,
      "max": 0.9334394331950748,
      "median": 0.8906454663996188
    },
    "estoi": {
      "mean": 0.7643913076878616,
      "std": 0.06369877948973204,
      "min": 0.44584975307267655,
      "max": 0.8554114994080629,
      "median": 0.782667128737728
    }
  },
  "tokens_per_second": {
    "mean": 50.034770883773945,
    "std": 0.02273049697014674
  },
  "compression_ratio": {
    "mean": 319.77768697469173,
    "std": 0.1452463727071306
  }
}