{
  "language": "yue_hant_hk",
  "dataset": "fleurs",
  "num_samples": 100,
  "metrics": {
    "mse": {
      "mean": 0.011206262253516152,
      "std": 0.005993250053232045,
      "min": 0.0027456699817598983,
      "max": 0.03240370777473367,
      "median": 0.009576949926868389
    },
    "snr_db": {
      "mean": -0.475267507129158,
      "std": 2.4162958887745143,
      "min": -7.058421584094107,
      "max": 3.956881290109692,
      "median": 0.20726801922408122
    },
    "sdr_db": {
      "mean": -0.5214761044938641,
      "std": 2.716098161139681,
      "min": -8.947774809468228,
      "max": 4.304196165808458,
      "median": 0.3523664104071852
    },
    "pesq": {
      "mean": 1.6417026579380036,
      "std": 0.4871634723836127,
      "min": 1.0876171588897705,
      "max": 2.6974754333496094,
      "median": 1.5270032286643982
    },
    "stoi": {
      "mean": 0.7328790051121981,
      "std": 0.09925455494043676,
      "min": 0.5429783345637548,
      "max": 0.9327312171101716,
      "median": 0.7335044202447311
    },
    "estoi": {
      "mean": 0.5765172136385935,
      "std": 0.1216285562417834,
      "min": 0.37195039309104705,
      "max": 0.8890136053210054,
      "median": 0.5739344285018695
    }
  },
  "tokens_per_second": {
    "mean": 50.08771976288486,
    "std": 0.031505833342268356
  },
  "compression_ratio": {
    "mean": 319.43970299760343,
    "std": 0.2007529457030076
  }
}