{
  "language": "lithuania",
  "dataset": "eurospeech",
  "num_samples": 100,
  "metrics": {
    "mse": {
      "mean": 0.009782540921155138,
      "std": 0.0037257987570106783,
      "min": 0.003203823337179574,
      "max": 0.01778796735573461,
      "median": 0.009714352895358148
    },
    "snr_db": {
      "mean": 2.4572864372562764,
      "std": 1.698288502354049,
      "min": -1.3928972525934773,
      "max": 5.126081790150759,
      "median": 2.3508490429686066
    },
    "sdr_db": {
      "mean": 2.201808544763876,
      "std": 1.8551915700626453,
      "min": -2.107817915646094,
      "max": 4.985510298628743,
      "median": 2.1326161399915593
    },
    "pesq": {
      "mean": 2.2593203723430633,
      "std": 0.21282370289687155,
      "min": 1.3064632415771484,
      "max": 2.732119083404541,
      "median": 2.2554045915603638
    },
    "stoi": {
      "mean": 0.883871485989264,
      "std": 0.08350161740745174,
      "min": 0.4334374272929852,
      "max": 0.9398030979634566,
      "median": 0.9052063037090534
    },
    "estoi": {
      "mean": 0.7873646536995274,
      "std": 0.10534854631922559,
      "min": 0.273008764723182,
      "max": 0.8745823471851659,
      "median": 0.8172632649021292
    }
  },
  "tokens_per_second": {
    "mean": 50.040981509467585,
    "std": 0.02261673354553488
  },
  "compression_ratio": {
    "mean": 319.7379984426593,
    "std": 0.14449229372629005
  }
}