{
  "language": "fa_ir",
  "dataset": "fleurs",
  "num_samples": 100,
  "metrics": {
    "mse": {
      "mean": 0.012419300891752949,
      "std": 0.0067782572991836,
      "min": 0.0033924276637941793,
      "max": 0.037286468902628926,
      "median": 0.010264284743758553
    },
    "snr_db": {
      "mean": 0.12044024884846237,
      "std": 1.7186771667598726,
      "min": -5.17162933880442,
      "max": 3.4468920921904918,
      "median": -0.01035078114078497
    },
    "sdr_db": {
      "mean": 0.08885902480318615,
      "std": 1.7260859610019352,
      "min": -5.180913808008086,
      "max": 3.4505183959308,
      "median": 0.023788898518426426
    },
    "pesq": {
      "mean": 2.145777370929718,
      "std": 0.42188296573680567,
      "min": 1.2274425029754639,
      "max": 2.8666300773620605,
      "median": 2.2509082555770874
    },
    "stoi": {
      "mean": 0.8488075888966746,
      "std": 0.06258652081921925,
      "min": 0.5940011144423234,
      "max": 0.9365960888196809,
      "median": 0.869816039455539
    },
    "estoi": {
      "mean": 0.7222123677761836,
      "std": 0.07869703394556372,
      "min": 0.4411565468473945,
      "max": 0.8410064819752837,
      "median": 0.7388964392798312
    }
  },
  "tokens_per_second": {
    "mean": 50.07915157849633,
    "std": 0.026491854678944157
  },
  "compression_ratio": {
    "mean": 319.4943199213743,
    "std": 0.16895050808732942
  }
}