{
  "language": "th_th",
  "dataset": "fleurs",
  "num_samples": 100,
  "metrics": {
    "mse": {
      "mean": 0.022602803510566215,
      "std": 0.02038714802159271,
      "min": 0.001144361934909745,
      "max": 0.08865028177985947,
      "median": 0.014151891457799286
    },
    "snr_db": {
      "mean": -1.9289308211717653,
      "std": 5.136946713992364,
      "min": -18.660816285792908,
      "max": 5.985569605845198,
      "median": -0.6391238829300185
    },
    "sdr_db": {
      "mean": -1.9786035023872741,
      "std": 5.320877981472882,
      "min": -19.053980249264004,
      "max": 5.87477988252439,
      "median": -0.5490463184958196
    },
    "pesq": {
      "mean": 1.8883961260318756,
      "std": 0.4653164466968089,
      "min": 1.0386887788772583,
      "max": 2.877265453338623,
      "median": 1.842266321182251
    },
    "stoi": {
      "mean": 0.8237229962533698,
      "std": 0.08767045810839373,
      "min": 0.5893509991355084,
      "max": 0.922414105278549,
      "median": 0.8751769044988249
    },
    "estoi": {
      "mean": 0.7089765352154341,
      "std": 0.1327120860993322,
      "min": 0.411472186854882,
      "max": 0.8794420826434078,
      "median": 0.772393980392218
    }
  },
  "tokens_per_second": {
    "mean": 50.09350769034679,
    "std": 0.03857519691150383
  },
  "compression_ratio": {
    "mean": 319.40285709050556,
    "std": 0.2457016323579044
  }
}