{
  "language": "jazz",
  "dataset": "gtzan",
  "num_samples": 25,
  "metrics": {
    "mse": {
      "mean": 0.032715046703867164,
      "std": 0.013672922770243645,
      "min": 0.011857374806528254,
      "max": 0.06156013124368489,
      "median": 0.030156748479178985
    },
    "snr_db": {
      "mean": -3.3296062139584155,
      "std": 0.7796570731102686,
      "min": -4.8474931844263,
      "max": -1.9028717871857548,
      "median": -3.3936902198128296
    },
    "sdr_db": {
      "mean": -3.3240307450053956,
      "std": 0.9181406039849893,
      "min": -4.951874031939577,
      "max": -0.7827280614959603,
      "median": -3.43289730715767
    },
    "pesq": null,
    "stoi": null,
    "estoi": null
  },
  "tokens_per_second": {
    "mean": 50.01110617503332,
    "std": 0.0
  },
  "compression_ratio": {
    "mean": 440.9020652898068,
    "std": 0.0
  }
}