{
  "language": "country",
  "dataset": "gtzan",
  "num_samples": 25,
  "metrics": {
    "mse": {
      "mean": 0.06640401345281945,
      "std": 0.04337039456908223,
      "min": 0.014664295004514622,
      "max": 0.1539196904796814,
      "median": 0.044912573172236236
    },
    "snr_db": {
      "mean": -1.8915999502067191,
      "std": 0.8965457596394253,
      "min": -4.010006415716618,
      "max": -0.38289131007144567,
      "median": -1.7452653274059164
    },
    "sdr_db": {
      "mean": -1.874674800367109,
      "std": 0.8997999600205694,
      "min": -4.035694673737976,
      "max": -0.37007934407230164,
      "median": -1.7453499745350174
    },
    "pesq": null,
    "stoi": null,
    "estoi": null
  },
  "tokens_per_second": {
    "mean": 50.01428815241969,
    "std": 0.007301666143716202
  },
  "compression_ratio": {
    "mean": 440.8740238919924,
    "std": 0.064348445803424
  }
}