{
  "language": "reggae",
  "dataset": "gtzan",
  "num_samples": 25,
  "num_failed": 0,
  "metrics": {
    "mse": {
      "mean": 0.034375385327758017,
      "std": 0.011063495900866064,
      "min": 0.019250063433493624,
      "max": 0.05967670943771802,
      "median": 0.033082087539815584
    },
    "snr_db": {
      "mean": -2.136102946188022,
      "std": 0.6207366053849489,
      "min": -4.3530306387231406,
      "max": -1.463062001318494,
      "median": -1.9301442381395182
    },
    "sdr_db": {
      "mean": -2.1454463081654054,
      "std": 0.639558479587982,
      "min": -4.4306486852554,
      "max": -1.4588232263589247,
      "median": -1.8925240038500375
    },
    "pesq": {
      "mean": 1.1011801671981811,
      "std": 0.05631299818915728,
      "min": 1.0324679613113403,
      "max": 1.3510735034942627,
      "median": 1.0883036851882935
    },
    "stoi": {
      "mean": 0.6620437633448026,
      "std": 0.0582849209315832,
      "min": 0.5188903379742174,
      "max": 0.7419800809433037,
      "median": 0.6777492475835313
    },
    "estoi": {
      "mean": 0.4281772775051615,
      "std": 0.05559006284903312,
      "min": 0.3116367818304104,
      "max": 0.5455578601616772,
      "median": 0.43517892802752844
    }
  },
  "tokens_per_second": {
    "mean": 50.01110617503332,
    "std": 0.0
  },
  "compression_ratio": {
    "mean": 440.9020652898068,
    "std": 0.0
  }
}