{
  "language": "finland",
  "dataset": "eurospeech",
  "num_samples": 100,
  "metrics": {
    "mse": {
      "mean": 0.01944635773213316,
      "std": 0.014964105634017413,
      "min": 0.0012012086220390466,
      "max": 0.08693388477609301,
      "median": 0.012863174635792262
    },
    "snr_db": {
      "mean": 1.8748987633728225,
      "std": 1.6349916408506802,
      "min": -4.0392189702006025,
      "max": 4.7061670883092335,
      "median": 1.886333102463264
    },
    "sdr_db": {
      "mean": 1.6853608748204556,
      "std": 1.7183187404314118,
      "min": -4.010018821739719,
      "max": 4.723932750405295,
      "median": 1.8019907767238634
    },
    "pesq": {
      "mean": 2.1662606310844423,
      "std": 0.27782129801121686,
      "min": 1.2406508922576904,
      "max": 2.697859764099121,
      "median": 2.200224995613098
    },
    "stoi": {
      "mean": 0.814321564246189,
      "std": 0.14177468440413007,
      "min": 0.166840567651394,
      "max": 0.9187465578354106,
      "median": 0.8641542946583647
    },
    "estoi": {
      "mean": 0.6678881555662493,
      "std": 0.1369043135813755,
      "min": 0.14339783510762813,
      "max": 0.8081927138961242,
      "median": 0.697550844932445
    }
  },
  "tokens_per_second": {
    "mean": 50.04264777064882,
    "std": 0.022759753202723866
  },
  "compression_ratio": {
    "mean": 319.727353012119,
    "std": 0.14540701093438527
  }
}