{
  "language": "pl_pl",
  "dataset": "fleurs",
  "num_samples": 100,
  "metrics": {
    "mse": {
      "mean": 0.010096095968832996,
      "std": 0.006673099970844301,
      "min": 0.0011151337623137205,
      "max": 0.029530389339847515,
      "median": 0.007889662019969016
    },
    "snr_db": {
      "mean": -0.4773291234686918,
      "std": 2.7378037760315097,
      "min": -8.532276744269996,
      "max": 4.5597938365353805,
      "median": -0.42340944119452856
    },
    "sdr_db": {
      "mean": -0.7629387743455367,
      "std": 3.1463236034706217,
      "min": -12.004797553737712,
      "max": 4.607450792160512,
      "median": -0.6013254246963637
    },
    "pesq": {
      "mean": 1.942126029729843,
      "std": 0.40994773624381253,
      "min": 1.144244909286499,
      "max": 2.7669074535369873,
      "median": 2.0000444650650024
    },
    "stoi": {
      "mean": 0.8137152838016927,
      "std": 0.08312758413439437,
      "min": 0.6108877890050887,
      "max": 0.9353040652978183,
      "median": 0.8304168887403907
    },
    "estoi": {
      "mean": 0.6872492211549361,
      "std": 0.10863045557859871,
      "min": 0.45161819091354055,
      "max": 0.8503725171575599,
      "median": 0.6832891269285094
    }
  },
  "tokens_per_second": {
    "mean": 50.09379116807053,
    "std": 0.028503061801699273
  },
  "compression_ratio": {
    "mean": 319.40096373335376,
    "std": 0.18159948220750532
  }
}