{
  "language": "serbia",
  "dataset": "eurospeech",
  "num_samples": 100,
  "metrics": {
    "mse": {
      "mean": 0.008331096236950573,
      "std": 0.00795816606890374,
      "min": 0.0033124996661649288,
      "max": 0.08509348502193838,
      "median": 0.007404851757774694
    },
    "snr_db": {
      "mean": 2.6468929816117384,
      "std": 1.2807071453448224,
      "min": -2.6436235399362262,
      "max": 4.55086441418004,
      "median": 2.734695208142029
    },
    "sdr_db": {
      "mean": 2.6648564090411764,
      "std": 1.319478574322941,
      "min": -2.916234074315228,
      "max": 4.518543826911464,
      "median": 2.793823510237776
    },
    "pesq": {
      "mean": 2.2860256636142733,
      "std": 0.23375321304848376,
      "min": 1.3204258680343628,
      "max": 2.688105583190918,
      "median": 2.3171098232269287
    },
    "stoi": {
      "mean": 0.7950324394182925,
      "std": 0.07352039159295241,
      "min": 0.22368397497733616,
      "max": 0.8831754491955051,
      "median": 0.798226815737362
    },
    "estoi": {
      "mean": 0.6364126044746683,
      "std": 0.06539668707715143,
      "min": 0.20418322655290222,
      "max": 0.7377703805864316,
      "median": 0.6410941333063827
    }
  },
  "tokens_per_second": {
    "mean": 50.060274759088664,
    "std": 0.12914037769513292
  },
  "compression_ratio": {
    "mean": 319.6167827187762,
    "std": 0.8050272285612371
  }
}