{
  "language": "ast_es",
  "dataset": "fleurs",
  "num_samples": 100,
  "metrics": {
    "mse": {
      "mean": 0.012810071399932349,
      "std": 0.010154354109431237,
      "min": 0.0026214844400443125,
      "max": 0.046530783089657725,
      "median": 0.00844106058864107
    },
    "snr_db": {
      "mean": 1.2544081968536047,
      "std": 2.6201802232116567,
      "min": -4.3476391115298165,
      "max": 7.016955500483819,
      "median": 1.7532063842684567
    },
    "sdr_db": {
      "mean": 1.1183125030513328,
      "std": 2.798482542006432,
      "min": -5.701980038768345,
      "max": 6.934510948196109,
      "median": 1.5264309064767214
    },
    "pesq": {
      "mean": 2.209616346359253,
      "std": 0.43389475602821215,
      "min": 1.1815199851989746,
      "max": 2.9643571376800537,
      "median": 2.34015691280365
    },
    "stoi": {
      "mean": 0.875659913108141,
      "std": 0.06257549063111867,
      "min": 0.6984554106698789,
      "max": 0.9428734591303239,
      "median": 0.9036641422025058
    },
    "estoi": {
      "mean": 0.7661922495189262,
      "std": 0.11524608438525043,
      "min": 0.5004201832220866,
      "max": 0.909487292573867,
      "median": 0.8131054264165787
    }
  },
  "tokens_per_second": {
    "mean": 50.099263664800816,
    "std": 0.03180343885370367
  },
  "compression_ratio": {
    "mean": 319.3660998780161,
    "std": 0.2026004315259485
  }
}