{
  "language": "bn_in",
  "dataset": "fleurs",
  "num_samples": 100,
  "metrics": {
    "mse": {
      "mean": 0.01225960553171437,
      "std": 0.007137981751711407,
      "min": 0.001133451178523156,
      "max": 0.03580191406994267,
      "median": 0.011116594487000524
    },
    "snr_db": {
      "mean": 1.1447843459262896,
      "std": 2.300377952925444,
      "min": -4.40329123691914,
      "max": 5.9594097821569445,
      "median": 1.4039861067757426
    },
    "sdr_db": {
      "mean": 1.21059596531995,
      "std": 2.318665381314984,
      "min": -4.3933859817530925,
      "max": 6.081703523374526,
      "median": 1.5191306394182713
    },
    "pesq": {
      "mean": 1.842630205154419,
      "std": 0.37598322942975976,
      "min": 1.062741756439209,
      "max": 2.6593663692474365,
      "median": 1.799101710319519
    },
    "stoi": {
      "mean": 0.7935773461628781,
      "std": 0.07499514969698612,
      "min": 0.6495517543039139,
      "max": 0.9400296827957785,
      "median": 0.7878930454525456
    },
    "estoi": {
      "mean": 0.6410905806315726,
      "std": 0.10281182642786615,
      "min": 0.44737752675276155,
      "max": 0.8656766133621141,
      "median": 0.6464877736195351
    }
  },
  "tokens_per_second": {
    "mean": 50.08833945198032,
    "std": 0.032560504342150604
  },
  "compression_ratio": {
    "mean": 319.4357594250611,
    "std": 0.20734301435426827
  }
}