{
  "language": "uk",
  "dataset": "eurospeech",
  "num_samples": 100,
  "metrics": {
    "mse": {
      "mean": 0.0053451143437243335,
      "std": 0.0018795031933163473,
      "min": 0.0022621785389197653,
      "max": 0.009761584963468602,
      "median": 0.005050344272617131
    },
    "snr_db": {
      "mean": 0.49917561219893103,
      "std": 1.2493094959971205,
      "min": -4.942144805243389,
      "max": 2.88757267687142,
      "median": 0.552103758689596
    },
    "sdr_db": {
      "mean": 0.47024634664930715,
      "std": 1.2724954235564627,
      "min": -4.942755332169,
      "max": 2.7809140471274163,
      "median": 0.5174430331850413
    },
    "pesq": {
      "mean": 2.2983157444000244,
      "std": 0.11415268773064918,
      "min": 1.859656810760498,
      "max": 2.51517653465271,
      "median": 2.296323537826538
    },
    "stoi": {
      "mean": 0.8853140848902495,
      "std": 0.017400332947511577,
      "min": 0.8134082038239511,
      "max": 0.9125961841369192,
      "median": 0.8883498307566249
    },
    "estoi": {
      "mean": 0.7441010270390516,
      "std": 0.03997074418518782,
      "min": 0.6249899388127698,
      "max": 0.8228329709017465,
      "median": 0.745393894666885
    }
  },
  "tokens_per_second": {
    "mean": 50.04231357071802,
    "std": 0.02365659505555697
  },
  "compression_ratio": {
    "mean": 319.7294935651908,
    "std": 0.15111205338613956
  }
}