{
  "language": "reggae",
  "dataset": "gtzan",
  "num_samples": 25,
  "metrics": {
    "mse": {
      "mean": 0.03444924138849387,
      "std": 0.011063713293875415,
      "min": 0.019226002683806927,
      "max": 0.05950585138309638,
      "median": 0.033081979282284714
    },
    "snr_db": {
      "mean": -2.1455189701755586,
      "std": 0.6208614867958743,
      "min": -4.374293627360143,
      "max": -1.4618581163473874,
      "median": -1.9357280739815494
    },
    "sdr_db": {
      "mean": -2.1545922981551318,
      "std": 0.6393218718242331,
      "min": -4.450687148170972,
      "max": -1.4576421672229787,
      "median": -1.9179699178862037
    },
    "pesq": null,
    "stoi": null,
    "estoi": null
  },
  "tokens_per_second": {
    "mean": 50.01110617503332,
    "std": 0.0
  },
  "compression_ratio": {
    "mean": 440.9020652898068,
    "std": 0.0
  }
}