{
  "language": "classical",
  "dataset": "gtzan",
  "num_samples": 25,
  "metrics": {
    "mse": {
      "mean": 0.0315423957143516,
      "std": 0.01185047447100263,
      "min": 0.009162261901932213,
      "max": 0.05643411702222952,
      "median": 0.0316784187818006
    },
    "snr_db": {
      "mean": -2.6672664246954203,
      "std": 0.540291803873262,
      "min": -3.8448932760159655,
      "max": -1.7946701944947505,
      "median": -2.714130966898511
    },
    "sdr_db": {
      "mean": -2.864369842229822,
      "std": 0.630621383835099,
      "min": -4.222409275722559,
      "max": -1.7998187649481745,
      "median": -2.786269575586097
    },
    "pesq": null,
    "stoi": null,
    "estoi": null
  },
  "tokens_per_second": {
    "mean": 50.01110617503332,
    "std": 0.0
  },
  "compression_ratio": {
    "mean": 440.9020652898068,
    "std": 0.0
  }
}