{
  "language": "france",
  "dataset": "eurospeech",
  "num_samples": 100,
  "metrics": {
    "mse": {
      "mean": 0.007579711652318643,
      "std": 0.0025455249032168784,
      "min": 0.00245307386226135,
      "max": 0.01627194049558459,
      "median": 0.007597875021082514
    },
    "snr_db": {
      "mean": 3.274985088283537,
      "std": 1.2084244033693448,
      "min": 0.49245450678788927,
      "max": 5.374845610717615,
      "median": 3.5029598298031726
    },
    "sdr_db": {
      "mean": 3.2774402230837687,
      "std": 1.224476945858236,
      "min": -0.6670867439143071,
      "max": 5.4994833310769495,
      "median": 3.3874187271993055
    },
    "pesq": {
      "mean": 2.332736937999725,
      "std": 0.17796147171471707,
      "min": 2.000805377960205,
      "max": 2.9217875003814697,
      "median": 2.2999656200408936
    },
    "stoi": {
      "mean": 0.9002716822732637,
      "std": 0.017247803835546985,
      "min": 0.7901277288879742,
      "max": 0.9272304567164757,
      "median": 0.899814439675516
    },
    "estoi": {
      "mean": 0.8009249530907157,
      "std": 0.032006390939471906,
      "min": 0.635699016381837,
      "max": 0.8657494300315255,
      "median": 0.8001123242655577
    }
  },
  "tokens_per_second": {
    "mean": 50.0407175835431,
    "std": 0.02120649407010014
  },
  "compression_ratio": {
    "mean": 319.7396769209677,
    "std": 0.13547999752038542
  }
}