{
  "language": "cs_cz",
  "dataset": "fleurs",
  "num_samples": 100,
  "metrics": {
    "mse": {
      "mean": 0.013634214751039457,
      "std": 0.008160592376707214,
      "min": 0.001368284905605766,
      "max": 0.05633679586405998,
      "median": 0.011888219951425852
    },
    "snr_db": {
      "mean": -0.048924940090124956,
      "std": 2.690353479662596,
      "min": -6.793278008315545,
      "max": 5.768752509421723,
      "median": -0.26847718401938225
    },
    "sdr_db": {
      "mean": -0.0659676560602548,
      "std": 2.713823705311362,
      "min": -6.928085139887103,
      "max": 5.927355591975318,
      "median": -0.25013676498331217
    },
    "pesq": {
      "mean": 1.9483759880065918,
      "std": 0.3344429147961655,
      "min": 1.2890492677688599,
      "max": 2.901876449584961,
      "median": 1.880838930606842
    },
    "stoi": {
      "mean": 0.8563639296605023,
      "std": 0.061740480448111174,
      "min": 0.6355078495329893,
      "max": 0.9377736441207806,
      "median": 0.8716204118766522
    },
    "estoi": {
      "mean": 0.74613579801198,
      "std": 0.08957221816995695,
      "min": 0.4667812532575491,
      "max": 0.8845654147999488,
      "median": 0.7687873367703969
    }
  },
  "tokens_per_second": {
    "mean": 50.09801225044812,
    "std": 0.025564976656994084
  },
  "compression_ratio": {
    "mean": 319.37403195424815,
    "std": 0.16293071197850742
  }
}