{
  "language": "tr_tr",
  "dataset": "fleurs",
  "num_samples": 100,
  "metrics": {
    "mse": {
      "mean": 0.011784922935567455,
      "std": 0.017229482518192715,
      "min": 0.0018410522782748866,
      "max": 0.151020269956498,
      "median": 0.008625902946205764
    },
    "snr_db": {
      "mean": 0.6362472449175963,
      "std": 1.908319409674017,
      "min": -4.883443418141611,
      "max": 3.9731458004205877,
      "median": 1.0819604389147444
    },
    "sdr_db": {
      "mean": -0.2639589978099907,
      "std": 3.530965218727575,
      "min": -9.531330413956125,
      "max": 3.978001343824325,
      "median": 0.9834840341613778
    },
    "pesq": {
      "mean": 1.9743535085157915,
      "std": 0.5170260903635872,
      "min": 1.065089464187622,
      "max": 3.0737602710723877,
      "median": 1.9341884851455688
    },
    "stoi": {
      "mean": 0.7373557310054925,
      "std": 0.25046491067045135,
      "min": 1e-05,
      "max": 0.9396530182785906,
      "median": 0.8157951722245993
    },
    "estoi": {
      "mean": 0.609208366561879,
      "std": 0.23312170353553163,
      "min": 1e-05,
      "max": 0.853401029043891,
      "median": 0.6809400066997541
    }
  },
  "tokens_per_second": {
    "mean": 50.09177267854474,
    "std": 0.03397415498957533
  },
  "compression_ratio": {
    "mean": 319.4138776659964,
    "std": 0.21635350283009633
  }
}