{
  "language": "denmark",
  "dataset": "eurospeech",
  "num_samples": 100,
  "metrics": {
    "mse": {
      "mean": 0.0073286462144870855,
      "std": 0.002491083144752021,
      "min": 0.0030951151305787634,
      "max": 0.014355578741086419,
      "median": 0.007006824890636481
    },
    "snr_db": {
      "mean": 1.880817518612651,
      "std": 0.6625830984074865,
      "min": -0.770371107951416,
      "max": 3.505218384838677,
      "median": 1.930681120193218
    },
    "sdr_db": {
      "mean": 1.8652555330604121,
      "std": 0.7430860950741454,
      "min": -1.802114594618026,
      "max": 3.3996876706683232,
      "median": 1.8991405981998186
    },
    "pesq": {
      "mean": 2.32688236951828,
      "std": 0.2258501064804058,
      "min": 1.5775566101074219,
      "max": 2.7941672801971436,
      "median": 2.322456955909729
    },
    "stoi": {
      "mean": 0.9011335976429896,
      "std": 0.036889582007409404,
      "min": 0.6188871749605087,
      "max": 0.9366526334824246,
      "median": 0.906258794509928
    },
    "estoi": {
      "mean": 0.7793209288711727,
      "std": 0.06831842784416602,
      "min": 0.40205023559248937,
      "max": 0.8758527207728112,
      "median": 0.7738388505841884
    }
  },
  "tokens_per_second": {
    "mean": 50.03992806510349,
    "std": 0.021206453337471853
  },
  "compression_ratio": {
    "mean": 319.74472169823645,
    "std": 0.13547652569868715
  }
}