{
  "language": "blues",
  "dataset": "gtzan",
  "num_samples": 25,
  "metrics": {
    "mse": {
      "mean": 0.03737229437143826,
      "std": 0.01823250278025565,
      "min": 0.01594116858391905,
      "max": 0.08750965774434628,
      "median": 0.03155089389773933
    },
    "snr_db": {
      "mean": -2.008108647862279,
      "std": 0.7756872597145471,
      "min": -4.060102416440719,
      "max": -0.5431847575901818,
      "median": -2.055547986197706
    },
    "sdr_db": {
      "mean": -2.0588561002942605,
      "std": 0.7221133811127292,
      "min": -3.9830519332541554,
      "max": -0.928848165289602,
      "median": -1.8796540653155605
    },
    "pesq": null,
    "stoi": null,
    "estoi": null
  },
  "tokens_per_second": {
    "mean": 50.01110617503332,
    "std": 0.0
  },
  "compression_ratio": {
    "mean": 440.9020652898068,
    "std": 0.0
  }
}