{
  "language": "hi_in",
  "dataset": "fleurs",
  "num_samples": 100,
  "metrics": {
    "mse": {
      "mean": 0.013161708755164325,
      "std": 0.009335762937171786,
      "min": 0.00228942196824934,
      "max": 0.042962547907981354,
      "median": 0.010458517991424051
    },
    "snr_db": {
      "mean": 1.010416974595734,
      "std": 1.8853285796675072,
      "min": -3.5271322608399682,
      "max": 4.159266913350418,
      "median": 1.0767071556594412
    },
    "sdr_db": {
      "mean": 1.0495119609112462,
      "std": 1.8765432645339637,
      "min": -3.5295654360399547,
      "max": 4.091327715777245,
      "median": 1.091078934057875
    },
    "pesq": {
      "mean": 2.0969608604907988,
      "std": 0.38182040057483124,
      "min": 1.2866392135620117,
      "max": 2.8171281814575195,
      "median": 2.0500582456588745
    },
    "stoi": {
      "mean": 0.8034754379181009,
      "std": 0.0788105446223997,
      "min": 0.6452759984522474,
      "max": 0.9271059792402542,
      "median": 0.8007678966395357
    },
    "estoi": {
      "mean": 0.6532252779752378,
      "std": 0.11354479560020908,
      "min": 0.47270046725668025,
      "max": 0.8569245721057472,
      "median": 0.6488952224980389
    }
  },
  "tokens_per_second": {
    "mean": 50.096109390599366,
    "std": 0.03614304731997103
  },
  "compression_ratio": {
    "mean": 319.38624606999616,
    "std": 0.23022352545108735
  }
}