{
  "language": "cmn_hans_cn",
  "dataset": "fleurs",
  "num_samples": 100,
  "metrics": {
    "mse": {
      "mean": 0.010467782787101573,
      "std": 0.006265631452045597,
      "min": 0.00288412644495317,
      "max": 0.042791671054633294,
      "median": 0.009091606310363643
    },
    "snr_db": {
      "mean": 1.707863791179146,
      "std": 1.7743697817154167,
      "min": -4.119564924486695,
      "max": 4.838538956984869,
      "median": 2.0169005584849966
    },
    "sdr_db": {
      "mean": 1.7635395855540588,
      "std": 1.8066482480202004,
      "min": -4.140079183407787,
      "max": 4.969436307587362,
      "median": 2.0776448600038453
    },
    "pesq": {
      "mean": 2.2214971566200257,
      "std": 0.33295305741893055,
      "min": 1.4737308025360107,
      "max": 2.936160087585449,
      "median": 2.247169852256775
    },
    "stoi": {
      "mean": 0.8461975054981995,
      "std": 0.08067134056583881,
      "min": 0.6301027912708971,
      "max": 0.9424068743244446,
      "median": 0.8815517714230172
    },
    "estoi": {
      "mean": 0.7324476146045952,
      "std": 0.11171394816902096,
      "min": 0.4516503432689448,
      "max": 0.8948943448947781,
      "median": 0.7619960173838831
    }
  },
  "tokens_per_second": {
    "mean": 50.11049999322446,
    "std": 0.04503671440109715
  },
  "compression_ratio": {
    "mean": 319.294617090988,
    "std": 0.2866015894176523
  }
}