{
  "language": "country",
  "dataset": "gtzan",
  "num_samples": 25,
  "num_failed": 0,
  "metrics": {
    "mse": {
      "mean": 0.06639415642630049,
      "std": 0.043288053323241885,
      "min": 0.014537076590920274,
      "max": 0.1536050506918456,
      "median": 0.04518651064650392
    },
    "snr_db": {
      "mean": -1.8939578263406434,
      "std": 0.9046522330875585,
      "min": -4.036415097080107,
      "max": -0.38287402621859956,
      "median": -1.7274520665777913
    },
    "sdr_db": {
      "mean": -1.8761942381951102,
      "std": 0.9051999105871922,
      "min": -4.061869836517064,
      "max": -0.3700657202813074,
      "median": -1.7297373234853548
    },
    "pesq": {
      "mean": 1.1896746349334717,
      "std": 0.0928478414437044,
      "min": 1.0847605466842651,
      "max": 1.3945870399475098,
      "median": 1.1537729501724243
    },
    "stoi": {
      "mean": 0.47560799385003455,
      "std": 0.10513298019154366,
      "min": 0.2665796017207474,
      "max": 0.6346606861702776,
      "median": 0.49699630356094
    },
    "estoi": {
      "mean": 0.34881928127400225,
      "std": 0.06575937109138369,
      "min": 0.23138344665830135,
      "max": 0.49530165679747545,
      "median": 0.34440226531806956
    }
  },
  "tokens_per_second": {
    "mean": 50.01428815241969,
    "std": 0.007301666143716202
  },
  "compression_ratio": {
    "mean": 440.8740238919924,
    "std": 0.064348445803424
  }
}