{
  "language": "malta",
  "dataset": "eurospeech",
  "num_samples": 100,
  "metrics": {
    "mse": {
      "mean": 0.011158907959700535,
      "std": 0.003373987523614902,
      "min": 0.00393278748790196,
      "max": 0.02334289411696098,
      "median": 0.0111933095340075
    },
    "snr_db": {
      "mean": -0.03531046877838022,
      "std": 1.1976720724541152,
      "min": -3.3866323541430026,
      "max": 1.860320566164655,
      "median": 0.2921686864334391
    },
    "sdr_db": {
      "mean": -0.31446652051821766,
      "std": 1.3939540539865267,
      "min": -3.9027383423115447,
      "max": 1.8891206974984232,
      "median": -0.29809551324486794
    },
    "pesq": {
      "mean": 1.8690976762771607,
      "std": 0.15715350410091258,
      "min": 1.2998679876327515,
      "max": 2.1193485260009766,
      "median": 1.9000598192214966
    },
    "stoi": {
      "mean": 0.7389830010352665,
      "std": 0.08106967605741913,
      "min": 0.555998711166485,
      "max": 0.8413198478447818,
      "median": 0.7668236774809467
    },
    "estoi": {
      "mean": 0.5480231988384321,
      "std": 0.08980882845082455,
      "min": 0.38444627115006746,
      "max": 0.6925900660164217,
      "median": 0.5599318750665729
    }
  },
  "tokens_per_second": {
    "mean": 50.03593108623958,
    "std": 0.02021821064144033
  },
  "compression_ratio": {
    "mean": 319.7702583835013,
    "std": 0.12918582247984028
  }
}