{
  "language": "ca_es",
  "dataset": "fleurs",
  "num_samples": 100,
  "metrics": {
    "mse": {
      "mean": 0.012324413201310391,
      "std": 0.00946631243308954,
      "min": 0.0027715558885869408,
      "max": 0.05045462042269935,
      "median": 0.008915010937723084
    },
    "snr_db": {
      "mean": 1.0742538452123431,
      "std": 2.238424403788836,
      "min": -8.121571057153655,
      "max": 5.190805234556222,
      "median": 1.279548994823013
    },
    "sdr_db": {
      "mean": 0.992405000870116,
      "std": 2.331301151077341,
      "min": -8.216791748877162,
      "max": 4.797841967485648,
      "median": 1.3358157222421698
    },
    "pesq": {
      "mean": 2.058961980342865,
      "std": 0.3409175073917786,
      "min": 1.2792253494262695,
      "max": 2.697693109512329,
      "median": 2.049229145050049
    },
    "stoi": {
      "mean": 0.828325881671861,
      "std": 0.10157021473907457,
      "min": 0.5410596462942461,
      "max": 0.9396074927073209,
      "median": 0.85478920647063
    },
    "estoi": {
      "mean": 0.709833266404246,
      "std": 0.12704363631365806,
      "min": 0.41240463704587893,
      "max": 0.8849945872406965,
      "median": 0.7101424133135701
    }
  },
  "tokens_per_second": {
    "mean": 50.09345036662018,
    "std": 0.035024672003163955
  },
  "compression_ratio": {
    "mean": 319.4031893795206,
    "std": 0.2231035415572228
  }
}