{
  "language": "norway",
  "dataset": "eurospeech",
  "num_samples": 100,
  "metrics": {
    "mse": {
      "mean": 0.009637981358101491,
      "std": 0.002901448654450267,
      "min": 0.004241828541586924,
      "max": 0.021798876531383467,
      "median": 0.009264260466665857
    },
    "snr_db": {
      "mean": 1.0258537732986024,
      "std": 1.3438517463514337,
      "min": -3.2084020757901532,
      "max": 3.0647345884534345,
      "median": 1.2597240310580347
    },
    "sdr_db": {
      "mean": 1.01783955469912,
      "std": 1.3909345083192546,
      "min": -3.306862347778703,
      "max": 3.2920750708267525,
      "median": 1.315401163139273
    },
    "pesq": {
      "mean": 2.1091260218620302,
      "std": 0.13652057174941448,
      "min": 1.628641963005066,
      "max": 2.4969775676727295,
      "median": 2.113953471183777
    },
    "stoi": {
      "mean": 0.8741589375583648,
      "std": 0.0381615818832324,
      "min": 0.6997303494601863,
      "max": 0.9187505188324592,
      "median": 0.8856915892112716
    },
    "estoi": {
      "mean": 0.7477702247571734,
      "std": 0.05297577045144777,
      "min": 0.559619278689862,
      "max": 0.8286540233198789,
      "median": 0.7521347153313884
    }
  },
  "tokens_per_second": {
    "mean": 50.043543668957255,
    "std": 0.024024776527971168
  },
  "compression_ratio": {
    "mean": 319.72163668352357,
    "std": 0.15347834177998726
  }
}