{
  "language": "hu_hu",
  "dataset": "fleurs",
  "num_samples": 100,
  "metrics": {
    "mse": {
      "mean": 0.00975561171514018,
      "std": 0.004938685675258592,
      "min": 0.0032693913688339763,
      "max": 0.028496444160816876,
      "median": 0.008480838402615841
    },
    "snr_db": {
      "mean": 0.8254036265128724,
      "std": 1.8952133523766668,
      "min": -9.64712422643791,
      "max": 3.927836200611811,
      "median": 1.0918606941903808
    },
    "sdr_db": {
      "mean": 0.8067991161421356,
      "std": 1.9684496771687752,
      "min": -10.484351028322465,
      "max": 4.02782708001761,
      "median": 1.0704805561586492
    },
    "pesq": {
      "mean": 2.036933569908142,
      "std": 0.3116294215314001,
      "min": 1.1524734497070312,
      "max": 2.638089656829834,
      "median": 2.094865918159485
    },
    "stoi": {
      "mean": 0.7711025855518606,
      "std": 0.12894960810675152,
      "min": 0.48393747755951133,
      "max": 0.932597101755451,
      "median": 0.7848620596362218
    },
    "estoi": {
      "mean": 0.6341650171274966,
      "std": 0.1566353511638257,
      "min": 0.3285506830315612,
      "max": 0.8553665364856246,
      "median": 0.630386945697023
    }
  },
  "tokens_per_second": {
    "mean": 50.10386290005534,
    "std": 0.03412505769386712
  },
  "compression_ratio": {
    "mean": 319.33680343534803,
    "std": 0.21738482853110117
  }
}