{
  "language": "nl_nl",
  "dataset": "fleurs",
  "num_samples": 100,
  "metrics": {
    "mse": {
      "mean": 0.010764504131385268,
      "std": 0.007986530101442048,
      "min": 0.0021231748197489274,
      "max": 0.048288046654002395,
      "median": 0.008206244740236509
    },
    "snr_db": {
      "mean": 1.269302358158738,
      "std": 2.0329897009067026,
      "min": -3.443848385584152,
      "max": 4.500835416385717,
      "median": 1.7948382275460575
    },
    "sdr_db": {
      "mean": 1.322851513730044,
      "std": 2.0550773625058985,
      "min": -3.3896230651000225,
      "max": 4.652831625848061,
      "median": 1.7773591676534202
    },
    "pesq": {
      "mean": 2.0777768313884737,
      "std": 0.31255222225922075,
      "min": 1.0682145357131958,
      "max": 2.7658228874206543,
      "median": 2.131016731262207
    },
    "stoi": {
      "mean": 0.8368380347535361,
      "std": 0.07655547800342301,
      "min": 0.6106326882654718,
      "max": 0.9303349276726282,
      "median": 0.8670512103784114
    },
    "estoi": {
      "mean": 0.7145724521342917,
      "std": 0.10563836375290656,
      "min": 0.45454490285785,
      "max": 0.852401309309503,
      "median": 0.7440868220581478
    }
  },
  "tokens_per_second": {
    "mean": 50.12139359219703,
    "std": 0.04029887205599939
  },
  "compression_ratio": {
    "mean": 319.2251689122663,
    "std": 0.2564735258289156
  }
}