{
  "language": "metal",
  "dataset": "gtzan",
  "num_samples": 25,
  "num_failed": 0,
  "metrics": {
    "mse": {
      "mean": 0.05643278091098229,
      "std": 0.029397376208931736,
      "min": 0.01829637340933495,
      "max": 0.14001050776398363,
      "median": 0.05003560996563065
    },
    "snr_db": {
      "mean": -2.388410874468371,
      "std": 0.763907251895422,
      "min": -3.776421460357031,
      "max": -0.7982686992377932,
      "median": -2.2391874844466577
    },
    "sdr_db": {
      "mean": -2.3917729432606207,
      "std": 0.761152396399441,
      "min": -3.7743282836776104,
      "max": -0.7939287087181498,
      "median": -2.2375135711927228
    },
    "pesq": {
      "mean": 1.1691315984725952,
      "std": 0.070276146802528,
      "min": 1.031019687652588,
      "max": 1.2982999086380005,
      "median": 1.1598305702209473
    },
    "stoi": {
      "mean": 0.3981564785347214,
      "std": 0.07056939940045341,
      "min": 0.2299981121836093,
      "max": 0.5300845507632478,
      "median": 0.4051763558832606
    },
    "estoi": {
      "mean": 0.2721468135764223,
      "std": 0.03011256093110994,
      "min": 0.1956595998506316,
      "max": 0.32852998279414086,
      "median": 0.2707704703085263
    }
  },
  "tokens_per_second": {
    "mean": 50.03303079044118,
    "std": 7.105427357601002e-15
  },
  "compression_ratio": {
    "mean": 440.7088607594937,
    "std": 0.0
  }
}