{
  "language": "sw_ke",
  "dataset": "fleurs",
  "num_samples": 100,
  "metrics": {
    "mse": {
      "mean": 0.013525696436396726,
      "std": 0.011581731008717542,
      "min": 0.0012203106000420424,
      "max": 0.07035393943207884,
      "median": 0.009981024366204062
    },
    "snr_db": {
      "mean": 0.056975918600311995,
      "std": 3.372338273656168,
      "min": -12.316386391150562,
      "max": 5.118467101612846,
      "median": 0.7842766588591875
    },
    "sdr_db": {
      "mean": 0.03798800430964802,
      "std": 3.3557510459638826,
      "min": -12.267358433107622,
      "max": 5.197007382900713,
      "median": 0.8002011774660804
    },
    "pesq": {
      "mean": 2.0753764545917512,
      "std": 0.4447069146200946,
      "min": 1.0689300298690796,
      "max": 2.9292171001434326,
      "median": 2.1647369861602783
    },
    "stoi": {
      "mean": 0.8211982853564159,
      "std": 0.09187351295259273,
      "min": 0.43334782936574084,
      "max": 0.9275733052950293,
      "median": 0.8388095048414257
    },
    "estoi": {
      "mean": 0.6954230839558975,
      "std": 0.12432679291329077,
      "min": 0.33733550001548507,
      "max": 0.8754635322471906,
      "median": 0.7076970782122383
    }
  },
  "tokens_per_second": {
    "mean": 50.07370779310473,
    "std": 0.02478600882602903
  },
  "compression_ratio": {
    "mean": 319.5290427510857,
    "std": 0.15807827839647542
  }
}