{
  "language": "kea_cv",
  "dataset": "fleurs",
  "num_samples": 100,
  "metrics": {
    "mse": {
      "mean": 0.014141276307783645,
      "std": 0.009836956192739837,
      "min": 0.00288877543038206,
      "max": 0.04984587909115223,
      "median": 0.010884463740287537
    },
    "snr_db": {
      "mean": 0.03426813488109448,
      "std": 1.86358456125528,
      "min": -7.729760333855042,
      "max": 3.2090088916562545,
      "median": 0.3195132190617934
    },
    "sdr_db": {
      "mean": 0.0031138229456395285,
      "std": 1.804320442534846,
      "min": -7.617468690003957,
      "max": 3.4024940678991094,
      "median": 0.38259425838024086
    },
    "pesq": {
      "mean": 1.7951415729522706,
      "std": 0.3143624684691107,
      "min": 1.0314874649047852,
      "max": 2.297916889190674,
      "median": 1.851870834827423
    },
    "stoi": {
      "mean": 0.747440134889606,
      "std": 0.09806516454019362,
      "min": 0.3196175648324773,
      "max": 0.9133826502811752,
      "median": 0.7598620871195595
    },
    "estoi": {
      "mean": 0.5880178520569451,
      "std": 0.11156420406688686,
      "min": 0.21349329994675895,
      "max": 0.7905917401159009,
      "median": 0.594810094993848
    }
  },
  "tokens_per_second": {
    "mean": 50.07760561168573,
    "std": 0.025014779154437197
  },
  "compression_ratio": {
    "mean": 319.50417345898524,
    "std": 0.1594964558749706
  }
}