{
  "language": "blues",
  "dataset": "gtzan",
  "num_samples": 25,
  "num_failed": 0,
  "metrics": {
    "mse": {
      "mean": 0.0374872851677203,
      "std": 0.018384062936914768,
      "min": 0.015789841461276603,
      "max": 0.08681499167147173,
      "median": 0.0315869877104676
    },
    "snr_db": {
      "mean": -2.0157931575586345,
      "std": 0.7709886159148455,
      "min": -4.025489842742138,
      "max": -0.5416262271044934,
      "median": -2.0445136567284417
    },
    "sdr_db": {
      "mean": -2.06762297377943,
      "std": 0.7175628721590211,
      "min": -3.9520679345347642,
      "max": -0.928669008300088,
      "median": -1.8783567307587354
    },
    "pesq": {
      "mean": 1.2700000858306886,
      "std": 0.12033565894897973,
      "min": 1.1014900207519531,
      "max": 1.6099469661712646,
      "median": 1.2498081922531128
    },
    "stoi": {
      "mean": 0.6611714203450393,
      "std": 0.051975934338194384,
      "min": 0.5463312786512039,
      "max": 0.7349382996130146,
      "median": 0.6723631635454441
    },
    "estoi": {
      "mean": 0.4387946500364343,
      "std": 0.04734453442591894,
      "min": 0.3253967029386962,
      "max": 0.5204574944917332,
      "median": 0.43914761555922976
    }
  },
  "tokens_per_second": {
    "mean": 50.01110617503332,
    "std": 0.0
  },
  "compression_ratio": {
    "mean": 440.9020652898068,
    "std": 0.0
  }
}