{
  "language": "oc_fr",
  "dataset": "fleurs",
  "num_samples": 100,
  "metrics": {
    "mse": {
      "mean": 0.009535287083077444,
      "std": 0.006080445822496322,
      "min": 0.0014293041099655334,
      "max": 0.049503138786404464,
      "median": 0.008358512431524846
    },
    "snr_db": {
      "mean": 0.2003993989068569,
      "std": 2.2085394395736357,
      "min": -4.554937334213576,
      "max": 4.118258186620011,
      "median": 0.09337585594918665
    },
    "sdr_db": {
      "mean": 0.24937399331687957,
      "std": 2.244606980081239,
      "min": -4.742072369268367,
      "max": 4.389573619547797,
      "median": 0.14860082696916355
    },
    "pesq": {
      "mean": 2.1019059789180754,
      "std": 0.26804427379357426,
      "min": 1.4692227840423584,
      "max": 2.6701600551605225,
      "median": 2.1270463466644287
    },
    "stoi": {
      "mean": 0.8651637809905318,
      "std": 0.04536125778766101,
      "min": 0.7317913053435791,
      "max": 0.9370392463135857,
      "median": 0.8714675955553195
    },
    "estoi": {
      "mean": 0.7224045800471965,
      "std": 0.05814471142515965,
      "min": 0.5582027668597509,
      "max": 0.8441415461249863,
      "median": 0.7138107398029303
    }
  },
  "tokens_per_second": {
    "mean": 50.0865325981156,
    "std": 0.042405834016529975
  },
  "compression_ratio": {
    "mean": 319.44737682392974,
    "std": 0.2700734218028991
  }
}