{
  "language": "Watkins",
  "dataset": "naturelm",
  "num_samples": 100,
  "num_failed": 0,
  "metrics": {
    "mse": {
      "mean": 0.06872292336479059,
      "std": 0.05617387127235867,
      "min": 0.0042087316444830245,
      "max": 0.33520784781769086,
      "median": 0.05696814546759808
    },
    "snr_db": {
      "mean": -3.003007817741099,
      "std": 1.530321915425256,
      "min": -7.602732698805762,
      "max": -0.47986076576974723,
      "median": -2.6444557977293233
    },
    "sdr_db": {
      "mean": -3.007581872016901,
      "std": 1.5412335690241177,
      "min": -7.601100983995829,
      "max": -0.47986076087743135,
      "median": -2.62141022879167
    },
    "pesq": {
      "mean": 1.2989815986609157,
      "std": 0.253191863664565,
      "min": 1.0273592472076416,
      "max": 2.6031386852264404,
      "median": 1.2405905723571777
    },
    "stoi": {
      "mean": 0.3653523729896176,
      "std": 0.14716444596205602,
      "min": 1e-05,
      "max": 0.7539118100572174,
      "median": 0.34295904580280345
    },
    "estoi": {
      "mean": 0.2088600680045016,
      "std": 0.09002332120262682,
      "min": 1e-05,
      "max": 0.4817490900728125,
      "median": 0.21102117755737687
    }
  },
  "tokens_per_second": {
    "mean": 50.32749915329204,
    "std": 0.44048633919167474
  },
  "compression_ratio": {
    "mean": 317.9412216716102,
    "std": 2.694243570759966
  }
}