{
  "language": "croatia",
  "dataset": "eurospeech",
  "num_samples": 100,
  "metrics": {
    "mse": {
      "mean": 0.022953916888919998,
      "std": 0.010696387633846265,
      "min": 0.004427138606588085,
      "max": 0.054127686690432476,
      "median": 0.019993636495588114
    },
    "snr_db": {
      "mean": -0.37692048636009207,
      "std": 1.5239961687934167,
      "min": -3.971417851344877,
      "max": 3.059187098096545,
      "median": -0.40534819535517064
    },
    "sdr_db": {
      "mean": -0.3569793422392914,
      "std": 1.5478640848643521,
      "min": -4.057214367072568,
      "max": 2.943208230088109,
      "median": -0.4018316418404613
    },
    "pesq": {
      "mean": 1.674763103723526,
      "std": 0.18743132451840822,
      "min": 1.0816794633865356,
      "max": 2.015228509902954,
      "median": 1.6969264149665833
    },
    "stoi": {
      "mean": 0.752630985480511,
      "std": 0.06849306368916981,
      "min": 0.5273301364812717,
      "max": 0.8737335427701062,
      "median": 0.7650382154747797
    },
    "estoi": {
      "mean": 0.5500956584456683,
      "std": 0.07397477706181906,
      "min": 0.3971231270391491,
      "max": 0.6953994906988645,
      "median": 0.5573357405638646
    }
  },
  "tokens_per_second": {
    "mean": 50.03474711142723,
    "std": 0.022447485233011762
  },
  "compression_ratio": {
    "mean": 319.77783727091776,
    "std": 0.14343210152106411
  }
}