{
  "language": "portugal",
  "dataset": "eurospeech",
  "num_samples": 100,
  "metrics": {
    "mse": {
      "mean": 0.007055558170363446,
      "std": 0.004013237573873547,
      "min": 0.0013411896597991626,
      "max": 0.03547457858451451,
      "median": 0.00652217351122246
    },
    "snr_db": {
      "mean": 1.411890612493558,
      "std": 1.0164591460640078,
      "min": -1.9483685859745137,
      "max": 3.8685213518618777,
      "median": 1.2717820193862135
    },
    "sdr_db": {
      "mean": 1.4135898272590506,
      "std": 1.0994992420742493,
      "min": -1.9559541695495382,
      "max": 3.9587172080382707,
      "median": 1.2565819373520803
    },
    "pesq": {
      "mean": 2.163806940317154,
      "std": 0.12820896016768724,
      "min": 1.8228652477264404,
      "max": 2.480700731277466,
      "median": 2.170302391052246
    },
    "stoi": {
      "mean": 0.8412842148989396,
      "std": 0.04348386394533993,
      "min": 0.576956873828237,
      "max": 0.8976170948293205,
      "median": 0.8453998796021178
    },
    "estoi": {
      "mean": 0.6614050678103826,
      "std": 0.052417603666183345,
      "min": 0.372429007544738,
      "max": 0.7577955170803493,
      "median": 0.6632234649159635
    }
  },
  "tokens_per_second": {
    "mean": 50.03422198866812,
    "std": 0.020316826199023568
  },
  "compression_ratio": {
    "mean": 319.7811817991131,
    "std": 0.1298399504272019
  }
}