{
  "language": "be_by",
  "dataset": "fleurs",
  "num_samples": 100,
  "metrics": {
    "mse": {
      "mean": 0.013084950729393086,
      "std": 0.009360958828185491,
      "min": 0.001670890657601632,
      "max": 0.043229428077096343,
      "median": 0.010306183010923311
    },
    "snr_db": {
      "mean": -0.0292214481844197,
      "std": 1.927245918207334,
      "min": -6.7271700216168835,
      "max": 4.9043835718907784,
      "median": -0.06351045398651954
    },
    "sdr_db": {
      "mean": 0.03326037412630802,
      "std": 1.8779892928602435,
      "min": -6.797422712161797,
      "max": 4.163396125390775,
      "median": -0.007429785343734334
    },
    "pesq": {
      "mean": 1.893922415971756,
      "std": 0.38332097640575385,
      "min": 1.2123560905456543,
      "max": 2.8034090995788574,
      "median": 1.8653921484947205
    },
    "stoi": {
      "mean": 0.8537806455006518,
      "std": 0.04282927858350636,
      "min": 0.6979059617532294,
      "max": 0.9379019981117421,
      "median": 0.8557512558767864
    },
    "estoi": {
      "mean": 0.723486281316514,
      "std": 0.05605328948324095,
      "min": 0.5712913570809076,
      "max": 0.8239468667574108,
      "median": 0.7237619702665745
    }
  },
  "tokens_per_second": {
    "mean": 50.08359145466235,
    "std": 0.029867937431415262
  },
  "compression_ratio": {
    "mean": 319.4660211311843,
    "std": 0.1903707926054679
  }
}