{
  "language": "es_419",
  "dataset": "fleurs",
  "num_samples": 100,
  "metrics": {
    "mse": {
      "mean": 0.03061840422110351,
      "std": 0.051783603987802504,
      "min": 0.0012996573139738854,
      "max": 0.16142518629255745,
      "median": 0.008784264102015967
    },
    "snr_db": {
      "mean": 1.1543979637994735,
      "std": 1.8788686742525307,
      "min": -5.3202338819703145,
      "max": 4.02211180337178,
      "median": 1.5835418863771507
    },
    "sdr_db": {
      "mean": 1.2241139289930003,
      "std": 1.87536372762027,
      "min": -4.907193298935239,
      "max": 4.209360640491676,
      "median": 1.7498724883297805
    },
    "pesq": {
      "mean": 2.363820415735245,
      "std": 0.6489634687312256,
      "min": 1.0236324071884155,
      "max": 4.498108863830566,
      "median": 2.500921130180359
    },
    "stoi": {
      "mean": 0.7753564209918422,
      "std": 0.2889357480318226,
      "min": 0.06643449716911326,
      "max": 0.9459296727565816,
      "median": 0.9089959010011739
    },
    "estoi": {
      "mean": 0.6968131112410204,
      "std": 0.2693498464983671,
      "min": 0.05878031190737024,
      "max": 0.8959182553353828,
      "median": 0.8299733057408232
    }
  },
  "tokens_per_second": {
    "mean": 50.09978042773424,
    "std": 0.0315460186658906
  },
  "compression_ratio": {
    "mean": 319.3628036857092,
    "std": 0.2010219238128006
  }
}