{
  "language": "cy_gb",
  "dataset": "fleurs",
  "num_samples": 100,
  "metrics": {
    "mse": {
      "mean": 0.013598308980053398,
      "std": 0.012048543000157957,
      "min": 0.0017470943862422492,
      "max": 0.06249769939290435,
      "median": 0.009561052399354453
    },
    "snr_db": {
      "mean": -0.5030225931294248,
      "std": 2.778916606690441,
      "min": -5.920320226238549,
      "max": 5.20101498149443,
      "median": -1.1636166344024579
    },
    "sdr_db": {
      "mean": -0.5094049757703679,
      "std": 2.763212956842335,
      "min": -5.920320164431137,
      "max": 5.085427977706173,
      "median": -1.213355844378895
    },
    "pesq": {
      "mean": 1.8323333618488717,
      "std": 0.543854889161476,
      "min": 1.0901219844818115,
      "max": 2.7885828018188477,
      "median": 1.9699915647506714
    },
    "stoi": {
      "mean": 0.7767704997628677,
      "std": 0.15619960140089428,
      "min": 0.343637041889128,
      "max": 0.9430521981219422,
      "median": 0.8503939350105372
    },
    "estoi": {
      "mean": 0.6172954574312434,
      "std": 0.23220869034297148,
      "min": 0.10371713590668666,
      "max": 0.8710152905676766,
      "median": 0.7183963645544302
    }
  },
  "tokens_per_second": {
    "mean": 50.20649836964568,
    "std": 0.263528601992124
  },
  "compression_ratio": {
    "mean": 318.69253377238607,
    "std": 1.655178187918611
  }
}