{
  "language": "Animal Sound Archive",
  "dataset": "naturelm",
  "num_samples": 100,
  "num_failed": 0,
  "metrics": {
    "mse": {
      "mean": 0.02139935027833294,
      "std": 0.0176641583032188,
      "min": 0.0007802078838806232,
      "max": 0.09182574261293118,
      "median": 0.01732097823448464
    },
    "snr_db": {
      "mean": -2.136410661453482,
      "std": 1.1166822517059982,
      "min": -6.74616764244151,
      "max": -0.40325090538281827,
      "median": -1.9296525693425401
    },
    "sdr_db": {
      "mean": -2.26171459550335,
      "std": 1.1863918496361492,
      "min": -7.560724422342092,
      "max": -0.43617467454370007,
      "median": -2.013819404100455
    },
    "pesq": {
      "mean": 1.269804708885424,
      "std": 0.1786449786901355,
      "min": 1.0420558452606201,
      "max": 1.793806552886963,
      "median": 1.2420189380645752
    },
    "stoi": {
      "mean": 0.337766253288717,
      "std": 0.10826597382889967,
      "min": 0.1868611529621075,
      "max": 0.7031484460836626,
      "median": 0.3019069338293447
    },
    "estoi": {
      "mean": 0.2323141599122658,
      "std": 0.05441968406665247,
      "min": 0.10104551203774698,
      "max": 0.4495894087597111,
      "median": 0.22412431480551565
    }
  },
  "tokens_per_second": {
    "mean": 50.041360426700486,
    "std": 0.05166718209298782
  },
  "compression_ratio": {
    "mean": 319.7358513938505,
    "std": 0.3286609220455631
  }
}