{
  "language": "rock",
  "dataset": "gtzan",
  "num_samples": 25,
  "num_failed": 0,
  "metrics": {
    "mse": {
      "mean": 0.05688023228678343,
      "std": 0.026814553358249307,
      "min": 0.012678598971182915,
      "max": 0.13150375868659273,
      "median": 0.04843767849889895
    },
    "snr_db": {
      "mean": -2.1676286809860055,
      "std": 0.6966082108550512,
      "min": -3.442044724182951,
      "max": -0.6949907151641617,
      "median": -2.2755649127555784
    },
    "sdr_db": {
      "mean": -2.189482538587054,
      "std": 0.7321168493176481,
      "min": -3.696495495623272,
      "max": -0.7336448177533054,
      "median": -2.259452908051271
    },
    "pesq": {
      "mean": 1.1587178754806517,
      "std": 0.05838673324173415,
      "min": 1.0245281457901,
      "max": 1.2915078401565552,
      "median": 1.1543715000152588
    },
    "stoi": {
      "mean": 0.48887517614409876,
      "std": 0.10665173238443239,
      "min": 0.2914769321232179,
      "max": 0.7273156707808331,
      "median": 0.48434883553562436
    },
    "estoi": {
      "mean": 0.3302507251682021,
      "std": 0.05728987704452018,
      "min": 0.2423536121166495,
      "max": 0.47420048017440575,
      "median": 0.3363519563276543
    }
  },
  "tokens_per_second": {
    "mean": 50.01199526136532,
    "std": 0.00435561570136783
  },
  "compression_ratio": {
    "mean": 440.8942305129913,
    "std": 0.038382410892904534
  }
}