{
  "language": "gl_es",
  "dataset": "fleurs",
  "num_samples": 100,
  "metrics": {
    "mse": {
      "mean": 0.007931115972602433,
      "std": 0.003939955659631444,
      "min": 0.002685812513410076,
      "max": 0.018615246902430226,
      "median": 0.006855664395076158
    },
    "snr_db": {
      "mean": 2.251812270232465,
      "std": 2.012097912368023,
      "min": -2.4403252300347122,
      "max": 5.957626834894658,
      "median": 2.4342535284882505
    },
    "sdr_db": {
      "mean": 2.261240270583102,
      "std": 1.9769807663764438,
      "min": -2.570738732885184,
      "max": 5.812263907896826,
      "median": 2.386998942230125
    },
    "pesq": {
      "mean": 2.486574261188507,
      "std": 0.22317379150287256,
      "min": 1.7470118999481201,
      "max": 2.971548080444336,
      "median": 2.503735661506653
    },
    "stoi": {
      "mean": 0.8820238335565085,
      "std": 0.06672606992897769,
      "min": 0.6083740941399203,
      "max": 0.9373369828930657,
      "median": 0.9130164355050301
    },
    "estoi": {
      "mean": 0.7894982363820897,
      "std": 0.07291513416985529,
      "min": 0.5129434766091084,
      "max": 0.8675402339922375,
      "median": 0.8141851171636372
    }
  },
  "tokens_per_second": {
    "mean": 50.0996581221239,
    "std": 0.028897877629669843
  },
  "compression_ratio": {
    "mean": 319.36356295587075,
    "std": 0.18412268308418991
  }
}