{
  "language": "bulgaria",
  "dataset": "eurospeech",
  "num_samples": 100,
  "metrics": {
    "mse": {
      "mean": 0.015622297526804343,
      "std": 0.008141014925868635,
      "min": 0.0028049040908115484,
      "max": 0.04133538009383368,
      "median": 0.012862421668170046
    },
    "snr_db": {
      "mean": 0.5073425599036614,
      "std": 1.6373091558566668,
      "min": -3.836482176597986,
      "max": 3.0652178146861546,
      "median": 1.0920138218629547
    },
    "sdr_db": {
      "mean": 0.45991688018651034,
      "std": 1.5928641625627933,
      "min": -3.6947035566800035,
      "max": 2.8434135773457196,
      "median": 0.9988591892752603
    },
    "pesq": {
      "mean": 2.2946999955177305,
      "std": 0.10179615848692915,
      "min": 2.0053961277008057,
      "max": 2.5898423194885254,
      "median": 2.2910842895507812
    },
    "stoi": {
      "mean": 0.8212383347172693,
      "std": 0.062012294472635905,
      "min": 0.47616774026975783,
      "max": 0.8922674528113002,
      "median": 0.8387190520924761
    },
    "estoi": {
      "mean": 0.6628383811633404,
      "std": 0.06772131990660632,
      "min": 0.3431052788481521,
      "max": 0.7649370376454504,
      "median": 0.6783454480967988
    }
  },
  "tokens_per_second": {
    "mean": 50.04127718591754,
    "std": 0.02076026296285549
  },
  "compression_ratio": {
    "mean": 319.7360989450328,
    "std": 0.13264054678211468
  }
}