{
  "language": "hiphop",
  "dataset": "gtzan",
  "num_samples": 25,
  "metrics": {
    "mse": {
      "mean": 0.06637362718399877,
      "std": 0.022225953146600565,
      "min": 0.023873773011903285,
      "max": 0.1118850388161823,
      "median": 0.06491901482932932
    },
    "snr_db": {
      "mean": -1.1223600732922934,
      "std": 0.5354828296538143,
      "min": -2.404478748325991,
      "max": -0.19732975076503073,
      "median": -1.0922432663078494
    },
    "sdr_db": {
      "mean": -1.1443759453757325,
      "std": 0.5476509614333643,
      "min": -2.423164122908709,
      "max": -0.1913863881048367,
      "median": -1.2022792963945543
    },
    "pesq": null,
    "stoi": null,
    "estoi": null
  },
  "tokens_per_second": {
    "mean": 50.017513800954205,
    "std": 0.00971855078229206
  },
  "compression_ratio": {
    "mean": 440.8455990048207,
    "std": 0.08564173416095992
  }
}