{
  "language": "ka_ge",
  "dataset": "fleurs",
  "num_samples": 100,
  "metrics": {
    "mse": {
      "mean": 0.015679175121830532,
      "std": 0.018565733825154092,
      "min": 0.0022793648847253957,
      "max": 0.11221944823960982,
      "median": 0.008354771975756415
    },
    "snr_db": {
      "mean": 1.448107708663909,
      "std": 2.41082476497996,
      "min": -7.914969719848061,
      "max": 5.68795271318114,
      "median": 1.9072822514618561
    },
    "sdr_db": {
      "mean": 1.3729537976656534,
      "std": 2.3557619322206156,
      "min": -7.754304980951255,
      "max": 5.209699432402137,
      "median": 1.7146352714033453
    },
    "pesq": {
      "mean": 1.9651624846458435,
      "std": 0.3579213321400039,
      "min": 1.1114283800125122,
      "max": 2.5550553798675537,
      "median": 2.0423264503479004
    },
    "stoi": {
      "mean": 0.8456045414836827,
      "std": 0.088999052638287,
      "min": 0.5859751199735336,
      "max": 0.9310588405263677,
      "median": 0.9018262293244408
    },
    "estoi": {
      "mean": 0.7311617111864023,
      "std": 0.13101786656331837,
      "min": 0.4377598901328773,
      "max": 0.8677939742633458,
      "median": 0.8067299013920674
    }
  },
  "tokens_per_second": {
    "mean": 50.09342369650416,
    "std": 0.0409831197434264
  },
  "compression_ratio": {
    "mean": 319.4034167754203,
    "std": 0.26075771923628166
  }
}