{
  "language": "ar_eg",
  "dataset": "fleurs",
  "num_samples": 100,
  "metrics": {
    "mse": {
      "mean": 0.012807408824529505,
      "std": 0.006872842625337586,
      "min": 0.0023904982086891636,
      "max": 0.03461989222932363,
      "median": 0.010980342290196798
    },
    "snr_db": {
      "mean": 0.5938989928703152,
      "std": 2.0715508227362167,
      "min": -4.337435520921762,
      "max": 5.2826678171705215,
      "median": 0.2625218087912097
    },
    "sdr_db": {
      "mean": 0.6453895010688028,
      "std": 2.088472298006547,
      "min": -4.202495240940054,
      "max": 5.417624525875941,
      "median": 0.28825101833484174
    },
    "pesq": {
      "mean": 2.1111395955085754,
      "std": 0.44160258414495673,
      "min": 1.2804394960403442,
      "max": 3.0118308067321777,
      "median": 2.1389222145080566
    },
    "stoi": {
      "mean": 0.8564704887939091,
      "std": 0.05393550497094685,
      "min": 0.6749878002561372,
      "max": 0.9350156401175054,
      "median": 0.867967671660983
    },
    "estoi": {
      "mean": 0.7515381025258825,
      "std": 0.08918462177069755,
      "min": 0.5132957404793204,
      "max": 0.9130203225164536,
      "median": 0.7706737572595579
    }
  },
  "tokens_per_second": {
    "mean": 50.10707234329625,
    "std": 0.042765257825813426
  },
  "compression_ratio": {
    "mean": 319.31643368446845,
    "std": 0.27225466953453936
  }
}