{
  "language": "italy",
  "dataset": "eurospeech",
  "num_samples": 100,
  "metrics": {
    "mse": {
      "mean": 0.011687781026901928,
      "std": 0.0064934426084029,
      "min": 0.005711466556336448,
      "max": 0.038888183160292994,
      "median": 0.009868750543964381
    },
    "snr_db": {
      "mean": 2.125290707307438,
      "std": 0.8913877822826739,
      "min": 0.026908861915694252,
      "max": 4.096732241368897,
      "median": 2.1434633099316254
    },
    "sdr_db": {
      "mean": 2.202279915995184,
      "std": 0.9215262839250618,
      "min": -0.3905127729185856,
      "max": 4.304798148596513,
      "median": 2.2855219835730187
    },
    "pesq": {
      "mean": 2.2587136697769163,
      "std": 0.2229056306724088,
      "min": 1.9247876405715942,
      "max": 2.7609612941741943,
      "median": 2.2071497440338135
    },
    "stoi": {
      "mean": 0.9032401037529731,
      "std": 0.016764711055934377,
      "min": 0.8703319591518873,
      "max": 0.9289795100413825,
      "median": 0.9086032497028098
    },
    "estoi": {
      "mean": 0.7931842535168572,
      "std": 0.04172844658962273,
      "min": 0.7134849844464421,
      "max": 0.8615697443436291,
      "median": 0.8087810675574362
    }
  },
  "tokens_per_second": {
    "mean": 50.03124103148437,
    "std": 0.020361843056631197
  },
  "compression_ratio": {
    "mean": 319.8002352105808,
    "std": 0.13013292594491516
  }
}