{
  "language": "pop",
  "dataset": "gtzan",
  "num_samples": 25,
  "num_failed": 0,
  "metrics": {
    "mse": {
      "mean": 0.05837220082133223,
      "std": 0.017573949231224524,
      "min": 0.02408937265693562,
      "max": 0.10456990280910242,
      "median": 0.05671400980062356
    },
    "snr_db": {
      "mean": -1.465670915942948,
      "std": 0.7589370750174119,
      "min": -3.8913219858292014,
      "max": -0.3580271538159554,
      "median": -1.494921208705804
    },
    "sdr_db": {
      "mean": -1.4912738342560377,
      "std": 0.7842033618375767,
      "min": -4.035272726004499,
      "max": -0.3611399328888086,
      "median": -1.497545573607053
    },
    "pesq": {
      "mean": 1.1142609786987305,
      "std": 0.04162382303783183,
      "min": 1.0516713857650757,
      "max": 1.253675937652588,
      "median": 1.1092756986618042
    },
    "stoi": {
      "mean": 0.5092672776339275,
      "std": 0.06988702935293292,
      "min": 0.37239925293185616,
      "max": 0.6100998254451725,
      "median": 0.5166463969402479
    },
    "estoi": {
      "mean": 0.3345742191910778,
      "std": 0.04693420127116796,
      "min": 0.267901655990801,
      "max": 0.45892571570177376,
      "median": 0.3282555432417481
    }
  },
  "tokens_per_second": {
    "mean": 50.03303079044118,
    "std": 7.105427357601002e-15
  },
  "compression_ratio": {
    "mean": 440.7088607594937,
    "std": 0.0
  }
}