{
  "language": "NatureLM",
  "dataset": "naturelm",
  "num_samples": 100,
  "num_failed": 0,
  "metrics": {
    "mse": {
      "mean": 0.08324056930440489,
      "std": 0.09909861759836136,
      "min": 0.0034111846078577735,
      "max": 0.4867414125773633,
      "median": 0.04384756370091211
    },
    "snr_db": {
      "mean": -1.1841649804834353,
      "std": 2.561733366533987,
      "min": -6.333267100641442,
      "max": 7.978814778476054,
      "median": -1.7417076765900212
    },
    "sdr_db": {
      "mean": NaN,
      "std": NaN,
      "min": NaN,
      "max": NaN,
      "median": NaN
    },
    "pesq": {
      "mean": 1.414789456060563,
      "std": 0.4821902036440221,
      "min": 1.0279985666275024,
      "max": 3.2880189418792725,
      "median": 1.1871592998504639
    },
    "stoi": {
      "mean": 0.35889862251219407,
      "std": 0.22000660496200894,
      "min": 1e-05,
      "max": 0.8863220808434483,
      "median": 0.2881146589197745
    },
    "estoi": {
      "mean": 0.24567638575130352,
      "std": 0.16070554805573398,
      "min": 1e-05,
      "max": 0.765345421522885,
      "median": 0.17953037566523733
    }
  },
  "tokens_per_second": {
    "mean": 50.15408620427086,
    "std": 0.1466043555429879
  },
  "compression_ratio": {
    "mean": 319.01959254362276,
    "std": 0.9286628295594649
  }
}