{
  "language": "ja_jp",
  "dataset": "fleurs",
  "num_samples": 100,
  "metrics": {
    "mse": {
      "mean": 0.012627991353194415,
      "std": 0.0057895777886548165,
      "min": 0.0033292522835964887,
      "max": 0.03526311877777146,
      "median": 0.011467282403555303
    },
    "snr_db": {
      "mean": 0.8402808013638717,
      "std": 2.2659356838543254,
      "min": -7.334404630037545,
      "max": 5.40223329889322,
      "median": 0.9077160958533989
    },
    "sdr_db": {
      "mean": 0.8507189778646914,
      "std": 2.2828955696861986,
      "min": -7.344731908145326,
      "max": 5.5717924950808335,
      "median": 0.8849850471849291
    },
    "pesq": {
      "mean": 1.9475822782516479,
      "std": 0.2610299528794599,
      "min": 1.2963017225265503,
      "max": 2.502073049545288,
      "median": 1.9670324325561523
    },
    "stoi": {
      "mean": 0.8279702056706558,
      "std": 0.0741320896874289,
      "min": 0.6224850717722011,
      "max": 0.9198737120334629,
      "median": 0.8482194971311465
    },
    "estoi": {
      "mean": 0.7069578736737562,
      "std": 0.11390153655013566,
      "min": 0.4585735094831067,
      "max": 0.8675821260764813,
      "median": 0.7323906021112688
    }
  },
  "tokens_per_second": {
    "mean": 50.09189893634225,
    "std": 0.029971203364025034
  },
  "compression_ratio": {
    "mean": 319.4130401161854,
    "std": 0.19099840737297652
  }
}