{
  "language": "pop",
  "dataset": "gtzan",
  "num_samples": 25,
  "metrics": {
    "mse": {
      "mean": 0.05845666202756588,
      "std": 0.017664484452537627,
      "min": 0.024081283083285273,
      "max": 0.10461118504754549,
      "median": 0.05674924087909475
    },
    "snr_db": {
      "mean": -1.4704919327230686,
      "std": 0.7628482882213924,
      "min": -3.908082144905896,
      "max": -0.3577197167766663,
      "median": -1.4817412240271877
    },
    "sdr_db": {
      "mean": -1.4962998795441234,
      "std": 0.7887933502207098,
      "min": -4.053564200340877,
      "max": -0.3608375937944118,
      "median": -1.4822334491600648
    },
    "pesq": null,
    "stoi": null,
    "estoi": null
  },
  "tokens_per_second": {
    "mean": 50.03303079044118,
    "std": 7.105427357601002e-15
  },
  "compression_ratio": {
    "mean": 440.7088607594937,
    "std": 0.0
  }
}