{
  "language": "iceland",
  "dataset": "eurospeech",
  "num_samples": 100,
  "metrics": {
    "mse": {
      "mean": 0.009212182896699195,
      "std": 0.004436299305979958,
      "min": 0.003188410458808249,
      "max": 0.02891500886107481,
      "median": 0.008311111073499335
    },
    "snr_db": {
      "mean": 0.11609788847175156,
      "std": 1.409390312754112,
      "min": -5.644285051921775,
      "max": 2.2221665129081796,
      "median": 0.5016339488265527
    },
    "sdr_db": {
      "mean": 0.13484770963678752,
      "std": 1.4037606325943537,
      "min": -5.628617182032277,
      "max": 2.242151699089608,
      "median": 0.5720768494413591
    },
    "pesq": {
      "mean": 2.1222303748130797,
      "std": 0.1680119821198752,
      "min": 1.7048513889312744,
      "max": 2.515904426574707,
      "median": 2.1406469345092773
    },
    "stoi": {
      "mean": 0.8386436704616581,
      "std": 0.045859645935114615,
      "min": 0.7088572480309142,
      "max": 0.8989347061140708,
      "median": 0.8538829886952599
    },
    "estoi": {
      "mean": 0.6537181958394307,
      "std": 0.04708870574330208,
      "min": 0.5176779462412575,
      "max": 0.7358909386376485,
      "median": 0.662120267327603
    }
  },
  "tokens_per_second": {
    "mean": 50.04046951352039,
    "std": 0.020843969681859108
  },
  "compression_ratio": {
    "mean": 319.7412600448495,
    "std": 0.13315549984529598
  }
}