{
  "language": "bosnia-herzegovina",
  "dataset": "eurospeech",
  "num_samples": 100,
  "metrics": {
    "mse": {
      "mean": 0.006223444856919284,
      "std": 0.0031273433949887963,
      "min": 0.0011110968173796746,
      "max": 0.02110649259708319,
      "median": 0.006232958063230537
    },
    "snr_db": {
      "mean": 1.9025544703350505,
      "std": 1.1048281677396883,
      "min": -1.2452660869044112,
      "max": 4.334460779344366,
      "median": 1.891618377062343
    },
    "sdr_db": {
      "mean": 1.7853604393555755,
      "std": 1.2158826947504209,
      "min": -1.5943363449030747,
      "max": 4.320301325232142,
      "median": 1.8066064642087258
    },
    "pesq": {
      "mean": 2.314128009080887,
      "std": 0.1995773097480625,
      "min": 1.5696790218353271,
      "max": 2.716541051864624,
      "median": 2.3249828815460205
    },
    "stoi": {
      "mean": 0.8754998966759456,
      "std": 0.04326498622653334,
      "min": 0.6870670632399258,
      "max": 0.9312993614427606,
      "median": 0.8853689213682226
    },
    "estoi": {
      "mean": 0.724392055939034,
      "std": 0.061223636936985716,
      "min": 0.5285571381047394,
      "max": 0.8165814172840741,
      "median": 0.7404271845866885
    }
  },
  "tokens_per_second": {
    "mean": 50.03929252881806,
    "std": 0.02061167714595142
  },
  "compression_ratio": {
    "mean": 319.74877951746566,
    "std": 0.13167329092687305
  }
}