{
  "language": "mk_mk",
  "dataset": "fleurs",
  "num_samples": 100,
  "metrics": {
    "mse": {
      "mean": 0.0077085445410871424,
      "std": 0.0036335731168928333,
      "min": 0.0022797486622566955,
      "max": 0.026277143080244175,
      "median": 0.006975539065377153
    },
    "snr_db": {
      "mean": 2.079422385432616,
      "std": 3.3628695622307876,
      "min": -14.756302648846482,
      "max": 6.345403451156662,
      "median": 2.8919312131131125
    },
    "sdr_db": {
      "mean": 2.161957877799379,
      "std": 3.3916275060790837,
      "min": -14.666297036133878,
      "max": 6.329638644868214,
      "median": 2.8618876948408616
    },
    "pesq": {
      "mean": 2.214505466222763,
      "std": 0.3000096451473722,
      "min": 1.4714434146881104,
      "max": 2.7549827098846436,
      "median": 2.225144863128662
    },
    "stoi": {
      "mean": 0.8766288543022221,
      "std": 0.03696478365404708,
      "min": 0.7648687493013742,
      "max": 0.9328813533732919,
      "median": 0.8855221651842609
    },
    "estoi": {
      "mean": 0.7396357036939522,
      "std": 0.06742374373215396,
      "min": 0.5759490621291037,
      "max": 0.8630882113367876,
      "median": 0.738013447546587
    }
  },
  "tokens_per_second": {
    "mean": 50.10499105312593,
    "std": 0.03576959811953638
  },
  "compression_ratio": {
    "mean": 319.32962795191656,
    "std": 0.22788997392399818
  }
}